{
  "name": "Absol",
  "nationalPokedexNumber": 359,
  "primaryType": "dark",
  "abilities": [
    "pressure",
    "superluck",
    "h:justified"
  ],
  "baseStats": {
    "hp": 65,
    "attack": 130,
    "defence": 60,
    "special_attack": 75,
    "special_defence": 60,
    "speed": 75
  },
  "catchRate": 30,
  "maleRatio": 0.5,
  "shoulderMountable": false,
  "forms": [
    {
      "name": "Mega",
      "primaryType": "dark",
      "abilities": [
        "magicbounce"
      ],
      "baseStats": {
        "hp": 65,
        "attack": 150,
        "defence": 60,
        "special_attack": 115,
        "special_defence": 60,
        "speed": 115
      },
      "catchRate": 30,
      "maleRatio": 0.5,
      "baseExperienceYield": 198,
      "baseFriendship": 35,
      "evYield": {
        "hp": 0,
        "attack": 2,
        "defence": 0,
        "special_attack": 0,
        "special_defence": 0,
        "speed": 0
      },
      "experienceGroup": "medium_slow",
      "eggCycles": 25,
      "eggGroups": [
        "field"
      ],
      "moves": [],
      "labels": [
        "gen6",
        "mega"
      ],
      "aspects": [
        "mega"
      ],
      "height": 12,
      "weight": 490,
      "evolutions": [],
      "cannotDynamax": false,
      "battleOnly": true
    }
  ],
  "baseExperienceYield": 163,
  "experienceGroup": "medium_slow",
  "eggCycles": 25,
  "eggGroups": [
    "field"
  ],
  "moves": [
    "1:feint",
    "1:scratch",
    "5:leer",
    "9:taunt",
    "10:knockoff",
    "13:quickattack",
    "17:razorwind",
    "20:pursuit",
    "21:bite",
    "26:swordsdance",
    "31:doubleteam",
    "35:focusenergy",
    "36:slash",
    "41:futuresight",
    "44:suckerpunch",
    "46:perishsong",
    "49:detect",
    "52:nightslash",
    "57:mefirst",
    "60:psychocut",
    "100:assurance",
    "100:batonpass",
    "100:bite",
    "100:curse",
    "100:doubleedge",
    "100:feint",
    "100:feintattack",
    "100:hex",
    "100:magiccoat",
    "100:meanlook",
    "100:mefirst",
    "100:megahorn",
    "100:perishsong",
    "100:playrough",
    "100:punishment",
    "100:substitute",
    "100:suckerpunch",
    "100:zenheadbutt",
    "100:aerialace",
    "100:airslash",
    "100:assurance",
    "100:attract",
    "100:batonpass",
    "100:blizzard",
    "100:bodyslam",
    "100:bounce",
    "100:brutalswing",
    "100:calmmind",
    "100:captivate",
    "100:chargebeam",
    "100:closecombat",
    "100:confide",
    "100:cut",
    "100:darkpulse",
    "100:doubleteam",
    "100:dreameater",
    "100:echoedvoice",
    "100:endure",
    "100:facade",
    "100:falseswipe",
    "100:fireblast",
    "100:flamethrower",
    "100:flash",
    "100:focusenergy",
    "100:foulplay",
    "100:frustration",
    "100:futuresight",
    "100:gigaimpact",
    "100:hail",
    "100:hex",
    "100:hiddenpower",
    "100:honeclaws",
    "100:hyperbeam",
    "100:icebeam",
    "100:icywind",
    "100:incinerate",
    "100:irontail",
    "100:megahorn",
    "100:naturalgift",
    "100:payback",
    "100:playrough",
    "100:protect",
    "100:psychocut",
    "100:psychup",
    "100:raindance",
    "100:rest",
    "100:retaliate",
    "100:return",
    "100:rockslide",
    "100:rocksmash",
    "100:rocktomb",
    "100:round",
    "100:sandstorm",
    "100:secretpower",
    "100:shadowball",
    "100:shadowclaw",
    "100:shockwave",
    "100:sleeptalk",
    "100:snarl",
    "100:snatch",
    "100:snore",
    "100:stoneedge",
    "100:strength",
    "100:substitute",
    "100:sunnyday",
    "100:superpower",
    "100:swagger",
    "100:swift",
    "100:swordsdance",
    "100:taunt",
    "100:thief",
    "100:throatchop",
    "100:thunder",
    "100:thunderbolt",
    "100:thunderwave",
    "100:torment",
    "100:toxic",
    "100:waterpulse",
    "100:willowisp",
    "100:xscissor",
    "100:zenheadbutt",
    "100:bite",
    "100:bodyslam",
    "100:bounce",
    "100:counter",
    "100:darkpulse",
    "100:doubleedge",
    "100:doubleteam",
    "100:dreameater",
    "100:endure",
    "100:feint",
    "100:foulplay",
    "100:furycutter",
    "100:futuresight",
    "100:headbutt",
    "100:icywind",
    "100:irontail",
    "100:knockoff",
    "100:laserfocus",
    "100:leer",
    "100:magiccoat",
    "100:megahorn",
    "100:mimic",
    "100:mudslap",
    "100:nightmare",
    "100:perishsong",
    "100:psychup",
    "100:razorwind",
    "100:rockslide",
    "100:roleplay",
    "100:scratch",
    "100:shockwave",
    "100:slash",
    "100:sleeptalk",
    "100:snatch",
    "100:snore",
    "100:spite",
    "100:substitute",
    "100:suckerpunch",
    "100:superpower",
    "100:swagger",
    "100:swift",
    "100:swordsdance",
    "100:throatchop",
    "100:thunderwave",
    "100:waterpulse",
    "100:wish",
    "100:zenheadbutt"
  ],
  "labels": [
    "gen3"
  ],
  "pokedex": [
    "cobblemon.species.absol.desc"
  ],
  "evolutions": [],
  "baseScale": 1,
  "hitbox": {
    "width": 1,
    "height": 1,
    "fixed": false
  },
  "baseFriendship": 35,
  "evYield": {
    "hp": 0,
    "attack": 2,
    "defence": 0,
    "special_attack": 0,
    "special_defence": 0,
    "speed": 0
  },
  "height": 12,
  "weight": 470,
  "aspects": [],
  "cannotDynamax": false
}