{
  "name": "Aggron",
  "nationalPokedexNumber": 306,
  "primaryType": "steel",
  "secondaryType": "rock",
  "abilities": [
    "sturdy",
    "rockhead",
    "h:heavymetal"
  ],
  "baseStats": {
    "hp": 70,
    "attack": 110,
    "defence": 180,
    "special_attack": 60,
    "special_defence": 60,
    "speed": 50
  },
  "catchRate": 45,
  "maleRatio": 0.5,
  "shoulderMountable": false,
  "forms": [
    {
      "name": "Mega",
      "primaryType": "steel",
      "abilities": [
        "filter"
      ],
      "baseStats": {
        "hp": 70,
        "attack": 140,
        "defence": 230,
        "special_attack": 60,
        "special_defence": 80,
        "speed": 50
      },
      "catchRate": 45,
      "maleRatio": 0.5,
      "baseExperienceYield": 284,
      "baseFriendship": 35,
      "evYield": {
        "hp": 0,
        "attack": 0,
        "defence": 3,
        "special_attack": 0,
        "special_defence": 0,
        "speed": 0
      },
      "experienceGroup": "slow",
      "eggCycles": 35,
      "eggGroups": [
        "monster"
      ],
      "moves": [],
      "labels": [
        "gen6",
        "mega"
      ],
      "aspects": [
        "mega"
      ],
      "height": 22,
      "weight": 3950,
      "evolutions": [],
      "cannotDynamax": false,
      "battleOnly": true
    }
  ],
  "baseExperienceYield": 265,
  "experienceGroup": "slow",
  "eggCycles": 35,
  "eggGroups": [
    "monster"
  ],
  "moves": [
    "1:harden",
    "1:headbutt",
    "1:mudslap",
    "1:tackle",
    "13:metalclaw",
    "13:rocktomb",
    "17:irondefense",
    "21:roar",
    "25:rockslide",
    "25:takedown",
    "29:ironhead",
    "29:irontail",
    "37:protect",
    "50:metalsound",
    "57:autotomize",
    "63:doubleedge",
    "65:heavyslam",
    "65:metalburst",
    "100:aerialace",
    "100:attract",
    "100:avalanche",
    "100:blizzard",
    "100:bodypress",
    "100:bodyslam",
    "100:brickbreak",
    "100:brutalswing",
    "100:bulldoze",
    "100:captivate",
    "100:confide",
    "100:crunch",
    "100:cut",
    "100:darkpulse",
    "100:dig",
    "100:doubleteam",
    "100:dragonclaw",
    "100:dragonpulse",
    "100:dragontail",
    "100:earthpower",
    "100:earthquake",
    "100:endure",
    "100:facade",
    "100:fireblast",
    "100:firepunch",
    "100:flamethrower",
    "100:flashcannon",
    "100:fling",
    "100:focusblast",
    "100:focuspunch",
    "100:frustration",
    "100:gigaimpact",
    "100:heavyslam",
    "100:hiddenpower",
    "100:highhorsepower",
    "100:honeclaws",
    "100:hydropump",
    "100:hyperbeam",
    "100:icebeam",
    "100:icepunch",
    "100:icywind",
    "100:incinerate",
    "100:irondefense",
    "100:ironhead",
    "100:irontail",
    "100:lowkick",
    "100:megakick",
    "100:megapunch",
    "100:naturalgift",
    "100:outrage",
    "100:payback",
    "100:poweruppunch",
    "100:protect",
    "100:raindance",
    "100:rest",
    "100:return",
    "100:reversal",
    "100:roar",
    "100:rockblast",
    "100:rockclimb",
    "100:rockpolish",
    "100:rockslide",
    "100:rocksmash",
    "100:rocktomb",
    "100:round",
    "100:sandstorm",
    "100:sandtomb",
    "100:scaryface",
    "100:screech",
    "100:secretpower",
    "100:shadowclaw",
    "100:shockwave",
    "100:sleeptalk",
    "100:smackdown",
    "100:smartstrike",
    "100:snore",
    "100:solarbeam",
    "100:stealthrock",
    "100:stompingtantrum",
    "100:stoneedge",
    "100:strength",
    "100:substitute",
    "100:sunnyday",
    "100:superpower",
    "100:surf",
    "100:swagger",
    "100:taunt",
    "100:thunder",
    "100:thunderbolt",
    "100:thunderpunch",
    "100:thunderwave",
    "100:toxic",
    "100:uproar",
    "100:waterpulse",
    "100:whirlpool",
    "100:ancientpower",
    "100:aquatail",
    "100:block",
    "100:bodyslam",
    "100:counter",
    "100:darkpulse",
    "100:defensecurl",
    "100:doubleedge",
    "100:dragonpulse",
    "100:dynamicpunch",
    "100:earthpower",
    "100:earthquake",
    "100:endeavor",
    "100:endure",
    "100:firepunch",
    "100:focuspunch",
    "100:furycutter",
    "100:headbutt",
    "100:headsmash",
    "100:icepunch",
    "100:icywind",
    "100:irondefense",
    "100:ironhead",
    "100:irontail",
    "100:lowkick",
    "100:magnetrise",
    "100:megakick",
    "100:megapunch",
    "100:metalsound",
    "100:meteorbeam",
    "100:mimic",
    "100:mudslap",
    "100:outrage",
    "100:protect",
    "100:rockslide",
    "100:rollout",
    "100:seismictoss",
    "100:shockwave",
    "100:sleeptalk",
    "100:snore",
    "100:spite",
    "100:stealthrock",
    "100:steelbeam",
    "100:steelroller",
    "100:stompingtantrum",
    "100:substitute",
    "100:superpower",
    "100:swagger",
    "100:takedown",
    "100:thunderpunch",
    "100:thunderwave",
    "100:uproar",
    "100:waterpulse"
  ],
  "labels": [
    "gen3"
  ],
  "pokedex": [
    "cobblemon.species.aggron.desc"
  ],
  "preEvolution": "lairon",
  "evolutions": [],
  "baseScale": 1,
  "hitbox": {
    "width": 1,
    "height": 1,
    "fixed": false
  },
  "baseFriendship": 35,
  "evYield": {
    "hp": 0,
    "attack": 0,
    "defence": 3,
    "special_attack": 0,
    "special_defence": 0,
    "speed": 0
  },
  "height": 21,
  "weight": 3600,
  "aspects": [],
  "cannotDynamax": false
}