{
  "implemented": true,
  "name": "Carvanha",
  "nationalPokedexNumber": 318,
  "primaryType": "water",
  "secondaryType": "dark",
  "abilities": [
    "roughskin",
    "h:speedboost"
  ],
  "baseStats": {
    "hp": 45,
    "attack": 90,
    "defence": 20,
    "special_attack": 65,
    "special_defence": 20,
    "speed": 65
  },
  "catchRate": 225,
  "maleRatio": 0.5,
  "shoulderMountable": false,
  "baseExperienceYield": 61,
  "experienceGroup": "slow",
  "eggCycles": 20,
  "eggGroups": [
    "water_2"
  ],
  "behaviour": {
    "moving": {
      "canLook": false,
      "walk": {
        "avoidsLand": true
      },
      "swim": {
        "swimSpeed": 0.2,
        "canSwimInWater": true,
        "canBreatheUnderwater": true
      }
    }
  },
  "drops": {
    "amount": "1",
    "entries": [
      {
        "item": "cobblemon:deep_sea_tooth",
        "percentage": 2.5
      }
    ]
  },
  "moves": [
    "1:bite",
    "1:leer",
    "7:rage",
    "13:focusenergy",
    "16:icefang",
    "16:scaryface",
    "22:crunch",
    "26:assurance",
    "28:screech",
    "31:aquajet",
    "31:takedown",
    "32:poisonfang",
    "37:swagger",
    "40:liquidation",
    "43:agility",
    "100:ancientpower",
    "100:brine",
    "100:destinybond",
    "100:doubleedge",
    "100:hydropump",
    "100:psychicfangs",
    "100:swift",
    "100:thrash",
    "100:waterpulse",
    "100:agility",
    "100:assurance",
    "100:attract",
    "100:blizzard",
    "100:bounce",
    "100:brine",
    "100:captivate",
    "100:confide",
    "100:crunch",
    "100:darkpulse",
    "100:dive",
    "100:doubleteam",
    "100:endure",
    "100:facade",
    "100:focusenergy",
    "100:frustration",
    "100:hail",
    "100:hiddenpower",
    "100:hydropump",
    "100:icebeam",
    "100:icefang",
    "100:icywind",
    "100:liquidation",
    "100:naturalgift",
    "100:payback",
    "100:protect",
    "100:psychicfangs",
    "100:raindance",
    "100:rest",
    "100:retaliate",
    "100:return",
    "100:round",
    "100:scald",
    "100:scaryface",
    "100:screech",
    "100:secretpower",
    "100:sleeptalk",
    "100:snarl",
    "100:snore",
    "100:substitute",
    "100:surf",
    "100:swagger",
    "100:swift",
    "100:taunt",
    "100:thief",
    "100:torment",
    "100:toxic",
    "100:uproar",
    "100:waterfall",
    "100:waterpulse",
    "100:whirlpool",
    "100:zenheadbutt",
    "100:ancientpower",
    "100:bite",
    "100:bounce",
    "100:darkpulse",
    "100:dive",
    "100:doubleedge",
    "100:endure",
    "100:flipturn",
    "100:furycutter",
    "100:hydropump",
    "100:icywind",
    "100:leer",
    "100:mimic",
    "100:mudslap",
    "100:refresh",
    "100:scaleshot",
    "100:scaryface",
    "100:sleeptalk",
    "100:snore",
    "100:spite",
    "100:substitute",
    "100:superfang",
    "100:swagger",
    "100:swift",
    "100:thrash",
    "100:uproar",
    "100:waterpulse",
    "100:zenheadbutt"
  ],
  "labels": [
    "gen3"
  ],
  "pokedex": [
    "cobblemon.species.carvanha.desc"
  ],
  "evolutions": [
    {
      "id": "carvanha_sharpedo",
      "variant": "level_up",
      "result": "sharpedo",
      "consumeHeldItem": false,
      "learnableMoves": [
        "slash"
      ],
      "requirements": [
        {
          "variant": "level",
          "minLevel": 30
        }
      ]
    }
  ],
  "baseScale": 0.7,
  "hitbox": {
    "width": 0.7,
    "height": 1.1,
    "fixed": false
  },
  "baseFriendship": 35,
  "evYield": {
    "hp": 0,
    "attack": 1,
    "defence": 0,
    "special_attack": 0,
    "special_defence": 0,
    "speed": 0
  },
  "height": 8,
  "weight": 208,
  "aspects": [],
  "cannotDynamax": false
}