{
  "name": "Castform",
  "nationalPokedexNumber": 351,
  "primaryType": "normal",
  "abilities": [
    "forecast"
  ],
  "baseStats": {
    "hp": 70,
    "attack": 70,
    "defence": 70,
    "special_attack": 70,
    "special_defence": 70,
    "speed": 70
  },
  "catchRate": 45,
  "maleRatio": 0.5,
  "shoulderMountable": false,
  "forms": [
    {
      "name": "Sunny",
      "primaryType": "fire",
      "abilities": [
        "forecast"
      ],
      "baseStats": {
        "hp": 70,
        "attack": 70,
        "defence": 70,
        "special_attack": 70,
        "special_defence": 70,
        "speed": 70
      },
      "catchRate": 45,
      "maleRatio": 0.5,
      "baseExperienceYield": 147,
      "baseFriendship": 70,
      "evYield": {
        "hp": 1,
        "attack": 0,
        "defence": 0,
        "special_attack": 0,
        "special_defence": 0,
        "speed": 0
      },
      "experienceGroup": "medium_fast",
      "eggCycles": 25,
      "eggGroups": [
        "fairy",
        "amorphous"
      ],
      "moves": [],
      "labels": [
        "gen3"
      ],
      "aspects": [
        "sunny"
      ],
      "height": 3,
      "weight": 8,
      "evolutions": [],
      "cannotDynamax": false,
      "battleOnly": true
    },
    {
      "name": "Rainy",
      "primaryType": "water",
      "abilities": [
        "forecast"
      ],
      "baseStats": {
        "hp": 70,
        "attack": 70,
        "defence": 70,
        "special_attack": 70,
        "special_defence": 70,
        "speed": 70
      },
      "catchRate": 45,
      "maleRatio": 0.5,
      "baseExperienceYield": 147,
      "baseFriendship": 70,
      "evYield": {
        "hp": 1,
        "attack": 0,
        "defence": 0,
        "special_attack": 0,
        "special_defence": 0,
        "speed": 0
      },
      "experienceGroup": "medium_fast",
      "eggCycles": 25,
      "eggGroups": [
        "fairy",
        "amorphous"
      ],
      "moves": [],
      "labels": [
        "gen3"
      ],
      "aspects": [
        "rainy"
      ],
      "height": 3,
      "weight": 8,
      "evolutions": [],
      "cannotDynamax": false,
      "battleOnly": true
    },
    {
      "name": "Snowy",
      "primaryType": "ice",
      "abilities": [
        "forecast"
      ],
      "baseStats": {
        "hp": 70,
        "attack": 70,
        "defence": 70,
        "special_attack": 70,
        "special_defence": 70,
        "speed": 70
      },
      "catchRate": 45,
      "maleRatio": 0.5,
      "baseExperienceYield": 147,
      "baseFriendship": 70,
      "evYield": {
        "hp": 1,
        "attack": 0,
        "defence": 0,
        "special_attack": 0,
        "special_defence": 0,
        "speed": 0
      },
      "experienceGroup": "medium_fast",
      "eggCycles": 25,
      "eggGroups": [
        "fairy",
        "amorphous"
      ],
      "moves": [],
      "labels": [
        "gen3"
      ],
      "aspects": [
        "snowy"
      ],
      "height": 3,
      "weight": 8,
      "evolutions": [],
      "cannotDynamax": false,
      "battleOnly": true
    }
  ],
  "baseExperienceYield": 147,
  "experienceGroup": "medium_fast",
  "eggCycles": 25,
  "eggGroups": [
    "fairy",
    "amorphous"
  ],
  "moves": [
    "1:tackle",
    "10:ember",
    "10:powdersnow",
    "10:watergun",
    "20:hail",
    "20:headbutt",
    "20:raindance",
    "20:sunnyday",
    "30:weatherball",
    "45:hurricane",
    "50:blizzard",
    "50:fireblast",
    "50:hydropump",
    "100:amnesia",
    "100:clearsmog",
    "100:cosmicpower",
    "100:disable",
    "100:futuresight",
    "100:guardswap",
    "100:hex",
    "100:luckychant",
    "100:ominouswind",
    "100:psychup",
    "100:reflecttype",
    "100:attract",
    "100:avalanche",
    "100:blizzard",
    "100:captivate",
    "100:confide",
    "100:doubleteam",
    "100:endure",
    "100:energyball",
    "100:facade",
    "100:fireblast",
    "100:flamethrower",
    "100:flash",
    "100:frustration",
    "100:hail",
    "100:hiddenpower",
    "100:icebeam",
    "100:incinerate",
    "100:naturalgift",
    "100:protect",
    "100:psychup",
    "100:raindance",
    "100:rest",
    "100:retaliate",
    "100:return",
    "100:round",
    "100:sandstorm",
    "100:scald",
    "100:secretpower",
    "100:shadowball",
    "100:shockwave",
    "100:sleeptalk",
    "100:solarbeam",
    "100:substitute",
    "100:sunnyday",
    "100:swagger",
    "100:thief",
    "100:thunder",
    "100:thunderbolt",
    "100:thunderwave",
    "100:toxic",
    "100:waterpulse",
    "100:workup",
    "100:bodyslam",
    "100:defensecurl",
    "100:defog",
    "100:doubleedge",
    "100:ember",
    "100:endure",
    "100:icywind",
    "100:lastresort",
    "100:mimic",
    "100:ominouswind",
    "100:psychup",
    "100:shockwave",
    "100:sleeptalk",
    "100:snore",
    "100:substitute",
    "100:swagger",
    "100:swift",
    "100:tailwind",
    "100:thunderwave",
    "100:waterpulse"
  ],
  "labels": [
    "gen3"
  ],
  "pokedex": [
    "cobblemon.species.castform.desc"
  ],
  "evolutions": [],
  "baseScale": 1,
  "hitbox": {
    "width": 1,
    "height": 1,
    "fixed": false
  },
  "baseFriendship": 70,
  "evYield": {
    "hp": 1,
    "attack": 0,
    "defence": 0,
    "special_attack": 0,
    "special_defence": 0,
    "speed": 0
  },
  "height": 3,
  "weight": 8,
  "aspects": [],
  "cannotDynamax": false
}