{
  "implemented": true,
  "name": "Claydol",
  "nationalPokedexNumber": 344,
  "primaryType": "ground",
  "secondaryType": "psychic",
  "abilities": [
    "levitate"
  ],
  "baseStats": {
    "hp": 60,
    "attack": 70,
    "defence": 105,
    "special_attack": 70,
    "special_defence": 120,
    "speed": 75
  },
  "behaviour": {
    "resting": {
      "canSleep": true,
      "willSleepOnBed": false,
      "depth": "normal",
      "light": "0-4"
    }
  },
  "catchRate": 90,
  "maleRatio": -1,
  "shoulderMountable": false,
  "baseExperienceYield": 175,
  "experienceGroup": "medium_fast",
  "eggCycles": 20,
  "eggGroups": [
    "mineral"
  ],
  "drops": {
    "amount": "2",
    "entries": [
      {
        "item": "minecraft:clay_ball",
        "quantityRange": "1-2",
        "percentage": 66
      },
      {
        "item": "cobblemon:light_clay",
        "percentage": 5
      }
    ]
  },
  "moves": [
    "1:confusion",
    "1:harden",
    "1:rapidspin",
    "1:teleport",
    "7:mudslap",
    "11:psybeam",
    "15:rocktomb",
    "19:selfdestruct",
    "25:ancientpower",
    "31:powertrick",
    "31:sandstorm",
    "36:hyperbeam",
    "39:extrasensory",
    "42:cosmicpower",
    "52:imprison",
    "54:guardsplit",
    "54:powersplit",
    "55:explosion",
    "62:earthpower",
    "73:healblock",
    "100:allyswitch",
    "100:bodypress",
    "100:bulldoze",
    "100:calmmind",
    "100:chargebeam",
    "100:confide",
    "100:cosmicpower",
    "100:dazzlinggleam",
    "100:dig",
    "100:doubleteam",
    "100:dreameater",
    "100:drillrun",
    "100:earthpower",
    "100:earthquake",
    "100:eerieimpulse",
    "100:endure",
    "100:explosion",
    "100:facade",
    "100:flash",
    "100:frustration",
    "100:futuresight",
    "100:gigaimpact",
    "100:grassknot",
    "100:guardswap",
    "100:gyroball",
    "100:hex",
    "100:hiddenpower",
    "100:hyperbeam",
    "100:icebeam",
    "100:imprison",
    "100:irondefense",
    "100:lightscreen",
    "100:nastyplot",
    "100:naturalgift",
    "100:powerswap",
    "100:protect",
    "100:psychic",
    "100:psychicterrain",
    "100:psychup",
    "100:psyshock",
    "100:raindance",
    "100:recycle",
    "100:reflect",
    "100:rest",
    "100:return",
    "100:rockpolish",
    "100:rockslide",
    "100:rocksmash",
    "100:rocktomb",
    "100:round",
    "100:safeguard",
    "100:sandstorm",
    "100:sandtomb",
    "100:secretpower",
    "100:selfdestruct",
    "100:shadowball",
    "100:skillswap",
    "100:sleeptalk",
    "100:smackdown",
    "100:snore",
    "100:solarbeam",
    "100:stealthrock",
    "100:stoneedge",
    "100:storedpower",
    "100:strength",
    "100:substitute",
    "100:sunnyday",
    "100:swagger",
    "100:telekinesis",
    "100:toxic",
    "100:trick",
    "100:trickroom",
    "100:wonderroom",
    "100:zenheadbutt",
    "100:allyswitch",
    "100:ancientpower",
    "100:doubleedge",
    "100:dreameater",
    "100:drillrun",
    "100:earthpower",
    "100:endure",
    "100:expandingforce",
    "100:explosion",
    "100:gravity",
    "100:headbutt",
    "100:magiccoat",
    "100:mimic",
    "100:mudslap",
    "100:psychup",
    "100:recycle",
    "100:rockslide",
    "100:scorchingsands",
    "100:selfdestruct",
    "100:signalbeam",
    "100:skillswap",
    "100:sleeptalk",
    "100:snore",
    "100:stealthrock",
    "100:substitute",
    "100:swagger",
    "100:telekinesis",
    "100:trick",
    "100:wonderroom",
    "100:zenheadbutt"
  ],
  "labels": [
    "gen3"
  ],
  "pokedex": [
    "cobblemon.species.claydol.desc"
  ],
  "preEvolution": "baltoy",
  "evolutions": [],
  "baseScale": 1,
  "hitbox": {
    "width": 1,
    "height": 1,
    "fixed": false
  },
  "baseFriendship": 50,
  "evYield": {
    "hp": 0,
    "attack": 0,
    "defence": 0,
    "special_attack": 0,
    "special_defence": 2,
    "speed": 0
  },
  "height": 15,
  "weight": 1080,
  "aspects": [],
  "cannotDynamax": false
}