{
  "name": "Cradily",
  "nationalPokedexNumber": 346,
  "primaryType": "rock",
  "secondaryType": "grass",
  "abilities": [
    "suctioncups",
    "h:stormdrain"
  ],
  "baseStats": {
    "hp": 86,
    "attack": 81,
    "defence": 97,
    "special_attack": 81,
    "special_defence": 107,
    "speed": 43
  },
  "catchRate": 45,
  "maleRatio": 0.875,
  "shoulderMountable": false,
  "baseExperienceYield": 173,
  "experienceGroup": "erratic",
  "eggCycles": 30,
  "eggGroups": [
    "water_3"
  ],
  "moves": [
    "1:acid",
    "1:astonish",
    "1:constrict",
    "1:ingrain",
    "1:leechseed",
    "1:wrap",
    "20:megadrain",
    "21:brine",
    "26:gigadrain",
    "29:confuseray",
    "36:amnesia",
    "46:gastroacid",
    "48:ancientpower",
    "56:energyball",
    "60:spitup",
    "60:stockpile",
    "60:swallow",
    "76:wringout",
    "100:amnesia",
    "100:attract",
    "100:bodyslam",
    "100:brine",
    "100:bulldoze",
    "100:bulletseed",
    "100:captivate",
    "100:confide",
    "100:dig",
    "100:doubleteam",
    "100:earthpower",
    "100:earthquake",
    "100:endure",
    "100:energyball",
    "100:facade",
    "100:flash",
    "100:frustration",
    "100:gigadrain",
    "100:gigaimpact",
    "100:grassknot",
    "100:grassyterrain",
    "100:hiddenpower",
    "100:hyperbeam",
    "100:infestation",
    "100:mudshot",
    "100:naturalgift",
    "100:powerwhip",
    "100:protect",
    "100:rest",
    "100:return",
    "100:rockblast",
    "100:rockpolish",
    "100:rockslide",
    "100:rocksmash",
    "100:rocktomb",
    "100:round",
    "100:sandstorm",
    "100:secretpower",
    "100:seedbomb",
    "100:sleeptalk",
    "100:sludgebomb",
    "100:sludgewave",
    "100:smackdown",
    "100:snore",
    "100:solarbeam",
    "100:stealthrock",
    "100:stoneedge",
    "100:strength",
    "100:substitute",
    "100:sunnyday",
    "100:swagger",
    "100:swordsdance",
    "100:toxic",
    "100:ancientpower",
    "100:bind",
    "100:block",
    "100:bodyslam",
    "100:doubleedge",
    "100:earthpower",
    "100:endure",
    "100:gastroacid",
    "100:gigadrain",
    "100:headbutt",
    "100:meteorbeam",
    "100:mimic",
    "100:mudslap",
    "100:painsplit",
    "100:psychup",
    "100:rockslide",
    "100:seedbomb",
    "100:sleeptalk",
    "100:snore",
    "100:stealthrock",
    "100:stringshot",
    "100:substitute",
    "100:swagger",
    "100:synthesis",
    "100:worryseed"
  ],
  "labels": [
    "gen3"
  ],
  "pokedex": [
    "cobblemon.species.cradily.desc"
  ],
  "preEvolution": "lileep",
  "evolutions": [],
  "baseScale": 1,
  "hitbox": {
    "width": 1,
    "height": 1,
    "fixed": false
  },
  "baseFriendship": 50,
  "evYield": {
    "hp": 0,
    "attack": 0,
    "defence": 0,
    "special_attack": 0,
    "special_defence": 2,
    "speed": 0
  },
  "height": 15,
  "weight": 604,
  "aspects": [],
  "cannotDynamax": false
}