{
  "name": "Delcatty",
  "nationalPokedexNumber": 301,
  "primaryType": "normal",
  "abilities": [
    "cutecharm",
    "normalize",
    "h:wonderskin"
  ],
  "baseStats": {
    "hp": 70,
    "attack": 65,
    "defence": 65,
    "special_attack": 55,
    "special_defence": 55,
    "speed": 90
  },
  "catchRate": 60,
  "maleRatio": 0.25,
  "shoulderMountable": false,
  "baseExperienceYield": 140,
  "experienceGroup": "fast",
  "eggCycles": 15,
  "eggGroups": [
    "field",
    "fairy"
  ],
  "moves": [
    "1:attract",
    "1:doubleslap",
    "1:fakeout",
    "1:growl",
    "1:sing",
    "100:attract",
    "100:blizzard",
    "100:calmmind",
    "100:captivate",
    "100:chargebeam",
    "100:confide",
    "100:dig",
    "100:doubleteam",
    "100:dreameater",
    "100:echoedvoice",
    "100:endure",
    "100:facade",
    "100:flash",
    "100:frustration",
    "100:gigaimpact",
    "100:grassknot",
    "100:hiddenpower",
    "100:hyperbeam",
    "100:icebeam",
    "100:irontail",
    "100:naturalgift",
    "100:payback",
    "100:protect",
    "100:psychup",
    "100:raindance",
    "100:rest",
    "100:retaliate",
    "100:return",
    "100:rocksmash",
    "100:round",
    "100:safeguard",
    "100:secretpower",
    "100:shadowball",
    "100:shockwave",
    "100:sleeptalk",
    "100:solarbeam",
    "100:strength",
    "100:substitute",
    "100:sunnyday",
    "100:swagger",
    "100:thunder",
    "100:thunderbolt",
    "100:thunderwave",
    "100:toxic",
    "100:waterpulse",
    "100:wildcharge",
    "100:workup",
    "100:attract",
    "100:bodyslam",
    "100:covet",
    "100:defensecurl",
    "100:doubleedge",
    "100:dreameater",
    "100:endure",
    "100:headbutt",
    "100:healbell",
    "100:helpinghand",
    "100:hypervoice",
    "100:icywind",
    "100:irontail",
    "100:laserfocus",
    "100:lastresort",
    "100:mimic",
    "100:mudslap",
    "100:psychup",
    "100:rollout",
    "100:secretpower",
    "100:shockwave",
    "100:sleeptalk",
    "100:snore",
    "100:stompingtantrum",
    "100:substitute",
    "100:suckerpunch",
    "100:swagger",
    "100:sweetkiss",
    "100:swift",
    "100:thunderwave",
    "100:uproar",
    "100:waterpulse",
    "100:zenheadbutt"
  ],
  "labels": [
    "gen3"
  ],
  "pokedex": [
    "cobblemon.species.delcatty.desc"
  ],
  "preEvolution": "skitty",
  "evolutions": [],
  "baseScale": 1,
  "hitbox": {
    "width": 1,
    "height": 1,
    "fixed": false
  },
  "baseFriendship": 70,
  "evYield": {
    "hp": 1,
    "attack": 0,
    "defence": 0,
    "special_attack": 0,
    "special_defence": 0,
    "speed": 1
  },
  "height": 11,
  "weight": 326,
  "aspects": [],
  "cannotDynamax": false
}