{
  "name": "Duskull",
  "nationalPokedexNumber": 355,
  "primaryType": "ghost",
  "abilities": [
    "levitate",
    "h:frisk"
  ],
  "baseStats": {
    "hp": 20,
    "attack": 40,
    "defence": 90,
    "special_attack": 30,
    "special_defence": 90,
    "speed": 25
  },
  "catchRate": 190,
  "maleRatio": 0.5,
  "shoulderMountable": false,
  "baseExperienceYield": 59,
  "experienceGroup": "fast",
  "eggCycles": 25,
  "eggGroups": [
    "amorphous"
  ],
  "moves": [
    "1:leer",
    "1:nightshade",
    "5:disable",
    "12:foresight",
    "16:astonish",
    "22:shadowsneak",
    "23:confuseray",
    "27:pursuit",
    "34:curse",
    "38:hex",
    "38:willowisp",
    "41:payback",
    "41:shadowball",
    "45:meanlook",
    "49:futuresight",
    "100:darkpulse",
    "100:destinybond",
    "100:feintattack",
    "100:grudge",
    "100:haze",
    "100:imprison",
    "100:memento",
    "100:ominouswind",
    "100:painsplit",
    "100:skillswap",
    "100:allyswitch",
    "100:attract",
    "100:blizzard",
    "100:bodyslam",
    "100:calmmind",
    "100:captivate",
    "100:chargebeam",
    "100:confide",
    "100:darkpulse",
    "100:doubleteam",
    "100:dreameater",
    "100:embargo",
    "100:endure",
    "100:facade",
    "100:flash",
    "100:fling",
    "100:frustration",
    "100:futuresight",
    "100:helpinghand",
    "100:hex",
    "100:hiddenpower",
    "100:icebeam",
    "100:icywind",
    "100:imprison",
    "100:infestation",
    "100:naturalgift",
    "100:payback",
    "100:protect",
    "100:psychic",
    "100:psychup",
    "100:raindance",
    "100:rest",
    "100:return",
    "100:revenge",
    "100:round",
    "100:secretpower",
    "100:shadowball",
    "100:skillswap",
    "100:sleeptalk",
    "100:snatch",
    "100:snore",
    "100:substitute",
    "100:sunnyday",
    "100:swagger",
    "100:taunt",
    "100:telekinesis",
    "100:thief",
    "100:torment",
    "100:toxic",
    "100:trick",
    "100:trickroom",
    "100:willowisp",
    "100:wonderroom",
    "100:allyswitch",
    "100:astonish",
    "100:bodyslam",
    "100:confuseray",
    "100:curse",
    "100:darkpulse",
    "100:disable",
    "100:doubleedge",
    "100:dreameater",
    "100:endure",
    "100:gravity",
    "100:headbutt",
    "100:helpinghand",
    "100:icywind",
    "100:meanlook",
    "100:mimic",
    "100:nightmare",
    "100:ominouswind",
    "100:painsplit",
    "100:poltergeist",
    "100:psychup",
    "100:pursuit",
    "100:shadowball",
    "100:skillswap",
    "100:skittersmack",
    "100:sleeptalk",
    "100:snatch",
    "100:snore",
    "100:spite",
    "100:substitute",
    "100:suckerpunch",
    "100:swagger",
    "100:telekinesis",
    "100:trick",
    "100:willowisp",
    "100:wonderroom"
  ],
  "labels": [
    "gen3"
  ],
  "pokedex": [
    "cobblemon.species.duskull.desc"
  ],
  "evolutions": [
    {
      "id": "duskull_dusclops",
      "variant": "level_up",
      "result": "dusclops",
      "consumeHeldItem": false,
      "learnableMoves": [
        "shadowpunch"
      ],
      "requirements": [
        {
          "variant": "level",
          "minLevel": 37
        }
      ]
    }
  ],
  "baseScale": 1,
  "hitbox": {
    "width": 1,
    "height": 1,
    "fixed": false
  },
  "baseFriendship": 35,
  "evYield": {
    "hp": 0,
    "attack": 0,
    "defence": 0,
    "special_attack": 0,
    "special_defence": 1,
    "speed": 0
  },
  "height": 8,
  "weight": 150,
  "aspects": [],
  "cannotDynamax": false
}