{
  "name": "Electrike",
  "nationalPokedexNumber": 309,
  "primaryType": "electric",
  "abilities": [
    "static",
    "lightningrod",
    "h:minus"
  ],
  "baseStats": {
    "hp": 40,
    "attack": 45,
    "defence": 40,
    "special_attack": 65,
    "special_defence": 40,
    "speed": 65
  },
  "catchRate": 120,
  "maleRatio": 0.5,
  "shoulderMountable": false,
  "baseExperienceYield": 59,
  "experienceGroup": "slow",
  "eggCycles": 20,
  "eggGroups": [
    "field"
  ],
  "moves": [
    "1:tackle",
    "4:thunderwave",
    "9:leer",
    "12:howl",
    "16:shockwave",
    "17:quickattack",
    "20:spark",
    "25:odorsleuth",
    "28:roar",
    "33:bite",
    "33:thunderfang",
    "36:thunder",
    "41:charge",
    "41:discharge",
    "49:wildcharge",
    "100:crunch",
    "100:curse",
    "100:discharge",
    "100:eerieimpulse",
    "100:electroball",
    "100:firefang",
    "100:flameburst",
    "100:headbutt",
    "100:icefang",
    "100:shockwave",
    "100:spark",
    "100:swift",
    "100:switcheroo",
    "100:thunderfang",
    "100:uproar",
    "100:agility",
    "100:attract",
    "100:bodyslam",
    "100:captivate",
    "100:chargebeam",
    "100:confide",
    "100:crunch",
    "100:doubleteam",
    "100:eerieimpulse",
    "100:electroball",
    "100:endure",
    "100:facade",
    "100:firefang",
    "100:flamethrower",
    "100:flash",
    "100:frustration",
    "100:hiddenpower",
    "100:icefang",
    "100:irontail",
    "100:lightscreen",
    "100:naturalgift",
    "100:protect",
    "100:psychicfangs",
    "100:raindance",
    "100:rest",
    "100:return",
    "100:roar",
    "100:round",
    "100:secretpower",
    "100:shockwave",
    "100:sleeptalk",
    "100:snarl",
    "100:snore",
    "100:strength",
    "100:substitute",
    "100:swagger",
    "100:swift",
    "100:thief",
    "100:thunder",
    "100:thunderbolt",
    "100:thunderfang",
    "100:thunderwave",
    "100:toxic",
    "100:uproar",
    "100:voltswitch",
    "100:wildcharge",
    "100:bodyslam",
    "100:doubleedge",
    "100:endure",
    "100:headbutt",
    "100:icefang",
    "100:irontail",
    "100:magnetrise",
    "100:mimic",
    "100:mudslap",
    "100:risingvoltage",
    "100:shockwave",
    "100:signalbeam",
    "100:sleeptalk",
    "100:snore",
    "100:substitute",
    "100:swagger",
    "100:swift",
    "100:thunderwave",
    "100:uproar"
  ],
  "labels": [
    "gen3"
  ],
  "pokedex": [
    "cobblemon.species.electrike.desc"
  ],
  "evolutions": [
    {
      "id": "electrike_manectric",
      "variant": "level_up",
      "result": "manectric",
      "consumeHeldItem": false,
      "learnableMoves": [],
      "requirements": [
        {
          "variant": "level",
          "minLevel": 26
        }
      ]
    }
  ],
  "baseScale": 1,
  "hitbox": {
    "width": 1,
    "height": 1,
    "fixed": false
  },
  "baseFriendship": 50,
  "evYield": {
    "hp": 0,
    "attack": 0,
    "defence": 0,
    "special_attack": 0,
    "special_defence": 0,
    "speed": 1
  },
  "height": 6,
  "weight": 152,
  "aspects": [],
  "cannotDynamax": false
}