{
  "name": "Flygon",
  "nationalPokedexNumber": 330,
  "primaryType": "ground",
  "secondaryType": "dragon",
  "abilities": [
    "levitate"
  ],
  "baseStats": {
    "hp": 80,
    "attack": 100,
    "defence": 80,
    "special_attack": 80,
    "special_defence": 80,
    "speed": 100
  },
  "catchRate": 45,
  "maleRatio": 0.5,
  "shoulderMountable": false,
  "baseExperienceYield": 260,
  "experienceGroup": "medium_slow",
  "eggCycles": 20,
  "eggGroups": [
    "bug",
    "dragon"
  ],
  "moves": [
    "1:astonish",
    "1:bite",
    "1:dig",
    "1:dragondance",
    "1:feint",
    "1:feintattack",
    "1:fissure",
    "1:laserfocus",
    "1:sandattack",
    "1:sandtomb",
    "1:sonicboom",
    "1:superpower",
    "13:mudslap",
    "17:bide",
    "21:bulldoze",
    "25:rockslide",
    "28:bugbuzz",
    "33:crunch",
    "33:earthquake",
    "33:supersonic",
    "35:dragonbreath",
    "39:earthpower",
    "40:uproar",
    "41:screech",
    "45:dragonclaw",
    "47:dragonrush",
    "53:sandstorm",
    "65:dragontail",
    "65:hyperbeam",
    "68:boomburst",
    "100:aerialace",
    "100:airslash",
    "100:attract",
    "100:bodyslam",
    "100:breakingswipe",
    "100:brutalswing",
    "100:bugbuzz",
    "100:bulldoze",
    "100:captivate",
    "100:confide",
    "100:crunch",
    "100:defog",
    "100:dig",
    "100:doubleteam",
    "100:dragonclaw",
    "100:dragondance",
    "100:dragonpulse",
    "100:dragontail",
    "100:earthpower",
    "100:earthquake",
    "100:endure",
    "100:facade",
    "100:fireblast",
    "100:firepunch",
    "100:firespin",
    "100:flamethrower",
    "100:fly",
    "100:focusenergy",
    "100:frustration",
    "100:gigadrain",
    "100:gigaimpact",
    "100:heatwave",
    "100:hiddenpower",
    "100:honeclaws",
    "100:hyperbeam",
    "100:incinerate",
    "100:irontail",
    "100:megakick",
    "100:megapunch",
    "100:mudshot",
    "100:naturalgift",
    "100:outrage",
    "100:poweruppunch",
    "100:protect",
    "100:rest",
    "100:return",
    "100:rockslide",
    "100:rocksmash",
    "100:rocktomb",
    "100:roost",
    "100:round",
    "100:sandstorm",
    "100:sandtomb",
    "100:screech",
    "100:secretpower",
    "100:silverwind",
    "100:sleeptalk",
    "100:snore",
    "100:solarbeam",
    "100:steelwing",
    "100:stoneedge",
    "100:strength",
    "100:strugglebug",
    "100:substitute",
    "100:sunnyday",
    "100:superpower",
    "100:swagger",
    "100:swift",
    "100:throatchop",
    "100:thunderpunch",
    "100:toxic",
    "100:uproar",
    "100:uturn",
    "100:aircutter",
    "100:bodyslam",
    "100:bugbite",
    "100:crunch",
    "100:defog",
    "100:doubleedge",
    "100:dracometeor",
    "100:dragonbreath",
    "100:dragonclaw",
    "100:dragonpulse",
    "100:dualwingbeat",
    "100:earthpower",
    "100:earthquake",
    "100:endure",
    "100:firepunch",
    "100:furycutter",
    "100:gigadrain",
    "100:headbutt",
    "100:heatwave",
    "100:irontail",
    "100:laserfocus",
    "100:mimic",
    "100:mudslap",
    "100:ominouswind",
    "100:outrage",
    "100:rockslide",
    "100:roost",
    "100:sandtomb",
    "100:scaleshot",
    "100:scorchingsands",
    "100:screech",
    "100:signalbeam",
    "100:sleeptalk",
    "100:snore",
    "100:substitute",
    "100:superpower",
    "100:swagger",
    "100:swift",
    "100:tailwind",
    "100:throatchop",
    "100:thunderpunch",
    "100:twister",
    "100:uproar",
    "100:uturn"
  ],
  "labels": [
    "gen3"
  ],
  "pokedex": [
    "cobblemon.species.flygon.desc"
  ],
  "preEvolution": "vibrava",
  "evolutions": [],
  "baseScale": 1,
  "hitbox": {
    "width": 1,
    "height": 1,
    "fixed": false
  },
  "baseFriendship": 50,
  "evYield": {
    "hp": 0,
    "attack": 1,
    "defence": 0,
    "special_attack": 0,
    "special_defence": 0,
    "speed": 2
  },
  "height": 20,
  "weight": 820,
  "aspects": [],
  "cannotDynamax": false
}