{
  "name": "Glalie",
  "nationalPokedexNumber": 362,
  "primaryType": "ice",
  "abilities": [
    "innerfocus",
    "icebody",
    "h:moody"
  ],
  "baseStats": {
    "hp": 80,
    "attack": 80,
    "defence": 80,
    "special_attack": 80,
    "special_defence": 80,
    "speed": 80
  },
  "catchRate": 75,
  "maleRatio": 0.5,
  "shoulderMountable": false,
  "forms": [
    {
      "name": "Mega",
      "primaryType": "ice",
      "abilities": [
        "refrigerate"
      ],
      "baseStats": {
        "hp": 80,
        "attack": 120,
        "defence": 80,
        "special_attack": 120,
        "special_defence": 80,
        "speed": 100
      },
      "catchRate": 75,
      "maleRatio": 0.5,
      "baseExperienceYield": 203,
      "baseFriendship": 50,
      "evYield": {
        "hp": 2,
        "attack": 0,
        "defence": 0,
        "special_attack": 0,
        "special_defence": 0,
        "speed": 0
      },
      "experienceGroup": "medium_fast",
      "eggCycles": 20,
      "eggGroups": [
        "fairy",
        "mineral"
      ],
      "moves": [],
      "labels": [
        "gen6",
        "mega"
      ],
      "aspects": [
        "mega"
      ],
      "height": 21,
      "weight": 3502,
      "evolutions": [],
      "cannotDynamax": false,
      "battleOnly": true
    }
  ],
  "baseExperienceYield": 168,
  "experienceGroup": "medium_fast",
  "eggCycles": 20,
  "eggGroups": [
    "fairy",
    "mineral"
  ],
  "moves": [
    "1:astonish",
    "1:bite",
    "1:doubleteam",
    "1:iceshard",
    "1:leer",
    "1:powdersnow",
    "16:icywind",
    "19:headbutt",
    "25:protect",
    "28:crunch",
    "28:icefang",
    "34:icebeam",
    "37:frostbreath",
    "42:freezedry",
    "42:hail",
    "47:snowscape",
    "53:blizzard",
    "54:weatherball",
    "61:sheercold",
    "100:attract",
    "100:avalanche",
    "100:blizzard",
    "100:bodyslam",
    "100:bulldoze",
    "100:captivate",
    "100:chillingwater",
    "100:confide",
    "100:crunch",
    "100:darkpulse",
    "100:doubleteam",
    "100:earthquake",
    "100:endure",
    "100:explosion",
    "100:facade",
    "100:faketears",
    "100:flash",
    "100:foulplay",
    "100:frostbreath",
    "100:frustration",
    "100:gigaimpact",
    "100:gyroball",
    "100:hail",
    "100:helpinghand",
    "100:hex",
    "100:hiddenpower",
    "100:hyperbeam",
    "100:icebeam",
    "100:icefang",
    "100:icespinner",
    "100:iciclespear",
    "100:icywind",
    "100:ironhead",
    "100:lightscreen",
    "100:naturalgift",
    "100:payback",
    "100:protect",
    "100:raindance",
    "100:rest",
    "100:return",
    "100:round",
    "100:safeguard",
    "100:scaryface",
    "100:secretpower",
    "100:selfdestruct",
    "100:shadowball",
    "100:sleeptalk",
    "100:snore",
    "100:snowscape",
    "100:spikes",
    "100:substitute",
    "100:swagger",
    "100:takedown",
    "100:taunt",
    "100:terablast",
    "100:torment",
    "100:toxic",
    "100:trailblaze",
    "100:waterpulse",
    "100:weatherball",
    "100:block",
    "100:bodyslam",
    "100:darkpulse",
    "100:defensecurl",
    "100:doubleedge",
    "100:endure",
    "100:explosion",
    "100:headbutt",
    "100:icywind",
    "100:ironhead",
    "100:laserfocus",
    "100:mimic",
    "100:rollout",
    "100:selfdestruct",
    "100:signalbeam",
    "100:sleeptalk",
    "100:snore",
    "100:spite",
    "100:steelroller",
    "100:substitute",
    "100:superfang",
    "100:swagger",
    "100:waterpulse"
  ],
  "labels": [
    "gen3"
  ],
  "pokedex": [
    "cobblemon.species.glalie.desc"
  ],
  "preEvolution": "snorunt",
  "evolutions": [],
  "baseScale": 1,
  "hitbox": {
    "width": 1,
    "height": 1,
    "fixed": false
  },
  "baseFriendship": 50,
  "evYield": {
    "hp": 2,
    "attack": 0,
    "defence": 0,
    "special_attack": 0,
    "special_defence": 0,
    "speed": 0
  },
  "height": 15,
  "weight": 2565,
  "aspects": [],
  "cannotDynamax": false
}