{
  "name": "Gorebyss",
  "nationalPokedexNumber": 368,
  "primaryType": "water",
  "abilities": [
    "swiftswim",
    "h:hydration"
  ],
  "baseStats": {
    "hp": 55,
    "attack": 84,
    "defence": 105,
    "special_attack": 114,
    "special_defence": 75,
    "speed": 52
  },
  "catchRate": 60,
  "maleRatio": 0.5,
  "shoulderMountable": false,
  "baseExperienceYield": 170,
  "experienceGroup": "erratic",
  "eggCycles": 20,
  "eggGroups": [
    "water_1"
  ],
  "moves": [
    "1:whirlpool",
    "5:watersport",
    "8:confusion",
    "11:drainingkiss",
    "15:agility",
    "22:waterpulse",
    "24:aquaring",
    "28:captivate",
    "29:amnesia",
    "36:psychic",
    "37:dive",
    "43:batonpass",
    "45:coil",
    "46:aquatail",
    "50:hydropump",
    "100:attract",
    "100:blizzard",
    "100:brine",
    "100:captivate",
    "100:confide",
    "100:dive",
    "100:doubleteam",
    "100:endure",
    "100:facade",
    "100:frustration",
    "100:gigaimpact",
    "100:hail",
    "100:hiddenpower",
    "100:hyperbeam",
    "100:icebeam",
    "100:infestation",
    "100:naturalgift",
    "100:protect",
    "100:psychic",
    "100:psychup",
    "100:raindance",
    "100:rest",
    "100:return",
    "100:round",
    "100:safeguard",
    "100:scald",
    "100:secretpower",
    "100:shadowball",
    "100:sleeptalk",
    "100:substitute",
    "100:surf",
    "100:swagger",
    "100:toxic",
    "100:waterfall",
    "100:waterpulse",
    "100:whirlpool",
    "100:aquatail",
    "100:bind",
    "100:bodyslam",
    "100:bounce",
    "100:dive",
    "100:doubleedge",
    "100:endure",
    "100:icywind",
    "100:mimic",
    "100:mudslap",
    "100:signalbeam",
    "100:sleeptalk",
    "100:snore",
    "100:substitute",
    "100:swagger",
    "100:swift",
    "100:waterpulse"
  ],
  "labels": [
    "gen3"
  ],
  "pokedex": [
    "cobblemon.species.gorebyss.desc"
  ],
  "preEvolution": "clamperl",
  "evolutions": [],
  "baseScale": 1,
  "hitbox": {
    "width": 1,
    "height": 1,
    "fixed": false
  },
  "baseFriendship": 70,
  "evYield": {
    "hp": 0,
    "attack": 0,
    "defence": 0,
    "special_attack": 2,
    "special_defence": 0,
    "speed": 0
  },
  "height": 18,
  "weight": 226,
  "aspects": [],
  "cannotDynamax": false
}