{
  "implemented": true,
  "name": "Grovyle",
  "nationalPokedexNumber": 253,
  "primaryType": "grass",
  "abilities": [
    "overgrow",
    "h:unburden"
  ],
  "baseStats": {
    "hp": 50,
    "attack": 65,
    "defence": 45,
    "special_attack": 85,
    "special_defence": 65,
    "speed": 95
  },
  "behaviour": {
    "resting": {
      "canSleep": true,
      "willSleepOnBed": false,
      "depth": "normal",
      "light": "0-4"
    }
  },
  "catchRate": 45,
  "maleRatio": 0.875,
  "shoulderMountable": false,
  "baseExperienceYield": 142,
  "experienceGroup": "medium_slow",
  "eggCycles": 20,
  "eggGroups": [
    "monster",
    "dragon"
  ],
  "drops": {
    "amount": "2",
    "entries": [
      {
        "item": "minecraft:stick",
        "quantityRange": "1-2",
        "percentage": 66
      },
      {
        "item": "cobblemon:miracle_seed",
        "percentage": 10
      }
    ]
  },
  "moves": [
    "1:absorb",
    "1:energyball",
    "1:leafage",
    "1:leer",
    "1:pound",
    "1:quickattack",
    "13:megadrain",
    "16:furycutter",
    "17:pursuit",
    "20:assurance",
    "23:screech",
    "25:gigadrain",
    "29:leafblade",
    "35:agility",
    "35:doubleteam",
    "41:slam",
    "43:xscissor",
    "47:detect",
    "50:endeavor",
    "53:falseswipe",
    "53:quickguard",
    "59:leafstorm",
    "100:acrobatics",
    "100:aerialace",
    "100:agility",
    "100:assurance",
    "100:attract",
    "100:bodyslam",
    "100:brickbreak",
    "100:bulletseed",
    "100:captivate",
    "100:confide",
    "100:crunch",
    "100:cut",
    "100:dig",
    "100:doubleteam",
    "100:drainpunch",
    "100:endure",
    "100:energyball",
    "100:facade",
    "100:falseswipe",
    "100:flash",
    "100:fling",
    "100:focuspunch",
    "100:frustration",
    "100:gigadrain",
    "100:grassknot",
    "100:grassyterrain",
    "100:hiddenpower",
    "100:irontail",
    "100:leafblade",
    "100:leafstorm",
    "100:lowkick",
    "100:lowsweep",
    "100:magicalleaf",
    "100:megakick",
    "100:megapunch",
    "100:naturalgift",
    "100:naturepower",
    "100:poweruppunch",
    "100:protect",
    "100:rest",
    "100:return",
    "100:rockslide",
    "100:rocksmash",
    "100:rocktomb",
    "100:round",
    "100:safeguard",
    "100:screech",
    "100:secretpower",
    "100:seedbomb",
    "100:sleeptalk",
    "100:snore",
    "100:solarbeam",
    "100:solarblade",
    "100:strength",
    "100:substitute",
    "100:sunnyday",
    "100:swagger",
    "100:swift",
    "100:swordsdance",
    "100:thunderpunch",
    "100:toxic",
    "100:workup",
    "100:xscissor",
    "100:bodyslam",
    "100:counter",
    "100:doubleedge",
    "100:drainpunch",
    "100:dynamicpunch",
    "100:endeavor",
    "100:endure",
    "100:focuspunch",
    "100:furycutter",
    "100:gigadrain",
    "100:grasspledge",
    "100:grassyglide",
    "100:headbutt",
    "100:irontail",
    "100:lowkick",
    "100:megakick",
    "100:megapunch",
    "100:mimic",
    "100:mudslap",
    "100:seedbomb",
    "100:seismictoss",
    "100:sleeptalk",
    "100:snore",
    "100:substitute",
    "100:swagger",
    "100:swift",
    "100:swordsdance",
    "100:synthesis",
    "100:thunderpunch",
    "100:worryseed"
  ],
  "labels": [
    "gen3"
  ],
  "pokedex": [
    "cobblemon.species.grovyle.desc"
  ],
  "preEvolution": "treecko",
  "evolutions": [
    {
      "id": "grovyle_sceptile",
      "variant": "level_up",
      "result": "sceptile",
      "consumeHeldItem": false,
      "learnableMoves": [
        "dualchop"
      ],
      "requirements": [
        {
          "variant": "level",
          "minLevel": 36
        }
      ]
    }
  ],
  "baseScale": 1,
  "hitbox": {
    "width": 1,
    "height": 1.6,
    "fixed": false
  },
  "baseFriendship": 50,
  "evYield": {
    "hp": 0,
    "attack": 0,
    "defence": 0,
    "special_attack": 0,
    "special_defence": 0,
    "speed": 2
  },
  "height": 9,
  "weight": 216,
  "aspects": [],
  "cannotDynamax": false
}