{
  "name": "Hariyama",
  "nationalPokedexNumber": 297,
  "primaryType": "fighting",
  "abilities": [
    "thickfat",
    "guts",
    "h:sheerforce"
  ],
  "baseStats": {
    "hp": 144,
    "attack": 120,
    "defence": 60,
    "special_attack": 40,
    "special_defence": 60,
    "speed": 50
  },
  "catchRate": 200,
  "maleRatio": 0.75,
  "shoulderMountable": false,
  "baseExperienceYield": 166,
  "experienceGroup": "fluctuating",
  "eggCycles": 20,
  "eggGroups": [
    "human_like"
  ],
  "moves": [
    "1:armthrust",
    "1:brine",
    "1:focusenergy",
    "1:sandattack",
    "1:tackle",
    "13:vitalthrow",
    "19:fakeout",
    "22:bulkup",
    "22:whirlwind",
    "29:knockoff",
    "30:detect",
    "32:forcepalm",
    "33:smellingsalts",
    "38:focuspunch",
    "40:bellydrum",
    "42:wakeupslap",
    "44:endure",
    "51:seismictoss",
    "52:closecombat",
    "55:reversal",
    "60:headlongrush",
    "62:heavyslam",
    "100:attract",
    "100:bodypress",
    "100:bodyslam",
    "100:brickbreak",
    "100:brine",
    "100:bulkup",
    "100:bulldoze",
    "100:captivate",
    "100:chillingwater",
    "100:closecombat",
    "100:confide",
    "100:dig",
    "100:doubleteam",
    "100:drainpunch",
    "100:earthquake",
    "100:endure",
    "100:facade",
    "100:firepunch",
    "100:fling",
    "100:focusblast",
    "100:focuspunch",
    "100:frustration",
    "100:gigaimpact",
    "100:heavyslam",
    "100:helpinghand",
    "100:hiddenpower",
    "100:hyperbeam",
    "100:icepunch",
    "100:ironhead",
    "100:lowkick",
    "100:lowsweep",
    "100:metronome",
    "100:mudshot",
    "100:mudslap",
    "100:naturalgift",
    "100:payback",
    "100:poisonjab",
    "100:poweruppunch",
    "100:protect",
    "100:raindance",
    "100:rest",
    "100:retaliate",
    "100:return",
    "100:reversal",
    "100:rockclimb",
    "100:rockslide",
    "100:rocksmash",
    "100:rocktomb",
    "100:round",
    "100:scaryface",
    "100:secretpower",
    "100:sleeptalk",
    "100:smackdown",
    "100:stompingtantrum",
    "100:stoneedge",
    "100:strength",
    "100:substitute",
    "100:sunnyday",
    "100:surf",
    "100:swagger",
    "100:swift",
    "100:takedown",
    "100:taunt",
    "100:terablast",
    "100:thief",
    "100:thunderpunch",
    "100:toxic",
    "100:whirlpool",
    "100:workup",
    "100:zenheadbutt",
    "100:bodyslam",
    "100:counter",
    "100:doubleedge",
    "100:dynamicpunch",
    "100:endure",
    "100:firepunch",
    "100:focuspunch",
    "100:headbutt",
    "100:helpinghand",
    "100:icepunch",
    "100:ironhead",
    "100:knockoff",
    "100:lowkick",
    "100:megakick",
    "100:megapunch",
    "100:metronome",
    "100:mimic",
    "100:mudslap",
    "100:rockslide",
    "100:roleplay",
    "100:seismictoss",
    "100:sleeptalk",
    "100:snore",
    "100:stompingtantrum",
    "100:substitute",
    "100:superpower",
    "100:swagger",
    "100:throatchop",
    "100:thunderpunch",
    "100:vacuumwave"
  ],
  "labels": [
    "gen3"
  ],
  "pokedex": [
    "cobblemon.species.hariyama.desc"
  ],
  "preEvolution": "makuhita",
  "evolutions": [],
  "baseScale": 1,
  "hitbox": {
    "width": 1,
    "height": 1,
    "fixed": false
  },
  "baseFriendship": 70,
  "evYield": {
    "hp": 2,
    "attack": 0,
    "defence": 0,
    "special_attack": 0,
    "special_defence": 0,
    "speed": 0
  },
  "height": 23,
  "weight": 2538,
  "aspects": [],
  "cannotDynamax": false
}