{
  "name": "Illumise",
  "nationalPokedexNumber": 314,
  "primaryType": "bug",
  "abilities": [
    "oblivious",
    "tintedlens",
    "h:prankster"
  ],
  "baseStats": {
    "hp": 65,
    "attack": 47,
    "defence": 75,
    "special_attack": 73,
    "special_defence": 85,
    "speed": 85
  },
  "catchRate": 150,
  "maleRatio": 0,
  "shoulderMountable": false,
  "baseExperienceYield": 151,
  "experienceGroup": "fluctuating",
  "eggCycles": 15,
  "eggGroups": [
    "bug",
    "human_like"
  ],
  "moves": [
    "1:playnice",
    "1:tackle",
    "5:sweetscent",
    "9:charm",
    "13:moonlight",
    "15:strugglebug",
    "17:quickattack",
    "21:wish",
    "25:encore",
    "29:flatter",
    "33:helpinghand",
    "37:covet",
    "37:zenheadbutt",
    "41:bugbuzz",
    "43:playrough",
    "50:infestation",
    "100:aromatherapy",
    "100:batonpass",
    "100:bugbuzz",
    "100:captivate",
    "100:confuseray",
    "100:encore",
    "100:faketears",
    "100:growth",
    "100:silverwind",
    "100:acrobatics",
    "100:aerialace",
    "100:attract",
    "100:brickbreak",
    "100:captivate",
    "100:chargebeam",
    "100:confide",
    "100:dazzlinggleam",
    "100:doubleteam",
    "100:endure",
    "100:facade",
    "100:flash",
    "100:fling",
    "100:focuspunch",
    "100:frustration",
    "100:gigadrain",
    "100:hiddenpower",
    "100:infestation",
    "100:lightscreen",
    "100:naturalgift",
    "100:poweruppunch",
    "100:protect",
    "100:psychup",
    "100:raindance",
    "100:rest",
    "100:return",
    "100:roost",
    "100:round",
    "100:secretpower",
    "100:shadowball",
    "100:shockwave",
    "100:silverwind",
    "100:sleeptalk",
    "100:solarbeam",
    "100:strugglebug",
    "100:substitute",
    "100:sunnyday",
    "100:swagger",
    "100:thief",
    "100:thunder",
    "100:thunderbolt",
    "100:thunderwave",
    "100:toxic",
    "100:uturn",
    "100:waterpulse",
    "100:aircutter",
    "100:bodyslam",
    "100:bugbite",
    "100:charm",
    "100:counter",
    "100:covet",
    "100:defog",
    "100:doubleedge",
    "100:dynamicpunch",
    "100:endure",
    "100:faketears",
    "100:focuspunch",
    "100:gigadrain",
    "100:helpinghand",
    "100:icepunch",
    "100:megakick",
    "100:megapunch",
    "100:metronome",
    "100:mimic",
    "100:mudslap",
    "100:ominouswind",
    "100:psychup",
    "100:roost",
    "100:seismictoss",
    "100:shockwave",
    "100:sleeptalk",
    "100:snore",
    "100:stringshot",
    "100:substitute",
    "100:swagger",
    "100:swift",
    "100:tailwind",
    "100:thunderpunch",
    "100:thunderwave",
    "100:waterpulse",
    "100:zenheadbutt"
  ],
  "labels": [
    "gen3"
  ],
  "pokedex": [
    "cobblemon.species.illumise.desc"
  ],
  "evolutions": [],
  "baseScale": 1,
  "hitbox": {
    "width": 1,
    "height": 1,
    "fixed": false
  },
  "baseFriendship": 70,
  "evYield": {
    "hp": 0,
    "attack": 0,
    "defence": 0,
    "special_attack": 0,
    "special_defence": 0,
    "speed": 1
  },
  "height": 6,
  "weight": 177,
  "aspects": [],
  "cannotDynamax": false
}