{
  "name": "Jirachi",
  "nationalPokedexNumber": 385,
  "primaryType": "steel",
  "secondaryType": "psychic",
  "abilities": [
    "serenegrace"
  ],
  "baseStats": {
    "hp": 100,
    "attack": 100,
    "defence": 100,
    "special_attack": 100,
    "special_defence": 100,
    "speed": 100
  },
  "catchRate": 3,
  "maleRatio": -1,
  "shoulderMountable": false,
  "baseExperienceYield": 300,
  "experienceGroup": "slow",
  "eggCycles": 120,
  "eggGroups": [
    "undiscovered"
  ],
  "moves": [
    "1:confusion",
    "1:wish",
    "5:rest",
    "10:swift",
    "15:helpinghand",
    "20:psychic",
    "21:lifedew",
    "25:refresh",
    "30:luckychant",
    "35:doubleedge",
    "35:zenheadbutt",
    "40:futuresight",
    "45:cosmicpower",
    "45:gravity",
    "49:meteormash",
    "50:doomdesire",
    "50:healingwish",
    "65:lastresort",
    "100:aerialace",
    "100:allyswitch",
    "100:amnesia",
    "100:aurasphere",
    "100:batonpass",
    "100:bodyslam",
    "100:calmmind",
    "100:chargebeam",
    "100:charm",
    "100:confide",
    "100:cosmicpower",
    "100:dazzlinggleam",
    "100:doubleteam",
    "100:drainpunch",
    "100:dreameater",
    "100:encore",
    "100:endure",
    "100:energyball",
    "100:facade",
    "100:firepunch",
    "100:flash",
    "100:flashcannon",
    "100:fling",
    "100:frustration",
    "100:futuresight",
    "100:gigaimpact",
    "100:grassknot",
    "100:helpinghand",
    "100:hiddenpower",
    "100:hyperbeam",
    "100:icepunch",
    "100:icywind",
    "100:imprison",
    "100:irondefense",
    "100:ironhead",
    "100:lightscreen",
    "100:magicroom",
    "100:megakick",
    "100:megapunch",
    "100:metronome",
    "100:naturalgift",
    "100:playrough",
    "100:poweruppunch",
    "100:protect",
    "100:psychic",
    "100:psychup",
    "100:psyshock",
    "100:raindance",
    "100:recycle",
    "100:reflect",
    "100:rest",
    "100:return",
    "100:round",
    "100:safeguard",
    "100:sandstorm",
    "100:secretpower",
    "100:shadowball",
    "100:shockwave",
    "100:skillswap",
    "100:sleeptalk",
    "100:snore",
    "100:stealthrock",
    "100:storedpower",
    "100:substitute",
    "100:sunnyday",
    "100:swagger",
    "100:swift",
    "100:telekinesis",
    "100:thunder",
    "100:thunderbolt",
    "100:thunderpunch",
    "100:thunderwave",
    "100:toxic",
    "100:trick",
    "100:trickroom",
    "100:uproar",
    "100:uturn",
    "100:waterpulse",
    "100:zenheadbutt",
    "100:ancientpower",
    "100:bodyslam",
    "100:confusion",
    "100:cosmicpower",
    "100:defensecurl",
    "100:doubleedge",
    "100:dracometeor",
    "100:drainpunch",
    "100:dreameater",
    "100:dynamicpunch",
    "100:endure",
    "100:expandingforce",
    "100:firepunch",
    "100:followme",
    "100:gravity",
    "100:happyhour",
    "100:headbutt",
    "100:healingwish",
    "100:heartstamp",
    "100:helpinghand",
    "100:icepunch",
    "100:icywind",
    "100:irondefense",
    "100:ironhead",
    "100:lastresort",
    "100:magiccoat",
    "100:magicroom",
    "100:meteorbeam",
    "100:meteormash",
    "100:metronome",
    "100:mimic",
    "100:moonblast",
    "100:mudslap",
    "100:nightmare",
    "100:playrough",
    "100:psychic",
    "100:psychup",
    "100:recycle",
    "100:refresh",
    "100:rest",
    "100:return",
    "100:shockwave",
    "100:signalbeam",
    "100:skillswap",
    "100:sleeptalk",
    "100:snore",
    "100:stealthrock",
    "100:steelbeam",
    "100:substitute",
    "100:swagger",
    "100:swift",
    "100:telekinesis",
    "100:thunderpunch",
    "100:thunderwave",
    "100:trick",
    "100:uproar",
    "100:waterpulse",
    "100:wish",
    "100:zenheadbutt"
  ],
  "labels": [
    "gen3",
    "mythical",
    "legendary"
  ],
  "pokedex": [
    "cobblemon.species.jirachi.desc"
  ],
  "evolutions": [],
  "baseScale": 1,
  "hitbox": {
    "width": 1,
    "height": 1,
    "fixed": false
  },
  "baseFriendship": 100,
  "evYield": {
    "hp": 3,
    "attack": 0,
    "defence": 0,
    "special_attack": 0,
    "special_defence": 0,
    "speed": 0
  },
  "height": 3,
  "weight": 11,
  "aspects": [],
  "cannotDynamax": false
}