{
  "name": "Kecleon",
  "nationalPokedexNumber": 352,
  "primaryType": "normal",
  "abilities": [
    "colorchange",
    "h:protean"
  ],
  "baseStats": {
    "hp": 60,
    "attack": 90,
    "defence": 70,
    "special_attack": 60,
    "special_defence": 120,
    "speed": 40
  },
  "catchRate": 200,
  "maleRatio": 0.5,
  "shoulderMountable": false,
  "baseExperienceYield": 154,
  "experienceGroup": "medium_slow",
  "eggCycles": 20,
  "eggGroups": [
    "field"
  ],
  "moves": [
    "1:astonish",
    "1:lick",
    "1:scratch",
    "1:tailwhip",
    "1:thief",
    "4:bind",
    "7:feintattack",
    "12:furyswipes",
    "14:feint",
    "17:psybeam",
    "20:shadowsneak",
    "24:screech",
    "30:camouflage",
    "31:slash",
    "40:substitute",
    "43:suckerpunch",
    "49:ancientpower",
    "49:shadowclaw",
    "58:synchronoise",
    "100:camouflage",
    "100:disable",
    "100:dizzypunch",
    "100:fakeout",
    "100:foulplay",
    "100:magiccoat",
    "100:nastyplot",
    "100:poweruppunch",
    "100:recover",
    "100:skillswap",
    "100:snatch",
    "100:trick",
    "100:aerialace",
    "100:attract",
    "100:blizzard",
    "100:brickbreak",
    "100:captivate",
    "100:chargebeam",
    "100:confide",
    "100:cut",
    "100:dig",
    "100:doubleteam",
    "100:drainpunch",
    "100:endure",
    "100:facade",
    "100:fireblast",
    "100:flamethrower",
    "100:flash",
    "100:fling",
    "100:focuspunch",
    "100:frustration",
    "100:grassknot",
    "100:hiddenpower",
    "100:honeclaws",
    "100:icebeam",
    "100:incinerate",
    "100:irontail",
    "100:naturalgift",
    "100:poweruppunch",
    "100:protect",
    "100:psychup",
    "100:raindance",
    "100:recycle",
    "100:rest",
    "100:retaliate",
    "100:return",
    "100:rockslide",
    "100:rocksmash",
    "100:rocktomb",
    "100:round",
    "100:secretpower",
    "100:shadowball",
    "100:shadowclaw",
    "100:shockwave",
    "100:skillswap",
    "100:sleeptalk",
    "100:snatch",
    "100:solarbeam",
    "100:stealthrock",
    "100:strength",
    "100:substitute",
    "100:sunnyday",
    "100:swagger",
    "100:thief",
    "100:thunder",
    "100:thunderbolt",
    "100:thunderwave",
    "100:toxic",
    "100:trickroom",
    "100:waterpulse",
    "100:workup",
    "100:afteryou",
    "100:ancientpower",
    "100:aquatail",
    "100:bind",
    "100:bodyslam",
    "100:counter",
    "100:defensecurl",
    "100:doubleedge",
    "100:drainpunch",
    "100:dynamicpunch",
    "100:endure",
    "100:feintattack",
    "100:firepunch",
    "100:focuspunch",
    "100:foulplay",
    "100:furycutter",
    "100:headbutt",
    "100:icepunch",
    "100:icywind",
    "100:irontail",
    "100:knockoff",
    "100:lastresort",
    "100:lowkick",
    "100:magiccoat",
    "100:megakick",
    "100:megapunch",
    "100:metronome",
    "100:mimic",
    "100:mudslap",
    "100:psychup",
    "100:recycle",
    "100:reflecttype",
    "100:rockslide",
    "100:roleplay",
    "100:rollout",
    "100:seismictoss",
    "100:shockwave",
    "100:skillswap",
    "100:sleeptalk",
    "100:snatch",
    "100:snore",
    "100:stealthrock",
    "100:substitute",
    "100:suckerpunch",
    "100:swagger",
    "100:swift",
    "100:thunderpunch",
    "100:thunderwave",
    "100:trick",
    "100:waterpulse",
    "100:wonderroom"
  ],
  "labels": [
    "gen3"
  ],
  "pokedex": [
    "cobblemon.species.kecleon.desc"
  ],
  "evolutions": [],
  "baseScale": 1,
  "hitbox": {
    "width": 1,
    "height": 1,
    "fixed": false
  },
  "baseFriendship": 70,
  "evYield": {
    "hp": 0,
    "attack": 0,
    "defence": 0,
    "special_attack": 0,
    "special_defence": 1,
    "speed": 0
  },
  "height": 10,
  "weight": 220,
  "aspects": [],
  "cannotDynamax": false
}