{
  "name": "Kyogre",
  "nationalPokedexNumber": 382,
  "primaryType": "water",
  "abilities": [
    "drizzle"
  ],
  "baseStats": {
    "hp": 100,
    "attack": 100,
    "defence": 90,
    "special_attack": 150,
    "special_defence": 140,
    "speed": 90
  },
  "catchRate": 3,
  "maleRatio": -1,
  "shoulderMountable": false,
  "forms": [
    {
      "name": "Primal",
      "primaryType": "water",
      "abilities": [
        "primordialsea"
      ],
      "baseStats": {
        "hp": 100,
        "attack": 150,
        "defence": 90,
        "special_attack": 180,
        "special_defence": 160,
        "speed": 90
      },
      "catchRate": 3,
      "maleRatio": -1,
      "baseExperienceYield": 347,
      "baseFriendship": 0,
      "evYield": {
        "hp": 0,
        "attack": 0,
        "defence": 0,
        "special_attack": 3,
        "special_defence": 0,
        "speed": 0
      },
      "experienceGroup": "slow",
      "eggCycles": 120,
      "eggGroups": [
        "undiscovered"
      ],
      "moves": [],
      "labels": [
        "gen6",
        "primal",
        "legendary"
      ],
      "aspects": [
        "primal"
      ],
      "height": 98,
      "weight": 4300,
      "evolutions": [],
      "cannotDynamax": false,
      "battleOnly": true
    }
  ],
  "baseExperienceYield": 335,
  "experienceGroup": "slow",
  "eggCycles": 120,
  "eggGroups": [
    "undiscovered"
  ],
  "moves": [
    "1:waterpulse",
    "5:scaryface",
    "15:ancientpower",
    "20:bodyslam",
    "20:muddywater",
    "30:aquaring",
    "30:calmmind",
    "35:icebeam",
    "45:hydropump",
    "45:originpulse",
    "50:rest",
    "60:sheercold",
    "65:aquatail",
    "65:doubleedge",
    "75:waterspout",
    "100:avalanche",
    "100:blizzard",
    "100:bodyslam",
    "100:brickbreak",
    "100:brine",
    "100:bulldoze",
    "100:calmmind",
    "100:chillingwater",
    "100:confide",
    "100:dive",
    "100:doubleteam",
    "100:earthquake",
    "100:endure",
    "100:facade",
    "100:frustration",
    "100:gigaimpact",
    "100:hail",
    "100:heavyslam",
    "100:helpinghand",
    "100:hiddenpower",
    "100:hydropump",
    "100:hyperbeam",
    "100:icebeam",
    "100:icywind",
    "100:ironhead",
    "100:liquidation",
    "100:muddywater",
    "100:naturalgift",
    "100:protect",
    "100:psychup",
    "100:raindance",
    "100:rest",
    "100:return",
    "100:roar",
    "100:rockslide",
    "100:rocksmash",
    "100:rocktomb",
    "100:round",
    "100:safeguard",
    "100:scald",
    "100:scaryface",
    "100:secretpower",
    "100:shockwave",
    "100:sleeptalk",
    "100:snore",
    "100:strength",
    "100:substitute",
    "100:surf",
    "100:swagger",
    "100:takedown",
    "100:terablast",
    "100:thunder",
    "100:thunderbolt",
    "100:thunderwave",
    "100:toxic",
    "100:uproar",
    "100:waterfall",
    "100:waterpulse",
    "100:whirlpool",
    "100:ancientpower",
    "100:aquaring",
    "100:aquatail",
    "100:block",
    "100:bodyslam",
    "100:calmmind",
    "100:defensecurl",
    "100:dive",
    "100:doubleedge",
    "100:endure",
    "100:headbutt",
    "100:hydropump",
    "100:icebeam",
    "100:icywind",
    "100:ironhead",
    "100:liquidation",
    "100:mimic",
    "100:muddywater",
    "100:mudslap",
    "100:originpulse",
    "100:psychup",
    "100:rest",
    "100:rockslide",
    "100:sheercold",
    "100:shockwave",
    "100:signalbeam",
    "100:sleeptalk",
    "100:snore",
    "100:substitute",
    "100:surf",
    "100:swagger",
    "100:swift",
    "100:thunder",
    "100:thunderwave",
    "100:uproar",
    "100:waterpulse",
    "100:waterspout"
  ],
  "labels": [
    "gen3",
    "legendary"
  ],
  "pokedex": [
    "cobblemon.species.kyogre.desc"
  ],
  "evolutions": [],
  "baseScale": 1,
  "hitbox": {
    "width": 1,
    "height": 1,
    "fixed": false
  },
  "baseFriendship": 0,
  "evYield": {
    "hp": 0,
    "attack": 0,
    "defence": 0,
    "special_attack": 3,
    "special_defence": 0,
    "speed": 0
  },
  "height": 45,
  "weight": 3520,
  "aspects": [],
  "cannotDynamax": false
}