{
  "name": "Lairon",
  "nationalPokedexNumber": 305,
  "primaryType": "steel",
  "secondaryType": "rock",
  "abilities": [
    "sturdy",
    "rockhead",
    "h:heavymetal"
  ],
  "baseStats": {
    "hp": 60,
    "attack": 90,
    "defence": 140,
    "special_attack": 50,
    "special_defence": 50,
    "speed": 40
  },
  "catchRate": 90,
  "maleRatio": 0.5,
  "shoulderMountable": false,
  "baseExperienceYield": 151,
  "experienceGroup": "slow",
  "eggCycles": 35,
  "eggGroups": [
    "monster"
  ],
  "moves": [
    "1:harden",
    "1:headbutt",
    "1:mudslap",
    "1:tackle",
    "13:metalclaw",
    "13:rocktomb",
    "17:irondefense",
    "21:roar",
    "25:rockslide",
    "25:takedown",
    "29:ironhead",
    "29:irontail",
    "37:protect",
    "45:metalsound",
    "51:autotomize",
    "53:doubleedge",
    "56:heavyslam",
    "56:metalburst",
    "100:aerialace",
    "100:attract",
    "100:bodypress",
    "100:bodyslam",
    "100:bulldoze",
    "100:captivate",
    "100:confide",
    "100:cut",
    "100:dig",
    "100:doubleteam",
    "100:earthpower",
    "100:earthquake",
    "100:endure",
    "100:facade",
    "100:frustration",
    "100:heavyslam",
    "100:hiddenpower",
    "100:honeclaws",
    "100:irondefense",
    "100:ironhead",
    "100:irontail",
    "100:naturalgift",
    "100:protect",
    "100:raindance",
    "100:rest",
    "100:return",
    "100:reversal",
    "100:roar",
    "100:rockblast",
    "100:rockpolish",
    "100:rockslide",
    "100:rocksmash",
    "100:rocktomb",
    "100:round",
    "100:sandstorm",
    "100:sandtomb",
    "100:screech",
    "100:secretpower",
    "100:shadowclaw",
    "100:shockwave",
    "100:sleeptalk",
    "100:snore",
    "100:stealthrock",
    "100:stompingtantrum",
    "100:stoneedge",
    "100:strength",
    "100:substitute",
    "100:sunnyday",
    "100:superpower",
    "100:swagger",
    "100:toxic",
    "100:uproar",
    "100:waterpulse",
    "100:ancientpower",
    "100:bodyslam",
    "100:defensecurl",
    "100:doubleedge",
    "100:earthpower",
    "100:endeavor",
    "100:endure",
    "100:furycutter",
    "100:headbutt",
    "100:irondefense",
    "100:ironhead",
    "100:irontail",
    "100:magnetrise",
    "100:mimic",
    "100:mudslap",
    "100:rockslide",
    "100:rollout",
    "100:shockwave",
    "100:sleeptalk",
    "100:snore",
    "100:spite",
    "100:stealthrock",
    "100:steelbeam",
    "100:steelroller",
    "100:stompingtantrum",
    "100:substitute",
    "100:superpower",
    "100:swagger",
    "100:uproar",
    "100:waterpulse"
  ],
  "labels": [
    "gen3"
  ],
  "pokedex": [
    "cobblemon.species.lairon.desc"
  ],
  "preEvolution": "aron",
  "evolutions": [
    {
      "id": "lairon_aggron",
      "variant": "level_up",
      "result": "aggron",
      "consumeHeldItem": false,
      "learnableMoves": [],
      "requirements": [
        {
          "variant": "level",
          "minLevel": 42
        }
      ]
    }
  ],
  "baseScale": 1,
  "hitbox": {
    "width": 1,
    "height": 1,
    "fixed": false
  },
  "baseFriendship": 35,
  "evYield": {
    "hp": 0,
    "attack": 0,
    "defence": 2,
    "special_attack": 0,
    "special_defence": 0,
    "speed": 0
  },
  "height": 9,
  "weight": 1200,
  "aspects": [],
  "cannotDynamax": false
}