{
  "name": "Latios",
  "nationalPokedexNumber": 381,
  "primaryType": "dragon",
  "secondaryType": "psychic",
  "abilities": [
    "levitate"
  ],
  "baseStats": {
    "hp": 80,
    "attack": 90,
    "defence": 80,
    "special_attack": 130,
    "special_defence": 110,
    "speed": 110
  },
  "catchRate": 3,
  "maleRatio": 1,
  "shoulderMountable": false,
  "forms": [
    {
      "name": "Mega",
      "primaryType": "dragon",
      "secondaryType": "psychic",
      "abilities": [
        "levitate"
      ],
      "baseStats": {
        "hp": 80,
        "attack": 130,
        "defence": 100,
        "special_attack": 160,
        "special_defence": 120,
        "speed": 110
      },
      "catchRate": 3,
      "maleRatio": 1,
      "baseExperienceYield": 315,
      "baseFriendship": 90,
      "evYield": {
        "hp": 0,
        "attack": 0,
        "defence": 0,
        "special_attack": 3,
        "special_defence": 0,
        "speed": 0
      },
      "experienceGroup": "slow",
      "eggCycles": 120,
      "eggGroups": [
        "undiscovered"
      ],
      "moves": [],
      "labels": [
        "gen6",
        "mega",
        "legendary"
      ],
      "aspects": [
        "mega"
      ],
      "height": 23,
      "weight": 700,
      "evolutions": [],
      "cannotDynamax": false,
      "battleOnly": true
    }
  ],
  "baseExperienceYield": 300,
  "experienceGroup": "slow",
  "eggCycles": 120,
  "eggGroups": [
    "undiscovered"
  ],
  "moves": [
    "1:psywave",
    "5:healblock",
    "5:memento",
    "10:helpinghand",
    "10:storedpower",
    "15:confusion",
    "15:safeguard",
    "20:dragonbreath",
    "20:tailwind",
    "25:protect",
    "30:allyswitch",
    "30:refresh",
    "35:lusterpurge",
    "40:psychic",
    "40:zenheadbutt",
    "45:recover",
    "50:dragondance",
    "50:psychoshift",
    "55:simplebeam",
    "65:healpulse",
    "70:dragonpulse",
    "70:telekinesis",
    "75:powersplit",
    "100:aerialace",
    "100:agility",
    "100:airslash",
    "100:allyswitch",
    "100:attract",
    "100:aurasphere",
    "100:batonpass",
    "100:bodyslam",
    "100:breakingswipe",
    "100:bulldoze",
    "100:calmmind",
    "100:captivate",
    "100:chargebeam",
    "100:confide",
    "100:cut",
    "100:defog",
    "100:dive",
    "100:doubleteam",
    "100:dragonclaw",
    "100:dragondance",
    "100:dragonpulse",
    "100:dreameater",
    "100:earthquake",
    "100:endure",
    "100:energyball",
    "100:facade",
    "100:flash",
    "100:fly",
    "100:frustration",
    "100:futuresight",
    "100:gigaimpact",
    "100:grassknot",
    "100:helpinghand",
    "100:hiddenpower",
    "100:honeclaws",
    "100:hyperbeam",
    "100:icebeam",
    "100:icywind",
    "100:lightscreen",
    "100:mysticalfire",
    "100:naturalgift",
    "100:outrage",
    "100:protect",
    "100:psychic",
    "100:psychocut",
    "100:psychup",
    "100:psyshock",
    "100:raindance",
    "100:reflect",
    "100:rest",
    "100:retaliate",
    "100:return",
    "100:roar",
    "100:roost",
    "100:round",
    "100:safeguard",
    "100:sandstorm",
    "100:secretpower",
    "100:shadowball",
    "100:shadowclaw",
    "100:shockwave",
    "100:sleeptalk",
    "100:snore",
    "100:solarbeam",
    "100:steelwing",
    "100:storedpower",
    "100:substitute",
    "100:sunnyday",
    "100:surf",
    "100:swagger",
    "100:swift",
    "100:telekinesis",
    "100:thunder",
    "100:thunderbolt",
    "100:thunderwave",
    "100:toxic",
    "100:triattack",
    "100:trick",
    "100:waterfall",
    "100:waterpulse",
    "100:whirlpool",
    "100:wonderroom",
    "100:zenheadbutt",
    "100:allyswitch",
    "100:aurasphere",
    "100:bodyslam",
    "100:defog",
    "100:dive",
    "100:doubleedge",
    "100:dracometeor",
    "100:dragonbreath",
    "100:dragondance",
    "100:dragonpulse",
    "100:dreameater",
    "100:dualwingbeat",
    "100:endure",
    "100:furycutter",
    "100:healpulse",
    "100:helpinghand",
    "100:icywind",
    "100:laserfocus",
    "100:lastresort",
    "100:lusterpurge",
    "100:magiccoat",
    "100:mimic",
    "100:mudslap",
    "100:outrage",
    "100:protect",
    "100:psychic",
    "100:psychoshift",
    "100:psychup",
    "100:recover",
    "100:refresh",
    "100:roost",
    "100:scaleshot",
    "100:shockwave",
    "100:sleeptalk",
    "100:snore",
    "100:substitute",
    "100:swagger",
    "100:swift",
    "100:tailwind",
    "100:telekinesis",
    "100:thunderwave",
    "100:trick",
    "100:twister",
    "100:waterpulse",
    "100:wonderroom",
    "100:zenheadbutt"
  ],
  "labels": [
    "gen3",
    "legendary"
  ],
  "pokedex": [
    "cobblemon.species.latios.desc"
  ],
  "evolutions": [],
  "baseScale": 1,
  "hitbox": {
    "width": 1,
    "height": 1,
    "fixed": false
  },
  "baseFriendship": 90,
  "evYield": {
    "hp": 0,
    "attack": 0,
    "defence": 0,
    "special_attack": 3,
    "special_defence": 0,
    "speed": 0
  },
  "height": 20,
  "weight": 600,
  "aspects": [],
  "cannotDynamax": false
}