{
  "name": "Masquerain",
  "nationalPokedexNumber": 284,
  "primaryType": "bug",
  "secondaryType": "flying",
  "abilities": [
    "intimidate",
    "h:unnerve"
  ],
  "baseStats": {
    "hp": 70,
    "attack": 60,
    "defence": 62,
    "special_attack": 100,
    "special_defence": 82,
    "speed": 80
  },
  "catchRate": 75,
  "maleRatio": 0.5,
  "shoulderMountable": false,
  "baseExperienceYield": 159,
  "experienceGroup": "medium_fast",
  "eggCycles": 15,
  "eggGroups": [
    "water_1",
    "bug"
  ],
  "moves": [
    "1:bubble",
    "1:ominouswind",
    "1:quickattack",
    "1:soak",
    "1:sweetscent",
    "1:watergun",
    "1:watersport",
    "22:aircutter",
    "26:gust",
    "33:scaryface",
    "38:gigadrain",
    "40:stunspore",
    "47:airslash",
    "47:silverwind",
    "53:whirlwind",
    "61:bugbuzz",
    "68:quiverdance",
    "100:acrobatics",
    "100:aerialace",
    "100:agility",
    "100:aircutter",
    "100:airslash",
    "100:attract",
    "100:batonpass",
    "100:blizzard",
    "100:bugbuzz",
    "100:captivate",
    "100:chillingwater",
    "100:confide",
    "100:defog",
    "100:doubleteam",
    "100:endure",
    "100:energyball",
    "100:facade",
    "100:flash",
    "100:foulplay",
    "100:frustration",
    "100:gigadrain",
    "100:gigaimpact",
    "100:helpinghand",
    "100:hiddenpower",
    "100:hurricane",
    "100:hydropump",
    "100:hyperbeam",
    "100:icebeam",
    "100:icywind",
    "100:infestation",
    "100:leechlife",
    "100:liquidation",
    "100:mudshot",
    "100:mudslap",
    "100:naturalgift",
    "100:pounce",
    "100:protect",
    "100:psybeam",
    "100:psychup",
    "100:raindance",
    "100:rest",
    "100:return",
    "100:roost",
    "100:round",
    "100:scald",
    "100:scaryface",
    "100:secretpower",
    "100:shadowball",
    "100:silverwind",
    "100:sleeptalk",
    "100:solarbeam",
    "100:strugglebug",
    "100:substitute",
    "100:sunnyday",
    "100:surf",
    "100:swagger",
    "100:swift",
    "100:tailwind",
    "100:takedown",
    "100:terablast",
    "100:thief",
    "100:toxic",
    "100:uturn",
    "100:waterfall",
    "100:waterpulse",
    "100:aircutter",
    "100:bugbite",
    "100:defog",
    "100:doubleedge",
    "100:endure",
    "100:gigadrain",
    "100:icywind",
    "100:liquidation",
    "100:mimic",
    "100:mudslap",
    "100:nightmare",
    "100:ominouswind",
    "100:psychup",
    "100:roost",
    "100:signalbeam",
    "100:sleeptalk",
    "100:snore",
    "100:stringshot",
    "100:substitute",
    "100:swagger",
    "100:swift",
    "100:tailwind",
    "100:twister",
    "100:waterpulse"
  ],
  "labels": [
    "gen3"
  ],
  "pokedex": [
    "cobblemon.species.masquerain.desc"
  ],
  "preEvolution": "surskit",
  "evolutions": [],
  "baseScale": 1,
  "hitbox": {
    "width": 1,
    "height": 1,
    "fixed": false
  },
  "baseFriendship": 70,
  "evYield": {
    "hp": 0,
    "attack": 0,
    "defence": 0,
    "special_attack": 1,
    "special_defence": 1,
    "speed": 0
  },
  "height": 8,
  "weight": 36,
  "aspects": [],
  "cannotDynamax": false
}