{
  "implemented": true,
  "name": "Mawile",
  "nationalPokedexNumber": 303,
  "primaryType": "steel",
  "secondaryType": "fairy",
  "abilities": [
    "hypercutter",
    "intimidate",
    "h:sheerforce"
  ],
  "baseStats": {
    "hp": 50,
    "attack": 85,
    "defence": 85,
    "special_attack": 55,
    "special_defence": 55,
    "speed": 50
  },
  "catchRate": 45,
  "maleRatio": 0.5,
  "shoulderMountable": false,
  "forms": [
    {
      "name": "Mega",
      "primaryType": "steel",
      "secondaryType": "fairy",
      "abilities": [
        "hugepower"
      ],
      "baseStats": {
        "hp": 50,
        "attack": 105,
        "defence": 125,
        "special_attack": 55,
        "special_defence": 95,
        "speed": 50
      },
      "catchRate": 45,
      "maleRatio": 0.5,
      "baseExperienceYield": 168,
      "baseFriendship": 50,
      "evYield": {
        "hp": 0,
        "attack": 1,
        "defence": 1,
        "special_attack": 0,
        "special_defence": 0,
        "speed": 0
      },
      "experienceGroup": "fast",
      "eggCycles": 20,
      "eggGroups": [
        "field",
        "fairy"
      ],
      "moves": [],
      "labels": [
        "gen6",
        "mega"
      ],
      "aspects": [
        "mega"
      ],
      "height": 10,
      "weight": 235,
      "evolutions": [],
      "cannotDynamax": false,
      "battleOnly": true
    }
  ],
  "baseExperienceYield": 133,
  "experienceGroup": "fast",
  "eggCycles": 20,
  "eggGroups": [
    "field",
    "fairy"
  ],
  "drops": {
    "amount": "1",
    "entries": [
      {
        "item": "cobblemon:razor_fang",
        "percentage": 5
      }
    ]
  },
  "moves": [
    "1:astonish",
    "1:fairywind",
    "1:growl",
    "1:playrough",
    "1:taunt",
    "6:faketears",
    "11:bite",
    "16:sweetscent",
    "21:visegrip",
    "26:feintattack",
    "31:batonpass",
    "36:crunch",
    "41:irondefense",
    "46:spitup",
    "46:stockpile",
    "46:suckerpunch",
    "46:swallow",
    "56:ironhead",
    "100:ancientpower",
    "100:captivate",
    "100:falseswipe",
    "100:firefang",
    "100:guardswap",
    "100:icefang",
    "100:metalburst",
    "100:mistyterrain",
    "100:poisonfang",
    "100:poweruppunch",
    "100:psychup",
    "100:punishment",
    "100:seismictoss",
    "100:slam",
    "100:suckerpunch",
    "100:swordsdance",
    "100:thunderfang",
    "100:tickle",
    "100:assurance",
    "100:attract",
    "100:batonpass",
    "100:bodyslam",
    "100:brickbreak",
    "100:brutalswing",
    "100:captivate",
    "100:chargebeam",
    "100:confide",
    "100:crunch",
    "100:darkpulse",
    "100:doubleteam",
    "100:drainingkiss",
    "100:embargo",
    "100:endure",
    "100:facade",
    "100:faketears",
    "100:falseswipe",
    "100:fireblast",
    "100:firefang",
    "100:flamethrower",
    "100:flashcannon",
    "100:fling",
    "100:focusblast",
    "100:focuspunch",
    "100:foulplay",
    "100:frustration",
    "100:gigaimpact",
    "100:grassknot",
    "100:guardswap",
    "100:helpinghand",
    "100:hiddenpower",
    "100:hyperbeam",
    "100:icebeam",
    "100:icefang",
    "100:icepunch",
    "100:icywind",
    "100:incinerate",
    "100:irondefense",
    "100:ironhead",
    "100:megakick",
    "100:megapunch",
    "100:mistyterrain",
    "100:naturalgift",
    "100:payback",
    "100:playrough",
    "100:poweruppunch",
    "100:protect",
    "100:psychicfangs",
    "100:psychup",
    "100:raindance",
    "100:rest",
    "100:return",
    "100:rockslide",
    "100:rocksmash",
    "100:rocktomb",
    "100:round",
    "100:sandstorm",
    "100:secretpower",
    "100:shadowball",
    "100:sleeptalk",
    "100:sludgebomb",
    "100:snore",
    "100:solarbeam",
    "100:stealthrock",
    "100:stoneedge",
    "100:strength",
    "100:substitute",
    "100:sunnyday",
    "100:swagger",
    "100:swordsdance",
    "100:taunt",
    "100:thunderfang",
    "100:thunderpunch",
    "100:torment",
    "100:toxic",
    "100:ancientpower",
    "100:astonish",
    "100:bodyslam",
    "100:counter",
    "100:darkpulse",
    "100:doubleedge",
    "100:dynamicpunch",
    "100:endure",
    "100:faketears",
    "100:falseswipe",
    "100:firefang",
    "100:focuspunch",
    "100:foulplay",
    "100:headbutt",
    "100:icepunch",
    "100:icywind",
    "100:irondefense",
    "100:ironhead",
    "100:knockoff",
    "100:laserfocus",
    "100:lastresort",
    "100:magnetrise",
    "100:megakick",
    "100:megapunch",
    "100:mimic",
    "100:mudslap",
    "100:painsplit",
    "100:playrough",
    "100:protect",
    "100:psychup",
    "100:rockslide",
    "100:seismictoss",
    "100:sing",
    "100:sleeptalk",
    "100:snatch",
    "100:snore",
    "100:stealthrock",
    "100:steelbeam",
    "100:substitute",
    "100:suckerpunch",
    "100:superfang",
    "100:swagger",
    "100:swordsdance",
    "100:thunderpunch",
    "100:visegrip"
  ],
  "labels": [
    "gen3"
  ],
  "pokedex": [
    "cobblemon.species.mawile.desc"
  ],
  "evolutions": [],
  "baseScale": 0.8,
  "hitbox": {
    "width": 0.5,
    "height": 0.9,
    "fixed": false
  },
  "baseFriendship": 50,
  "evYield": {
    "hp": 0,
    "attack": 1,
    "defence": 1,
    "special_attack": 0,
    "special_defence": 0,
    "speed": 0
  },
  "height": 6,
  "weight": 115,
  "aspects": [],
  "cannotDynamax": false
}