{
  "name": "Metagross",
  "nationalPokedexNumber": 376,
  "primaryType": "steel",
  "secondaryType": "psychic",
  "abilities": [
    "clearbody",
    "h:lightmetal"
  ],
  "baseStats": {
    "hp": 80,
    "attack": 135,
    "defence": 130,
    "special_attack": 95,
    "special_defence": 90,
    "speed": 70
  },
  "catchRate": 3,
  "maleRatio": -1,
  "shoulderMountable": false,
  "forms": [
    {
      "name": "Mega",
      "primaryType": "steel",
      "secondaryType": "psychic",
      "abilities": [
        "toughclaws"
      ],
      "baseStats": {
        "hp": 80,
        "attack": 145,
        "defence": 150,
        "special_attack": 105,
        "special_defence": 110,
        "speed": 110
      },
      "catchRate": 3,
      "maleRatio": -1,
      "baseExperienceYield": 315,
      "baseFriendship": 35,
      "evYield": {
        "hp": 0,
        "attack": 0,
        "defence": 3,
        "special_attack": 0,
        "special_defence": 0,
        "speed": 0
      },
      "experienceGroup": "slow",
      "eggCycles": 40,
      "eggGroups": [
        "mineral"
      ],
      "moves": [],
      "labels": [
        "gen6",
        "mega",
        "pseudo_legendary"
      ],
      "aspects": [
        "mega"
      ],
      "height": 25,
      "weight": 9429,
      "evolutions": [],
      "cannotDynamax": false,
      "battleOnly": true
    }
  ],
  "baseExperienceYield": 300,
  "experienceGroup": "slow",
  "eggCycles": 40,
  "eggGroups": [
    "mineral"
  ],
  "moves": [
    "1:confusion",
    "1:magnetrise",
    "1:metalclaw",
    "1:scaryface",
    "1:tackle",
    "1:takedown",
    "16:flashcannon",
    "26:miracleeye",
    "32:bulletpunch",
    "32:pursuit",
    "38:psychic",
    "44:irondefense",
    "45:hammerarm",
    "55:meteormash",
    "62:zenheadbutt",
    "66:agility",
    "77:hyperbeam",
    "100:aerialace",
    "100:agility",
    "100:allyswitch",
    "100:bodypress",
    "100:bodyslam",
    "100:brickbreak",
    "100:brutalswing",
    "100:bulldoze",
    "100:confide",
    "100:cosmicpower",
    "100:cut",
    "100:doubleteam",
    "100:earthquake",
    "100:endure",
    "100:explosion",
    "100:facade",
    "100:flash",
    "100:flashcannon",
    "100:frustration",
    "100:gigaimpact",
    "100:grassknot",
    "100:gyroball",
    "100:hiddenpower",
    "100:honeclaws",
    "100:hyperbeam",
    "100:icepunch",
    "100:icywind",
    "100:irondefense",
    "100:ironhead",
    "100:lightscreen",
    "100:naturalgift",
    "100:poweruppunch",
    "100:protect",
    "100:psychic",
    "100:psychocut",
    "100:psychup",
    "100:psyshock",
    "100:raindance",
    "100:reflect",
    "100:rest",
    "100:return",
    "100:rockpolish",
    "100:rockslide",
    "100:rocksmash",
    "100:rocktomb",
    "100:round",
    "100:sandstorm",
    "100:scaryface",
    "100:secretpower",
    "100:selfdestruct",
    "100:shadowball",
    "100:sleeptalk",
    "100:sludgebomb",
    "100:snore",
    "100:stealthrock",
    "100:stompingtantrum",
    "100:strength",
    "100:substitute",
    "100:sunnyday",
    "100:swagger",
    "100:swift",
    "100:telekinesis",
    "100:thunderpunch",
    "100:toxic",
    "100:trick",
    "100:zenheadbutt",
    "100:agility",
    "100:allyswitch",
    "100:block",
    "100:bodyslam",
    "100:bulletpunch",
    "100:defensecurl",
    "100:doubleedge",
    "100:dynamicpunch",
    "100:earthquake",
    "100:endure",
    "100:expandingforce",
    "100:explosion",
    "100:furycutter",
    "100:gravity",
    "100:hammerarm",
    "100:headbutt",
    "100:hyperbeam",
    "100:icepunch",
    "100:icywind",
    "100:irondefense",
    "100:ironhead",
    "100:laserfocus",
    "100:magnetrise",
    "100:meteorbeam",
    "100:meteormash",
    "100:mimic",
    "100:mudslap",
    "100:protect",
    "100:psychic",
    "100:psychup",
    "100:rockslide",
    "100:rollout",
    "100:selfdestruct",
    "100:signalbeam",
    "100:sleeptalk",
    "100:snore",
    "100:stealthrock",
    "100:steelbeam",
    "100:steelroller",
    "100:stompingtantrum",
    "100:substitute",
    "100:swagger",
    "100:swift",
    "100:telekinesis",
    "100:thunderpunch",
    "100:trick",
    "100:zenheadbutt"
  ],
  "labels": [
    "gen3",
    "pseudo_legendary"
  ],
  "pokedex": [
    "cobblemon.species.metagross.desc"
  ],
  "preEvolution": "metang",
  "evolutions": [],
  "baseScale": 1,
  "hitbox": {
    "width": 1,
    "height": 1,
    "fixed": false
  },
  "baseFriendship": 35,
  "evYield": {
    "hp": 0,
    "attack": 0,
    "defence": 3,
    "special_attack": 0,
    "special_defence": 0,
    "speed": 0
  },
  "height": 16,
  "weight": 5500,
  "aspects": [],
  "cannotDynamax": false
}