{
  "implemented": true,
  "name": "Mudkip",
  "nationalPokedexNumber": 258,
  "primaryType": "water",
  "abilities": [
    "torrent",
    "h:damp"
  ],
  "baseStats": {
    "hp": 50,
    "attack": 70,
    "defence": 50,
    "special_attack": 50,
    "special_defence": 50,
    "speed": 40
  },
  "catchRate": 45,
  "maleRatio": 0.875,
  "shoulderMountable": false,
  "baseExperienceYield": 62,
  "experienceGroup": "medium_slow",
  "eggCycles": 20,
  "eggGroups": [
    "monster",
    "water_1"
  ],
  "behaviour": {
    "moving": {
      "swim": {
        "canSwimInWater": true,
        "canBreatheUnderwater": true
      }
    }
  },
  "drops": {
    "amount": "2",
    "entries": [
      {
        "item": "minecraft:clay_ball",
        "percentage": 50
      },
      {
        "item": "cobblemon:mystic_water",
        "percentage": 5
      }
    ]
  },
  "moves": [
    "1:growl",
    "1:tackle",
    "6:mudslap",
    "6:rocksmash",
    "10:watergun",
    "15:bide",
    "15:supersonic",
    "18:waterpulse",
    "19:foresight",
    "21:rockslide",
    "24:mudsport",
    "25:rockthrow",
    "27:amnesia",
    "28:takedown",
    "30:surf",
    "33:screech",
    "33:whirlpool",
    "37:protect",
    "42:hydropump",
    "46:endeavor",
    "100:ancientpower",
    "100:avalanche",
    "100:barrier",
    "100:bite",
    "100:counter",
    "100:curse",
    "100:doubleedge",
    "100:iceball",
    "100:mirrorcoat",
    "100:mudbomb",
    "100:mudslap",
    "100:refresh",
    "100:sludge",
    "100:stomp",
    "100:uproar",
    "100:whirlpool",
    "100:wideguard",
    "100:yawn",
    "100:amnesia",
    "100:attract",
    "100:avalanche",
    "100:blizzard",
    "100:bodyslam",
    "100:captivate",
    "100:confide",
    "100:dig",
    "100:dive",
    "100:doubleteam",
    "100:earthpower",
    "100:echoedvoice",
    "100:endure",
    "100:facade",
    "100:frustration",
    "100:hail",
    "100:hiddenpower",
    "100:hydropump",
    "100:icebeam",
    "100:icywind",
    "100:irontail",
    "100:lowkick",
    "100:naturalgift",
    "100:protect",
    "100:raindance",
    "100:rest",
    "100:return",
    "100:rockslide",
    "100:rocksmash",
    "100:rocktomb",
    "100:round",
    "100:scald",
    "100:screech",
    "100:secretpower",
    "100:sleeptalk",
    "100:sludgewave",
    "100:snore",
    "100:strength",
    "100:substitute",
    "100:superpower",
    "100:surf",
    "100:swagger",
    "100:toxic",
    "100:uproar",
    "100:waterfall",
    "100:waterpulse",
    "100:whirlpool",
    "100:workup",
    "100:ancientpower",
    "100:aquatail",
    "100:bodyslam",
    "100:defensecurl",
    "100:dive",
    "100:doubleedge",
    "100:earthpower",
    "100:endeavor",
    "100:endure",
    "100:growl",
    "100:headbutt",
    "100:icywind",
    "100:irontail",
    "100:lowkick",
    "100:mimic",
    "100:mudslap",
    "100:rollout",
    "100:sleeptalk",
    "100:snore",
    "100:substitute",
    "100:superpower",
    "100:swagger",
    "100:tackle",
    "100:uproar",
    "100:watergun",
    "100:waterpledge",
    "100:waterpulse"
  ],
  "labels": [
    "gen3"
  ],
  "pokedex": [
    "cobblemon.species.mudkip.desc"
  ],
  "evolutions": [
    {
      "id": "mudkip_marshtomp",
      "variant": "level_up",
      "result": "marshtomp",
      "consumeHeldItem": false,
      "learnableMoves": [
        "mudshot"
      ],
      "requirements": [
        {
          "variant": "level",
          "minLevel": 16
        }
      ]
    }
  ],
  "baseScale": 0.7,
  "hitbox": {
    "width": 0.9,
    "height": 0.8,
    "fixed": false
  },
  "baseFriendship": 50,
  "evYield": {
    "hp": 0,
    "attack": 1,
    "defence": 0,
    "special_attack": 0,
    "special_defence": 0,
    "speed": 0
  },
  "height": 4,
  "weight": 76,
  "aspects": [],
  "cannotDynamax": false
}