{
  "implemented": true,
  "name": "Plusle",
  "nationalPokedexNumber": 311,
  "primaryType": "electric",
  "abilities": [
    "plus",
    "h:lightningrod"
  ],
  "baseStats": {
    "hp": 60,
    "attack": 50,
    "defence": 40,
    "special_attack": 85,
    "special_defence": 75,
    "speed": 95
  },
  "catchRate": 200,
  "maleRatio": 0.5,
  "shoulderMountable": false,
  "baseExperienceYield": 142,
  "experienceGroup": "medium_fast",
  "eggCycles": 20,
  "eggGroups": [
    "fairy"
  ],
  "drops": {
    "amount": "1",
    "entries": [
      {
        "item": "cobblemon:magnet",
        "percentage": 5
      }
    ]
  },
  "moves": [
    "1:growl",
    "1:nuzzle",
    "1:playnice",
    "4:thunderwave",
    "10:quickattack",
    "13:bestow",
    "13:helpinghand",
    "19:spark",
    "22:encore",
    "24:copycat",
    "25:charm",
    "28:faketears",
    "29:electroball",
    "29:swift",
    "31:charge",
    "31:discharge",
    "37:thunder",
    "40:batonpass",
    "47:agility",
    "48:lastresort",
    "51:nastyplot",
    "63:entrainment",
    "100:charm",
    "100:discharge",
    "100:faketears",
    "100:luckychant",
    "100:sing",
    "100:substitute",
    "100:sweetkiss",
    "100:tearfullook",
    "100:wish",
    "100:attract",
    "100:captivate",
    "100:chargebeam",
    "100:confide",
    "100:doubleteam",
    "100:echoedvoice",
    "100:endure",
    "100:facade",
    "100:flash",
    "100:fling",
    "100:frustration",
    "100:grassknot",
    "100:hiddenpower",
    "100:irontail",
    "100:lightscreen",
    "100:naturalgift",
    "100:protect",
    "100:raindance",
    "100:rest",
    "100:return",
    "100:round",
    "100:secretpower",
    "100:shockwave",
    "100:sleeptalk",
    "100:substitute",
    "100:swagger",
    "100:thunder",
    "100:thunderbolt",
    "100:thunderwave",
    "100:toxic",
    "100:voltswitch",
    "100:wildcharge",
    "100:bodyslam",
    "100:counter",
    "100:covet",
    "100:defensecurl",
    "100:discharge",
    "100:doubleedge",
    "100:dynamicpunch",
    "100:electroweb",
    "100:endure",
    "100:growl",
    "100:headbutt",
    "100:helpinghand",
    "100:irontail",
    "100:lastresort",
    "100:magnetrise",
    "100:megakick",
    "100:megapunch",
    "100:metronome",
    "100:mimic",
    "100:mudslap",
    "100:quickattack",
    "100:rollout",
    "100:seismictoss",
    "100:shockwave",
    "100:signalbeam",
    "100:sleeptalk",
    "100:snore",
    "100:substitute",
    "100:swagger",
    "100:swift",
    "100:thunderpunch",
    "100:thunderwave",
    "100:uproar",
    "100:watersport"
  ],
  "labels": [
    "gen3"
  ],
  "pokedex": [
    "cobblemon.species.plusle.desc"
  ],
  "evolutions": [],
  "baseScale": 0.6,
  "hitbox": {
    "width": 0.7,
    "height": 0.9,
    "fixed": false
  },
  "baseFriendship": 70,
  "evYield": {
    "hp": 0,
    "attack": 0,
    "defence": 0,
    "special_attack": 0,
    "special_defence": 0,
    "speed": 1
  },
  "height": 4,
  "weight": 42,
  "aspects": [],
  "cannotDynamax": false
}