{
  "name": "Roselia",
  "nationalPokedexNumber": 315,
  "primaryType": "grass",
  "secondaryType": "poison",
  "abilities": [
    "naturalcure",
    "poisonpoint",
    "h:leafguard"
  ],
  "baseStats": {
    "hp": 50,
    "attack": 60,
    "defence": 45,
    "special_attack": 100,
    "special_defence": 80,
    "speed": 65
  },
  "catchRate": 150,
  "maleRatio": 0.5,
  "shoulderMountable": false,
  "baseExperienceYield": 140,
  "experienceGroup": "medium_slow",
  "eggCycles": 20,
  "eggGroups": [
    "fairy",
    "grass"
  ],
  "moves": [
    "1:absorb",
    "1:worryseed",
    "5:growth",
    "9:poisonsting",
    "13:stunspore",
    "17:megadrain",
    "21:leechseed",
    "25:magicalleaf",
    "28:toxicspikes",
    "29:grasswhistle",
    "33:gigadrain",
    "37:petalblizzard",
    "37:sweetscent",
    "41:ingrain",
    "45:toxic",
    "49:petaldance",
    "53:aromatherapy",
    "57:synthesis",
    "100:bulletseed",
    "100:cottonspore",
    "100:extrasensory",
    "100:gigadrain",
    "100:grasswhistle",
    "100:leafstorm",
    "100:lifedew",
    "100:mindreader",
    "100:naturalgift",
    "100:pinmissile",
    "100:powerwhip",
    "100:razorleaf",
    "100:seedbomb",
    "100:sleeppowder",
    "100:spikes",
    "100:synthesis",
    "100:attract",
    "100:bodyslam",
    "100:bulletseed",
    "100:captivate",
    "100:confide",
    "100:cut",
    "100:dazzlinggleam",
    "100:doubleteam",
    "100:endure",
    "100:energyball",
    "100:facade",
    "100:flash",
    "100:frustration",
    "100:gigadrain",
    "100:grassknot",
    "100:hiddenpower",
    "100:leafstorm",
    "100:magicalleaf",
    "100:naturalgift",
    "100:naturepower",
    "100:pinmissile",
    "100:poisonjab",
    "100:powerwhip",
    "100:protect",
    "100:psychup",
    "100:raindance",
    "100:rest",
    "100:return",
    "100:round",
    "100:secretpower",
    "100:seedbomb",
    "100:shadowball",
    "100:sleeptalk",
    "100:sludgebomb",
    "100:snore",
    "100:solarbeam",
    "100:spikes",
    "100:substitute",
    "100:sunnyday",
    "100:swagger",
    "100:swift",
    "100:swordsdance",
    "100:toxic",
    "100:toxicspikes",
    "100:uproar",
    "100:venoshock",
    "100:weatherball",
    "100:absorb",
    "100:bodyslam",
    "100:covet",
    "100:doubleedge",
    "100:endure",
    "100:furycutter",
    "100:gigadrain",
    "100:grasswhistle",
    "100:grassyglide",
    "100:growth",
    "100:leechseed",
    "100:magicalleaf",
    "100:mimic",
    "100:mudslap",
    "100:nightmare",
    "100:poisonsting",
    "100:psychup",
    "100:seedbomb",
    "100:sleeppowder",
    "100:sleeptalk",
    "100:snore",
    "100:substitute",
    "100:swagger",
    "100:sweetkiss",
    "100:swift",
    "100:swordsdance",
    "100:synthesis",
    "100:worryseed"
  ],
  "labels": [
    "gen3"
  ],
  "pokedex": [
    "cobblemon.species.roselia.desc"
  ],
  "preEvolution": "budew",
  "evolutions": [
    {
      "id": "roselia_roserade",
      "variant": "item_interact",
      "result": "roserade",
      "consumeHeldItem": false,
      "learnableMoves": [],
      "requirements": [],
      "requiredContext": "cobblemon:shiny_stone"
    }
  ],
  "baseScale": 1,
  "hitbox": {
    "width": 1,
    "height": 1,
    "fixed": false
  },
  "baseFriendship": 50,
  "evYield": {
    "hp": 0,
    "attack": 0,
    "defence": 0,
    "special_attack": 2,
    "special_defence": 0,
    "speed": 0
  },
  "height": 3,
  "weight": 20,
  "aspects": [],
  "cannotDynamax": false
}