{
  "name": "Salamence",
  "nationalPokedexNumber": 373,
  "primaryType": "dragon",
  "secondaryType": "flying",
  "abilities": [
    "intimidate",
    "h:moxie"
  ],
  "baseStats": {
    "hp": 95,
    "attack": 135,
    "defence": 80,
    "special_attack": 110,
    "special_defence": 80,
    "speed": 100
  },
  "catchRate": 45,
  "maleRatio": 0.5,
  "shoulderMountable": false,
  "forms": [
    {
      "name": "Mega",
      "primaryType": "dragon",
      "secondaryType": "flying",
      "abilities": [
        "aerilate"
      ],
      "baseStats": {
        "hp": 95,
        "attack": 145,
        "defence": 130,
        "special_attack": 120,
        "special_defence": 90,
        "speed": 120
      },
      "catchRate": 45,
      "maleRatio": 0.5,
      "baseExperienceYield": 315,
      "baseFriendship": 35,
      "evYield": {
        "hp": 0,
        "attack": 3,
        "defence": 0,
        "special_attack": 0,
        "special_defence": 0,
        "speed": 0
      },
      "experienceGroup": "slow",
      "eggCycles": 40,
      "eggGroups": [
        "dragon"
      ],
      "moves": [],
      "labels": [
        "gen6",
        "mega",
        "pseudo_legendary"
      ],
      "aspects": [
        "mega"
      ],
      "height": 18,
      "weight": 1126,
      "evolutions": [],
      "cannotDynamax": false,
      "battleOnly": true
    }
  ],
  "baseExperienceYield": 300,
  "experienceGroup": "slow",
  "eggCycles": 40,
  "eggGroups": [
    "dragon"
  ],
  "moves": [
    "1:bite",
    "1:dualwingbeat",
    "1:firefang",
    "1:headbutt",
    "1:leer",
    "1:rage",
    "1:roost",
    "1:thunderfang",
    "21:focusenergy",
    "25:ember",
    "30:protect",
    "37:zenheadbutt",
    "38:dragonbreath",
    "47:scaryface",
    "49:flamethrower",
    "50:fly",
    "61:crunch",
    "64:outrage",
    "79:dragonclaw",
    "80:dragontail",
    "93:doubleedge",
    "100:aerialace",
    "100:airslash",
    "100:attract",
    "100:bodyslam",
    "100:breakingswipe",
    "100:brickbreak",
    "100:brutalswing",
    "100:bulldoze",
    "100:captivate",
    "100:confide",
    "100:crunch",
    "100:cut",
    "100:defog",
    "100:doubleteam",
    "100:dracometeor",
    "100:dragonclaw",
    "100:dragondance",
    "100:dragonpulse",
    "100:dragontail",
    "100:earthquake",
    "100:endure",
    "100:facade",
    "100:fireblast",
    "100:firefang",
    "100:firespin",
    "100:flamethrower",
    "100:fly",
    "100:focusenergy",
    "100:frustration",
    "100:gigaimpact",
    "100:heatwave",
    "100:helpinghand",
    "100:hiddenpower",
    "100:honeclaws",
    "100:hurricane",
    "100:hydropump",
    "100:hyperbeam",
    "100:hypervoice",
    "100:incinerate",
    "100:irondefense",
    "100:ironhead",
    "100:irontail",
    "100:mudslap",
    "100:naturalgift",
    "100:outrage",
    "100:protect",
    "100:psychicfangs",
    "100:raindance",
    "100:rest",
    "100:return",
    "100:roar",
    "100:rockslide",
    "100:rocksmash",
    "100:rocktomb",
    "100:roost",
    "100:round",
    "100:scaryface",
    "100:secretpower",
    "100:shadowclaw",
    "100:sleeptalk",
    "100:snore",
    "100:steelwing",
    "100:stoneedge",
    "100:strength",
    "100:substitute",
    "100:sunnyday",
    "100:swagger",
    "100:swift",
    "100:tailwind",
    "100:takedown",
    "100:terablast",
    "100:thunderfang",
    "100:toxic",
    "100:zenheadbutt",
    "100:aerialace",
    "100:aircutter",
    "100:aquatail",
    "100:bodyslam",
    "100:defensecurl",
    "100:defog",
    "100:doubleedge",
    "100:dracometeor",
    "100:dragonbreath",
    "100:dragonclaw",
    "100:dragondance",
    "100:dragonpulse",
    "100:dualwingbeat",
    "100:endure",
    "100:fireblast",
    "100:fly",
    "100:furycutter",
    "100:headbutt",
    "100:heatwave",
    "100:hydropump",
    "100:hypervoice",
    "100:irontail",
    "100:laserfocus",
    "100:mimic",
    "100:mudslap",
    "100:ominouswind",
    "100:outrage",
    "100:protect",
    "100:refresh",
    "100:rockslide",
    "100:rollout",
    "100:roost",
    "100:scaryface",
    "100:sleeptalk",
    "100:snore",
    "100:stoneedge",
    "100:substitute",
    "100:swagger",
    "100:swift",
    "100:tailwind",
    "100:twister",
    "100:zenheadbutt"
  ],
  "labels": [
    "gen3",
    "pseudo_legendary"
  ],
  "pokedex": [
    "cobblemon.species.salamence.desc"
  ],
  "preEvolution": "shelgon",
  "evolutions": [],
  "baseScale": 1,
  "hitbox": {
    "width": 1,
    "height": 1,
    "fixed": false
  },
  "baseFriendship": 35,
  "evYield": {
    "hp": 0,
    "attack": 3,
    "defence": 0,
    "special_attack": 0,
    "special_defence": 0,
    "speed": 0
  },
  "height": 15,
  "weight": 1026,
  "aspects": [],
  "cannotDynamax": false
}