{
  "name": "Sealeo",
  "nationalPokedexNumber": 364,
  "primaryType": "ice",
  "secondaryType": "water",
  "abilities": [
    "thickfat",
    "icebody",
    "h:oblivious"
  ],
  "baseStats": {
    "hp": 90,
    "attack": 60,
    "defence": 70,
    "special_attack": 75,
    "special_defence": 70,
    "speed": 45
  },
  "catchRate": 120,
  "maleRatio": 0.5,
  "shoulderMountable": false,
  "baseExperienceYield": 144,
  "experienceGroup": "medium_slow",
  "eggCycles": 20,
  "eggGroups": [
    "water_1",
    "field"
  ],
  "moves": [
    "1:defensecurl",
    "1:encore",
    "1:growl",
    "1:powdersnow",
    "1:watergun",
    "5:rollout",
    "13:iceball",
    "17:brine",
    "19:bodyslam",
    "25:aurorabeam",
    "31:hail",
    "32:swagger",
    "39:rest",
    "39:snore",
    "46:surf",
    "47:blizzard",
    "55:sheercold",
    "100:attract",
    "100:blizzard",
    "100:bodyslam",
    "100:brine",
    "100:bulldoze",
    "100:captivate",
    "100:confide",
    "100:dive",
    "100:doubleteam",
    "100:earthquake",
    "100:echoedvoice",
    "100:encore",
    "100:endure",
    "100:facade",
    "100:frostbreath",
    "100:frustration",
    "100:hail",
    "100:hiddenpower",
    "100:icebeam",
    "100:iciclespear",
    "100:icywind",
    "100:irontail",
    "100:naturalgift",
    "100:protect",
    "100:raindance",
    "100:rest",
    "100:return",
    "100:roar",
    "100:rockslide",
    "100:rocksmash",
    "100:rocktomb",
    "100:round",
    "100:secretpower",
    "100:sleeptalk",
    "100:snore",
    "100:strength",
    "100:substitute",
    "100:surf",
    "100:swagger",
    "100:toxic",
    "100:waterfall",
    "100:waterpulse",
    "100:whirlpool",
    "100:aquatail",
    "100:bodyslam",
    "100:defensecurl",
    "100:dive",
    "100:doubleedge",
    "100:endure",
    "100:headbutt",
    "100:icywind",
    "100:irontail",
    "100:mimic",
    "100:mudslap",
    "100:rockslide",
    "100:rollout",
    "100:signalbeam",
    "100:sleeptalk",
    "100:snore",
    "100:steelroller",
    "100:substitute",
    "100:superfang",
    "100:swagger",
    "100:waterpulse"
  ],
  "labels": [
    "gen3"
  ],
  "pokedex": [
    "cobblemon.species.sealeo.desc"
  ],
  "preEvolution": "spheal",
  "evolutions": [
    {
      "id": "sealeo_walrein",
      "variant": "level_up",
      "result": "walrein",
      "consumeHeldItem": false,
      "learnableMoves": [],
      "requirements": [
        {
          "variant": "level",
          "minLevel": 44
        }
      ]
    }
  ],
  "baseScale": 1,
  "hitbox": {
    "width": 1,
    "height": 1,
    "fixed": false
  },
  "baseFriendship": 50,
  "evYield": {
    "hp": 2,
    "attack": 0,
    "defence": 0,
    "special_attack": 0,
    "special_defence": 0,
    "speed": 0
  },
  "height": 11,
  "weight": 876,
  "aspects": [],
  "cannotDynamax": false
}