{
  "implemented": true,
  "name": "Seedot",
  "nationalPokedexNumber": 273,
  "primaryType": "grass",
  "abilities": [
    "chlorophyll",
    "earlybird",
    "h:pickpocket"
  ],
  "baseStats": {
    "hp": 40,
    "attack": 40,
    "defence": 50,
    "special_attack": 30,
    "special_defence": 30,
    "speed": 30
  },
  "catchRate": 255,
  "maleRatio": 0.5,
  "shoulderMountable": false,
  "baseExperienceYield": 44,
  "experienceGroup": "medium_slow",
  "eggCycles": 15,
  "eggGroups": [
    "field",
    "grass"
  ],
  "moves": [
    "1:bide",
    "1:tackle",
    "3:absorb",
    "3:harden",
    "6:astonish",
    "7:growth",
    "12:rollout",
    "13:naturepower",
    "15:megadrain",
    "18:payback",
    "21:synthesis",
    "30:suckerpunch",
    "31:sunnyday",
    "43:explosion",
    "100:amnesia",
    "100:beatup",
    "100:bulletseed",
    "100:defog",
    "100:falseswipe",
    "100:foulplay",
    "100:grassyterrain",
    "100:leechseed",
    "100:nastyplot",
    "100:nightslash",
    "100:powerswap",
    "100:quickattack",
    "100:razorwind",
    "100:takedown",
    "100:worryseed",
    "100:amnesia",
    "100:attract",
    "100:beatup",
    "100:bodyslam",
    "100:bulletseed",
    "100:captivate",
    "100:confide",
    "100:dig",
    "100:doubleteam",
    "100:endure",
    "100:energyball",
    "100:explosion",
    "100:facade",
    "100:falseswipe",
    "100:flash",
    "100:foulplay",
    "100:frustration",
    "100:gigadrain",
    "100:grassknot",
    "100:grassyterrain",
    "100:hiddenpower",
    "100:nastyplot",
    "100:naturalgift",
    "100:naturepower",
    "100:payback",
    "100:powerswap",
    "100:protect",
    "100:rest",
    "100:retaliate",
    "100:return",
    "100:rocksmash",
    "100:round",
    "100:secretpower",
    "100:seedbomb",
    "100:selfdestruct",
    "100:shadowball",
    "100:sleeptalk",
    "100:snore",
    "100:solarbeam",
    "100:substitute",
    "100:sunnyday",
    "100:swagger",
    "100:swordsdance",
    "100:toxic",
    "100:bide",
    "100:bodyslam",
    "100:bulletseed",
    "100:defensecurl",
    "100:defog",
    "100:doubleedge",
    "100:endure",
    "100:explosion",
    "100:foulplay",
    "100:gigadrain",
    "100:grassyglide",
    "100:growth",
    "100:harden",
    "100:headbutt",
    "100:mimic",
    "100:refresh",
    "100:rollout",
    "100:secretpower",
    "100:seedbomb",
    "100:selfdestruct",
    "100:sleeptalk",
    "100:snore",
    "100:spite",
    "100:substitute",
    "100:swagger",
    "100:swordsdance",
    "100:synthesis",
    "100:worryseed"
  ],
  "labels": [
    "gen3"
  ],
  "pokedex": [
    "cobblemon.species.seedot.desc"
  ],
  "evolutions": [
    {
      "id": "seedot_nuzleaf",
      "variant": "level_up",
      "result": "nuzleaf",
      "consumeHeldItem": false,
      "learnableMoves": [
        "razorleaf"
      ],
      "requirements": [
        {
          "variant": "level",
          "minLevel": 14
        }
      ]
    }
  ],
  "baseScale": 1,
  "hitbox": {
    "width": 1,
    "height": 1,
    "fixed": false
  },
  "baseFriendship": 50,
  "evYield": {
    "hp": 0,
    "attack": 0,
    "defence": 1,
    "special_attack": 0,
    "special_defence": 0,
    "speed": 0
  },
  "height": 5,
  "weight": 40,
  "aspects": [],
  "cannotDynamax": false
}