{
  "implemented": true,
  "name": "Sharpedo",
  "nationalPokedexNumber": 319,
  "primaryType": "water",
  "secondaryType": "dark",
  "abilities": [
    "roughskin",
    "h:speedboost"
  ],
  "baseStats": {
    "hp": 70,
    "attack": 120,
    "defence": 40,
    "special_attack": 95,
    "special_defence": 40,
    "speed": 95
  },
  "catchRate": 60,
  "maleRatio": 0.5,
  "shoulderMountable": false,
  "behaviour": {
    "moving": {
      "canLook": false,
      "walk": {
        "avoidsLand": true
      },
      "swim": {
        "swimSpeed": 0.1,
        "canSwimInWater": true,
        "canBreatheUnderwater": true
      }
    }
  },
  "forms": [
    {
      "name": "Mega",
      "primaryType": "water",
      "secondaryType": "dark",
      "abilities": [
        "strongjaw"
      ],
      "baseStats": {
        "hp": 70,
        "attack": 140,
        "defence": 70,
        "special_attack": 110,
        "special_defence": 65,
        "speed": 105
      },
      "catchRate": 60,
      "maleRatio": 0.5,
      "baseExperienceYield": 196,
      "baseFriendship": 35,
      "evYield": {
        "hp": 0,
        "attack": 2,
        "defence": 0,
        "special_attack": 0,
        "special_defence": 0,
        "speed": 0
      },
      "experienceGroup": "slow",
      "eggCycles": 20,
      "eggGroups": [
        "water_2"
      ],
      "moves": [],
      "labels": [
        "gen6",
        "mega"
      ],
      "aspects": [
        "mega"
      ],
      "height": 25,
      "weight": 1303,
      "evolutions": [],
      "cannotDynamax": false,
      "battleOnly": true
    }
  ],
  "baseExperienceYield": 161,
  "experienceGroup": "slow",
  "eggCycles": 20,
  "eggGroups": [
    "water_2"
  ],
  "drops": {
    "amount": "1",
    "entries": [
      {
        "item": "cobblemon:deep_sea_tooth",
        "percentage": 5
      }
    ]
  },
  "moves": [
    "1:bite",
    "1:feint",
    "1:focusenergy",
    "1:leer",
    "1:rage",
    "16:icefang",
    "16:scaryface",
    "22:crunch",
    "26:assurance",
    "28:screech",
    "33:slash",
    "34:aquajet",
    "34:poisonfang",
    "38:taunt",
    "43:swagger",
    "46:liquidation",
    "48:skullbash",
    "52:takedown",
    "53:agility",
    "56:nightslash",
    "100:agility",
    "100:assurance",
    "100:attract",
    "100:avalanche",
    "100:blizzard",
    "100:bounce",
    "100:brine",
    "100:bulldoze",
    "100:captivate",
    "100:closecombat",
    "100:confide",
    "100:crunch",
    "100:darkpulse",
    "100:dive",
    "100:doubleteam",
    "100:earthquake",
    "100:endure",
    "100:facade",
    "100:focusenergy",
    "100:frustration",
    "100:gigaimpact",
    "100:hail",
    "100:hiddenpower",
    "100:hydropump",
    "100:hyperbeam",
    "100:icebeam",
    "100:icefang",
    "100:icywind",
    "100:liquidation",
    "100:naturalgift",
    "100:payback",
    "100:poisonjab",
    "100:protect",
    "100:psychicfangs",
    "100:raindance",
    "100:rest",
    "100:retaliate",
    "100:return",
    "100:roar",
    "100:rocksmash",
    "100:rocktomb",
    "100:round",
    "100:scald",
    "100:scaryface",
    "100:screech",
    "100:secretpower",
    "100:sleeptalk",
    "100:snarl",
    "100:snore",
    "100:strength",
    "100:substitute",
    "100:surf",
    "100:swagger",
    "100:swift",
    "100:taunt",
    "100:thief",
    "100:torment",
    "100:toxic",
    "100:uproar",
    "100:waterfall",
    "100:waterpulse",
    "100:whirlpool",
    "100:zenheadbutt",
    "100:ancientpower",
    "100:aquajet",
    "100:bounce",
    "100:crunch",
    "100:darkpulse",
    "100:destinybond",
    "100:dive",
    "100:doubleedge",
    "100:endure",
    "100:flipturn",
    "100:furycutter",
    "100:icefang",
    "100:icywind",
    "100:liquidation",
    "100:mimic",
    "100:mudslap",
    "100:poisonfang",
    "100:scaleshot",
    "100:scaryface",
    "100:slash",
    "100:sleeptalk",
    "100:snore",
    "100:spite",
    "100:substitute",
    "100:superfang",
    "100:swagger",
    "100:swift",
    "100:uproar",
    "100:waterpulse",
    "100:zenheadbutt"
  ],
  "labels": [
    "gen3"
  ],
  "pokedex": [
    "cobblemon.species.sharpedo.desc"
  ],
  "preEvolution": "carvanha",
  "evolutions": [],
  "baseScale": 1,
  "hitbox": {
    "width": 1.2,
    "height": 1,
    "fixed": false
  },
  "baseFriendship": 35,
  "evYield": {
    "hp": 0,
    "attack": 2,
    "defence": 0,
    "special_attack": 0,
    "special_defence": 0,
    "speed": 0
  },
  "height": 18,
  "weight": 888,
  "aspects": [],
  "cannotDynamax": false
}