{
  "name": "Shelgon",
  "nationalPokedexNumber": 372,
  "primaryType": "dragon",
  "abilities": [
    "rockhead",
    "h:overcoat"
  ],
  "baseStats": {
    "hp": 65,
    "attack": 95,
    "defence": 100,
    "special_attack": 60,
    "special_defence": 50,
    "speed": 50
  },
  "catchRate": 45,
  "maleRatio": 0.5,
  "shoulderMountable": false,
  "baseExperienceYield": 147,
  "experienceGroup": "slow",
  "eggCycles": 40,
  "eggGroups": [
    "dragon"
  ],
  "moves": [
    "1:bite",
    "1:headbutt",
    "1:leer",
    "1:rage",
    "21:focusenergy",
    "25:ember",
    "30:protect",
    "37:zenheadbutt",
    "38:dragonbreath",
    "47:scaryface",
    "49:flamethrower",
    "56:crunch",
    "60:outrage",
    "69:dragonclaw",
    "78:doubleedge",
    "100:aerialace",
    "100:attract",
    "100:bodyslam",
    "100:brickbreak",
    "100:captivate",
    "100:confide",
    "100:crunch",
    "100:cut",
    "100:doubleteam",
    "100:dracometeor",
    "100:dragonclaw",
    "100:dragondance",
    "100:dragonpulse",
    "100:dragontail",
    "100:endure",
    "100:facade",
    "100:fireblast",
    "100:firefang",
    "100:firespin",
    "100:flamethrower",
    "100:focusenergy",
    "100:frustration",
    "100:helpinghand",
    "100:hiddenpower",
    "100:honeclaws",
    "100:hydropump",
    "100:hypervoice",
    "100:incinerate",
    "100:irondefense",
    "100:ironhead",
    "100:mudslap",
    "100:naturalgift",
    "100:outrage",
    "100:protect",
    "100:raindance",
    "100:rest",
    "100:return",
    "100:roar",
    "100:rockslide",
    "100:rocksmash",
    "100:rocktomb",
    "100:round",
    "100:scaryface",
    "100:secretpower",
    "100:shadowclaw",
    "100:sleeptalk",
    "100:snore",
    "100:strength",
    "100:substitute",
    "100:sunnyday",
    "100:swagger",
    "100:takedown",
    "100:terablast",
    "100:thunderfang",
    "100:toxic",
    "100:zenheadbutt",
    "100:bodyslam",
    "100:defensecurl",
    "100:doubleedge",
    "100:dracometeor",
    "100:dragonpulse",
    "100:endure",
    "100:furycutter",
    "100:headbutt",
    "100:hypervoice",
    "100:irondefense",
    "100:mimic",
    "100:mudslap",
    "100:outrage",
    "100:rockslide",
    "100:rollout",
    "100:sleeptalk",
    "100:snore",
    "100:substitute",
    "100:swagger",
    "100:twister",
    "100:zenheadbutt"
  ],
  "labels": [
    "gen3"
  ],
  "pokedex": [
    "cobblemon.species.shelgon.desc"
  ],
  "preEvolution": "bagon",
  "evolutions": [
    {
      "id": "shelgon_salamence",
      "variant": "level_up",
      "result": "salamence",
      "consumeHeldItem": false,
      "learnableMoves": [
        "fly"
      ],
      "requirements": [
        {
          "variant": "level",
          "minLevel": 50
        }
      ]
    }
  ],
  "baseScale": 1,
  "hitbox": {
    "width": 1,
    "height": 1,
    "fixed": false
  },
  "baseFriendship": 35,
  "evYield": {
    "hp": 0,
    "attack": 0,
    "defence": 2,
    "special_attack": 0,
    "special_defence": 0,
    "speed": 0
  },
  "height": 11,
  "weight": 1105,
  "aspects": [],
  "cannotDynamax": false
}