{
  "name": "Slaking",
  "nationalPokedexNumber": 289,
  "primaryType": "normal",
  "abilities": [
    "truant"
  ],
  "baseStats": {
    "hp": 150,
    "attack": 160,
    "defence": 100,
    "special_attack": 95,
    "special_defence": 65,
    "speed": 100
  },
  "catchRate": 45,
  "maleRatio": 0.5,
  "shoulderMountable": false,
  "baseExperienceYield": 252,
  "experienceGroup": "slow",
  "eggCycles": 15,
  "eggGroups": [
    "field"
  ],
  "moves": [
    "1:encore",
    "1:scratch",
    "1:slackoff",
    "1:suckerpunch",
    "1:yawn",
    "19:feintattack",
    "25:amnesia",
    "27:throatchop",
    "31:covet",
    "36:swagger",
    "37:chipaway",
    "37:counter",
    "43:flail",
    "49:fling",
    "52:megakick",
    "55:punishment",
    "61:hammerarm",
    "100:aerialace",
    "100:amnesia",
    "100:attract",
    "100:blizzard",
    "100:bodypress",
    "100:bodyslam",
    "100:brickbreak",
    "100:bulkup",
    "100:bulldoze",
    "100:captivate",
    "100:chillingwater",
    "100:confide",
    "100:cut",
    "100:dig",
    "100:doubleteam",
    "100:drainpunch",
    "100:earthquake",
    "100:encore",
    "100:endure",
    "100:facade",
    "100:falseswipe",
    "100:fireblast",
    "100:firepunch",
    "100:flamethrower",
    "100:fling",
    "100:focusblast",
    "100:focuspunch",
    "100:frustration",
    "100:gigaimpact",
    "100:gunkshot",
    "100:heavyslam",
    "100:helpinghand",
    "100:hiddenpower",
    "100:honeclaws",
    "100:hyperbeam",
    "100:hypervoice",
    "100:icebeam",
    "100:icepunch",
    "100:icywind",
    "100:incinerate",
    "100:lowkick",
    "100:lowsweep",
    "100:metalclaw",
    "100:metronome",
    "100:mudshot",
    "100:mudslap",
    "100:naturalgift",
    "100:outrage",
    "100:playrough",
    "100:poisonjab",
    "100:pounce",
    "100:poweruppunch",
    "100:protect",
    "100:quash",
    "100:raindance",
    "100:rest",
    "100:retaliate",
    "100:return",
    "100:reversal",
    "100:roar",
    "100:rockclimb",
    "100:rockslide",
    "100:rocksmash",
    "100:rocktomb",
    "100:round",
    "100:scaryface",
    "100:secretpower",
    "100:seedbomb",
    "100:shadowball",
    "100:shadowclaw",
    "100:shockwave",
    "100:sleeptalk",
    "100:smackdown",
    "100:solarbeam",
    "100:stompingtantrum",
    "100:strength",
    "100:substitute",
    "100:sunnyday",
    "100:swagger",
    "100:takedown",
    "100:taunt",
    "100:terablast",
    "100:thief",
    "100:thunder",
    "100:thunderbolt",
    "100:thunderpunch",
    "100:thunderwave",
    "100:toxic",
    "100:trailblaze",
    "100:waterpulse",
    "100:wildcharge",
    "100:workup",
    "100:xscissor",
    "100:zenheadbutt",
    "100:aerialace",
    "100:afteryou",
    "100:block",
    "100:bodyslam",
    "100:counter",
    "100:covet",
    "100:doubleedge",
    "100:dynamicpunch",
    "100:endure",
    "100:firepunch",
    "100:focuspunch",
    "100:furycutter",
    "100:gigaimpact",
    "100:gunkshot",
    "100:headbutt",
    "100:icepunch",
    "100:icywind",
    "100:lowkick",
    "100:megakick",
    "100:megapunch",
    "100:mimic",
    "100:mudslap",
    "100:return",
    "100:rockslide",
    "100:seismictoss",
    "100:shadowclaw",
    "100:shockwave",
    "100:sleeptalk",
    "100:snore",
    "100:stompingtantrum",
    "100:substitute",
    "100:suckerpunch",
    "100:swagger",
    "100:thunderpunch",
    "100:waterpulse"
  ],
  "labels": [
    "gen3"
  ],
  "pokedex": [
    "cobblemon.species.slaking.desc"
  ],
  "preEvolution": "vigoroth",
  "evolutions": [],
  "baseScale": 1,
  "hitbox": {
    "width": 1,
    "height": 1,
    "fixed": false
  },
  "baseFriendship": 70,
  "evYield": {
    "hp": 3,
    "attack": 0,
    "defence": 0,
    "special_attack": 0,
    "special_defence": 0,
    "speed": 0
  },
  "height": 20,
  "weight": 1305,
  "aspects": [],
  "cannotDynamax": false
}