{
  "name": "Solrock",
  "nationalPokedexNumber": 338,
  "primaryType": "rock",
  "secondaryType": "psychic",
  "abilities": [
    "levitate"
  ],
  "baseStats": {
    "hp": 90,
    "attack": 95,
    "defence": 85,
    "special_attack": 55,
    "special_defence": 65,
    "speed": 70
  },
  "catchRate": 45,
  "maleRatio": -1,
  "shoulderMountable": false,
  "baseExperienceYield": 161,
  "experienceGroup": "fast",
  "eggCycles": 25,
  "eggGroups": [
    "mineral"
  ],
  "moves": [
    "1:flareblitz",
    "1:harden",
    "1:morningsun",
    "1:tackle",
    "5:hypnosis",
    "7:confusion",
    "13:rockthrow",
    "19:firespin",
    "20:rockpolish",
    "20:zenheadbutt",
    "25:psywave",
    "31:cosmicpower",
    "31:embargo",
    "33:psychic",
    "37:rockslide",
    "41:stoneedge",
    "42:healblock",
    "43:solarbeam",
    "49:explosion",
    "64:wonderroom",
    "100:acrobatics",
    "100:allyswitch",
    "100:batonpass",
    "100:bodyslam",
    "100:bulldoze",
    "100:calmmind",
    "100:chargebeam",
    "100:confide",
    "100:cosmicpower",
    "100:doubleteam",
    "100:dreameater",
    "100:earthpower",
    "100:earthquake",
    "100:embargo",
    "100:endure",
    "100:explosion",
    "100:facade",
    "100:fireblast",
    "100:firespin",
    "100:flamethrower",
    "100:flareblitz",
    "100:flash",
    "100:frustration",
    "100:gigaimpact",
    "100:grassknot",
    "100:gyroball",
    "100:heatwave",
    "100:helpinghand",
    "100:hiddenpower",
    "100:hyperbeam",
    "100:incinerate",
    "100:irondefense",
    "100:ironhead",
    "100:lightscreen",
    "100:naturalgift",
    "100:overheat",
    "100:powerswap",
    "100:protect",
    "100:psychic",
    "100:psychicterrain",
    "100:psychup",
    "100:psyshock",
    "100:raindance",
    "100:recycle",
    "100:reflect",
    "100:rest",
    "100:return",
    "100:rockblast",
    "100:rockpolish",
    "100:rockslide",
    "100:rocktomb",
    "100:round",
    "100:safeguard",
    "100:sandstorm",
    "100:sandtomb",
    "100:secretpower",
    "100:selfdestruct",
    "100:shadowball",
    "100:skillswap",
    "100:sleeptalk",
    "100:smackdown",
    "100:snore",
    "100:solarbeam",
    "100:stealthrock",
    "100:stompingtantrum",
    "100:stoneedge",
    "100:storedpower",
    "100:substitute",
    "100:sunnyday",
    "100:swagger",
    "100:swift",
    "100:swordsdance",
    "100:telekinesis",
    "100:toxic",
    "100:trickroom",
    "100:weatherball",
    "100:willowisp",
    "100:wonderroom",
    "100:zenheadbutt",
    "100:allyswitch",
    "100:ancientpower",
    "100:batonpass",
    "100:bodyslam",
    "100:confusion",
    "100:cosmicpower",
    "100:defensecurl",
    "100:doubleedge",
    "100:dreameater",
    "100:earthpower",
    "100:endure",
    "100:explosion",
    "100:gravity",
    "100:harden",
    "100:heatwave",
    "100:helpinghand",
    "100:hiddenpower",
    "100:irondefense",
    "100:ironhead",
    "100:laserfocus",
    "100:magiccoat",
    "100:meteorbeam",
    "100:mimic",
    "100:morningsun",
    "100:painsplit",
    "100:psychic",
    "100:psychup",
    "100:recycle",
    "100:rockslide",
    "100:rollout",
    "100:selfdestruct",
    "100:signalbeam",
    "100:skillswap",
    "100:sleeptalk",
    "100:snore",
    "100:solarbeam",
    "100:stealthrock",
    "100:stompingtantrum",
    "100:stoneedge",
    "100:substitute",
    "100:sunnyday",
    "100:swagger",
    "100:swift",
    "100:tackle",
    "100:telekinesis",
    "100:wonderroom",
    "100:zenheadbutt"
  ],
  "labels": [
    "gen3"
  ],
  "pokedex": [
    "cobblemon.species.solrock.desc"
  ],
  "evolutions": [],
  "baseScale": 1,
  "hitbox": {
    "width": 1,
    "height": 1,
    "fixed": false
  },
  "baseFriendship": 50,
  "evYield": {
    "hp": 0,
    "attack": 2,
    "defence": 0,
    "special_attack": 0,
    "special_defence": 0,
    "speed": 0
  },
  "height": 12,
  "weight": 1540,
  "aspects": [],
  "cannotDynamax": false
}