{
  "name": "Spheal",
  "nationalPokedexNumber": 363,
  "primaryType": "ice",
  "secondaryType": "water",
  "abilities": [
    "thickfat",
    "icebody",
    "h:oblivious"
  ],
  "baseStats": {
    "hp": 70,
    "attack": 40,
    "defence": 50,
    "special_attack": 55,
    "special_defence": 50,
    "speed": 25
  },
  "catchRate": 255,
  "maleRatio": 0.5,
  "shoulderMountable": false,
  "baseExperienceYield": 58,
  "experienceGroup": "medium_slow",
  "eggCycles": 20,
  "eggGroups": [
    "water_1",
    "field"
  ],
  "moves": [
    "1:defensecurl",
    "1:growl",
    "1:powdersnow",
    "1:watergun",
    "5:rollout",
    "7:encore",
    "13:iceball",
    "17:brine",
    "19:bodyslam",
    "25:aurorabeam",
    "31:hail",
    "37:rest",
    "37:snore",
    "40:surf",
    "43:blizzard",
    "49:sheercold",
    "100:aquaring",
    "100:bellydrum",
    "100:curse",
    "100:fissure",
    "100:rockslide",
    "100:rollout",
    "100:signalbeam",
    "100:sleeptalk",
    "100:spitup",
    "100:stockpile",
    "100:swallow",
    "100:waterpulse",
    "100:watersport",
    "100:yawn",
    "100:attract",
    "100:blizzard",
    "100:bodyslam",
    "100:brine",
    "100:bulldoze",
    "100:captivate",
    "100:confide",
    "100:dive",
    "100:doubleteam",
    "100:earthquake",
    "100:echoedvoice",
    "100:encore",
    "100:endure",
    "100:facade",
    "100:frostbreath",
    "100:frustration",
    "100:hail",
    "100:hiddenpower",
    "100:icebeam",
    "100:icywind",
    "100:irontail",
    "100:naturalgift",
    "100:protect",
    "100:raindance",
    "100:rest",
    "100:return",
    "100:rockslide",
    "100:rocksmash",
    "100:rocktomb",
    "100:round",
    "100:secretpower",
    "100:sleeptalk",
    "100:snore",
    "100:strength",
    "100:substitute",
    "100:surf",
    "100:swagger",
    "100:toxic",
    "100:waterfall",
    "100:waterpulse",
    "100:whirlpool",
    "100:aquatail",
    "100:aurorabeam",
    "100:bodyslam",
    "100:charm",
    "100:defensecurl",
    "100:dive",
    "100:doubleedge",
    "100:endure",
    "100:fissure",
    "100:headbutt",
    "100:icywind",
    "100:irontail",
    "100:mimic",
    "100:mudslap",
    "100:powdersnow",
    "100:rockslide",
    "100:rollout",
    "100:signalbeam",
    "100:sleeptalk",
    "100:snore",
    "100:steelroller",
    "100:substitute",
    "100:superfang",
    "100:swagger",
    "100:watergun",
    "100:waterpulse"
  ],
  "labels": [
    "gen3"
  ],
  "pokedex": [
    "cobblemon.species.spheal.desc"
  ],
  "evolutions": [
    {
      "id": "spheal_sealeo",
      "variant": "level_up",
      "result": "sealeo",
      "consumeHeldItem": false,
      "learnableMoves": [
        "swagger"
      ],
      "requirements": [
        {
          "variant": "level",
          "minLevel": 32
        }
      ]
    }
  ],
  "baseScale": 1,
  "hitbox": {
    "width": 1,
    "height": 1,
    "fixed": false
  },
  "baseFriendship": 50,
  "evYield": {
    "hp": 1,
    "attack": 0,
    "defence": 0,
    "special_attack": 0,
    "special_defence": 0,
    "speed": 0
  },
  "height": 8,
  "weight": 395,
  "aspects": [],
  "cannotDynamax": false
}