{
  "name": "Spoink",
  "nationalPokedexNumber": 325,
  "primaryType": "psychic",
  "abilities": [
    "thickfat",
    "owntempo",
    "h:gluttony"
  ],
  "baseStats": {
    "hp": 60,
    "attack": 25,
    "defence": 35,
    "special_attack": 70,
    "special_defence": 80,
    "speed": 60
  },
  "catchRate": 255,
  "maleRatio": 0.5,
  "shoulderMountable": false,
  "baseExperienceYield": 66,
  "experienceGroup": "fast",
  "eggCycles": 20,
  "eggGroups": [
    "field"
  ],
  "moves": [
    "1:splash",
    "7:confusion",
    "7:psywave",
    "10:growl",
    "10:odorsleuth",
    "16:psybeam",
    "19:psychup",
    "25:confuseray",
    "26:zenheadbutt",
    "28:magiccoat",
    "34:payback",
    "34:psychic",
    "34:psyshock",
    "37:rest",
    "37:snore",
    "43:bounce",
    "46:powergem",
    "100:amnesia",
    "100:endure",
    "100:extrasensory",
    "100:futuresight",
    "100:luckychant",
    "100:mirrorcoat",
    "100:simplebeam",
    "100:skillswap",
    "100:substitute",
    "100:trick",
    "100:whirlwind",
    "100:zenheadbutt",
    "100:amnesia",
    "100:attract",
    "100:bodyslam",
    "100:calmmind",
    "100:captivate",
    "100:chargebeam",
    "100:chillingwater",
    "100:confide",
    "100:confuseray",
    "100:dazzlinggleam",
    "100:doubleteam",
    "100:dreameater",
    "100:encore",
    "100:endure",
    "100:facade",
    "100:flash",
    "100:flashcannon",
    "100:frustration",
    "100:grassknot",
    "100:helpinghand",
    "100:hiddenpower",
    "100:icywind",
    "100:imprison",
    "100:irontail",
    "100:lightscreen",
    "100:naturalgift",
    "100:nightshade",
    "100:payback",
    "100:powergem",
    "100:protect",
    "100:psybeam",
    "100:psychic",
    "100:psychicterrain",
    "100:psychup",
    "100:psyshock",
    "100:raindance",
    "100:recycle",
    "100:reflect",
    "100:rest",
    "100:return",
    "100:round",
    "100:secretpower",
    "100:shadowball",
    "100:shockwave",
    "100:skillswap",
    "100:sleeptalk",
    "100:snarl",
    "100:snatch",
    "100:snowscape",
    "100:storedpower",
    "100:substitute",
    "100:sunnyday",
    "100:swagger",
    "100:swift",
    "100:takedown",
    "100:taunt",
    "100:telekinesis",
    "100:terablast",
    "100:thief",
    "100:thunderwave",
    "100:torment",
    "100:toxic",
    "100:trailblaze",
    "100:trick",
    "100:trickroom",
    "100:zenheadbutt",
    "100:allyswitch",
    "100:bodyslam",
    "100:bounce",
    "100:covet",
    "100:doubleedge",
    "100:dreameater",
    "100:endure",
    "100:headbutt",
    "100:healbell",
    "100:icywind",
    "100:irontail",
    "100:magiccoat",
    "100:mimic",
    "100:psychup",
    "100:psywave",
    "100:recycle",
    "100:roleplay",
    "100:shockwave",
    "100:signalbeam",
    "100:skillswap",
    "100:sleeptalk",
    "100:snatch",
    "100:snore",
    "100:splash",
    "100:substitute",
    "100:swagger",
    "100:swift",
    "100:telekinesis",
    "100:trick",
    "100:uproar",
    "100:zenheadbutt"
  ],
  "labels": [
    "gen3"
  ],
  "pokedex": [
    "cobblemon.species.spoink.desc"
  ],
  "evolutions": [
    {
      "id": "spoink_grumpig",
      "variant": "level_up",
      "result": "grumpig",
      "consumeHeldItem": false,
      "learnableMoves": [
        "teeterdance"
      ],
      "requirements": [
        {
          "variant": "level",
          "minLevel": 32
        }
      ]
    }
  ],
  "baseScale": 1,
  "hitbox": {
    "width": 1,
    "height": 1,
    "fixed": false
  },
  "baseFriendship": 70,
  "evYield": {
    "hp": 0,
    "attack": 0,
    "defence": 0,
    "special_attack": 0,
    "special_defence": 1,
    "speed": 0
  },
  "height": 7,
  "weight": 306,
  "aspects": [],
  "cannotDynamax": false
}