{
  "implemented": true,
  "name": "Swampert",
  "nationalPokedexNumber": 260,
  "primaryType": "water",
  "secondaryType": "ground",
  "abilities": [
    "torrent",
    "h:damp"
  ],
  "baseStats": {
    "hp": 100,
    "attack": 110,
    "defence": 90,
    "special_attack": 85,
    "special_defence": 90,
    "speed": 60
  },
  "catchRate": 45,
  "maleRatio": 0.875,
  "shoulderMountable": false,
  "forms": [
    {
      "name": "Mega",
      "primaryType": "water",
      "secondaryType": "ground",
      "abilities": [
        "swiftswim"
      ],
      "baseStats": {
        "hp": 100,
        "attack": 150,
        "defence": 110,
        "special_attack": 95,
        "special_defence": 110,
        "speed": 70
      },
      "catchRate": 45,
      "maleRatio": 0.875,
      "baseExperienceYield": 286,
      "baseFriendship": 50,
      "evYield": {
        "hp": 0,
        "attack": 3,
        "defence": 0,
        "special_attack": 0,
        "special_defence": 0,
        "speed": 0
      },
      "experienceGroup": "medium_slow",
      "eggCycles": 20,
      "eggGroups": [
        "monster",
        "water_1"
      ],
      "moves": [],
      "labels": [
        "gen6",
        "mega"
      ],
      "aspects": [
        "mega"
      ],
      "height": 19,
      "weight": 1020,
      "evolutions": [],
      "cannotDynamax": false,
      "battleOnly": true
    }
  ],
  "baseExperienceYield": 268,
  "experienceGroup": "medium_slow",
  "eggCycles": 20,
  "eggGroups": [
    "monster",
    "water_1"
  ],
  "drops": {
    "amount": "1",
    "entries": [
      {
        "item": "minecraft:clay_ball",
        "quantityRange": "1-3",
        "percentage": 75
      },
      {
        "item": "cobblemon:mystic_water",
        "percentage": 20
      }
    ]
  },
  "behaviour": {
    "moving": {
      "swim": {
        "canSwimInWater": true,
        "canBreatheUnderwater": true
      }
    }
  },
  "moves": [
    "1:growl",
    "1:mudslap",
    "1:rocksmash",
    "1:surf",
    "1:tackle",
    "1:watergun",
    "9:rockthrow",
    "15:bide",
    "15:supersonic",
    "16:mudshot",
    "20:foresight",
    "20:waterpulse",
    "25:mudbomb",
    "25:mudsport",
    "28:rockslide",
    "31:takedown",
    "35:amnesia",
    "39:muddywater",
    "46:protect",
    "49:screech",
    "52:earthquake",
    "61:endeavor",
    "63:hydropump",
    "69:hammerarm",
    "100:amnesia",
    "100:attract",
    "100:avalanche",
    "100:blizzard",
    "100:bodypress",
    "100:bodyslam",
    "100:brickbreak",
    "100:bulkup",
    "100:bulldoze",
    "100:captivate",
    "100:confide",
    "100:darkestlariat",
    "100:dig",
    "100:dive",
    "100:doubleteam",
    "100:earthpower",
    "100:earthquake",
    "100:echoedvoice",
    "100:endure",
    "100:facade",
    "100:fling",
    "100:focusblast",
    "100:focuspunch",
    "100:frustration",
    "100:gigaimpact",
    "100:hail",
    "100:hiddenpower",
    "100:highhorsepower",
    "100:hydropump",
    "100:hyperbeam",
    "100:icebeam",
    "100:icepunch",
    "100:icywind",
    "100:irontail",
    "100:liquidation",
    "100:lowkick",
    "100:megakick",
    "100:megapunch",
    "100:muddywater",
    "100:mudshot",
    "100:naturalgift",
    "100:outrage",
    "100:poweruppunch",
    "100:protect",
    "100:raindance",
    "100:rest",
    "100:return",
    "100:roar",
    "100:rockclimb",
    "100:rockslide",
    "100:rocksmash",
    "100:rocktomb",
    "100:round",
    "100:sandtomb",
    "100:scald",
    "100:screech",
    "100:secretpower",
    "100:sleeptalk",
    "100:sludgewave",
    "100:snore",
    "100:stealthrock",
    "100:stompingtantrum",
    "100:stoneedge",
    "100:strength",
    "100:substitute",
    "100:superpower",
    "100:surf",
    "100:swagger",
    "100:toxic",
    "100:uproar",
    "100:waterfall",
    "100:waterpulse",
    "100:whirlpool",
    "100:workup",
    "100:ancientpower",
    "100:aquatail",
    "100:bodyslam",
    "100:counter",
    "100:defensecurl",
    "100:dive",
    "100:doubleedge",
    "100:dynamicpunch",
    "100:earthpower",
    "100:earthquake",
    "100:endeavor",
    "100:endure",
    "100:flipturn",
    "100:focuspunch",
    "100:hammerarm",
    "100:headbutt",
    "100:hydrocannon",
    "100:hydropump",
    "100:icebeam",
    "100:icepunch",
    "100:icywind",
    "100:irontail",
    "100:lowkick",
    "100:megakick",
    "100:megapunch",
    "100:mimic",
    "100:mudslap",
    "100:outrage",
    "100:rockslide",
    "100:rollout",
    "100:seismictoss",
    "100:sleeptalk",
    "100:snore",
    "100:stealthrock",
    "100:stompingtantrum",
    "100:substitute",
    "100:superpower",
    "100:swagger",
    "100:uproar",
    "100:waterpledge",
    "100:waterpulse"
  ],
  "labels": [
    "gen3"
  ],
  "pokedex": [
    "cobblemon.species.swampert.desc"
  ],
  "preEvolution": "marshtomp",
  "evolutions": [],
  "baseScale": 1.1,
  "hitbox": {
    "width": 1.3,
    "height": 1.3,
    "fixed": false
  },
  "baseFriendship": 50,
  "evYield": {
    "hp": 0,
    "attack": 3,
    "defence": 0,
    "special_attack": 0,
    "special_defence": 0,
    "speed": 0
  },
  "height": 15,
  "weight": 819,
  "aspects": [],
  "cannotDynamax": false
}