{
  "implemented": true,
  "name": "Wailmer",
  "nationalPokedexNumber": 320,
  "primaryType": "water",
  "abilities": [
    "waterveil",
    "oblivious",
    "h:pressure"
  ],
  "baseStats": {
    "hp": 130,
    "attack": 70,
    "defence": 35,
    "special_attack": 70,
    "special_defence": 35,
    "speed": 60
  },
  "behaviour": {
    "moving": {
      "canLook": false,
      "walk": {
        "avoidsLand": true
      },
      "swim": {
        "swimSpeed": 0.1,
        "canSwimInWater": true,
        "canBreatheUnderwater": true
      }
    }
  },
  "catchRate": 125,
  "maleRatio": 0.5,
  "shoulderMountable": false,
  "baseExperienceYield": 80,
  "experienceGroup": "fluctuating",
  "eggCycles": 40,
  "eggGroups": [
    "field",
    "water_2"
  ],
  "drops": {
    "amount": "1",
    "entries": [
      {
        "item": "minecraft:bone_block",
        "percentage": 50
      }
    ]
  },
  "moves": [
    "1:splash",
    "5:growl",
    "10:watergun",
    "14:rollout",
    "19:whirlpool",
    "23:astonish",
    "28:waterpulse",
    "31:brine",
    "32:mist",
    "36:bodyslam",
    "37:rest",
    "41:dive",
    "41:waterspout",
    "44:bounce",
    "46:amnesia",
    "50:heavyslam",
    "50:hydropump",
    "100:aquaring",
    "100:bodyslam",
    "100:clearsmog",
    "100:curse",
    "100:defensecurl",
    "100:doubleedge",
    "100:fissure",
    "100:rollout",
    "100:sleeptalk",
    "100:snore",
    "100:soak",
    "100:swagger",
    "100:thrash",
    "100:tickle",
    "100:zenheadbutt",
    "100:amnesia",
    "100:attract",
    "100:avalanche",
    "100:blizzard",
    "100:bodypress",
    "100:bodyslam",
    "100:bounce",
    "100:brine",
    "100:bulldoze",
    "100:captivate",
    "100:confide",
    "100:dive",
    "100:doubleteam",
    "100:earthquake",
    "100:echoedvoice",
    "100:endure",
    "100:facade",
    "100:frustration",
    "100:hail",
    "100:heavyslam",
    "100:hiddenpower",
    "100:hydropump",
    "100:hypervoice",
    "100:icebeam",
    "100:icywind",
    "100:naturalgift",
    "100:protect",
    "100:raindance",
    "100:rest",
    "100:return",
    "100:roar",
    "100:rocksmash",
    "100:rocktomb",
    "100:round",
    "100:scald",
    "100:secretpower",
    "100:selfdestruct",
    "100:sleeptalk",
    "100:snore",
    "100:strength",
    "100:substitute",
    "100:surf",
    "100:swagger",
    "100:toxic",
    "100:waterfall",
    "100:waterpulse",
    "100:weatherball",
    "100:whirlpool",
    "100:zenheadbutt",
    "100:bodyslam",
    "100:bounce",
    "100:defensecurl",
    "100:dive",
    "100:doubleedge",
    "100:endure",
    "100:headbutt",
    "100:hypervoice",
    "100:icywind",
    "100:mimic",
    "100:rollout",
    "100:selfdestruct",
    "100:sleeptalk",
    "100:snore",
    "100:steelroller",
    "100:substitute",
    "100:swagger",
    "100:watergun",
    "100:waterpulse",
    "100:zenheadbutt"
  ],
  "labels": [
    "gen3"
  ],
  "pokedex": [
    "cobblemon.species.wailmer.desc"
  ],
  "evolutions": [
    {
      "id": "wailmer_wailord",
      "variant": "level_up",
      "result": "wailord",
      "consumeHeldItem": false,
      "learnableMoves": [],
      "requirements": [
        {
          "variant": "level",
          "minLevel": 40
        }
      ]
    }
  ],
  "baseScale": 1.8,
  "hitbox": {
    "width": 1,
    "height": 1,
    "fixed": false
  },
  "baseFriendship": 50,
  "evYield": {
    "hp": 1,
    "attack": 0,
    "defence": 0,
    "special_attack": 0,
    "special_defence": 0,
    "speed": 0
  },
  "height": 20,
  "weight": 1300,
  "aspects": [],
  "cannotDynamax": false
}