{
  "name": "Walrein",
  "nationalPokedexNumber": 365,
  "primaryType": "ice",
  "secondaryType": "water",
  "abilities": [
    "thickfat",
    "icebody",
    "h:oblivious"
  ],
  "baseStats": {
    "hp": 110,
    "attack": 80,
    "defence": 90,
    "special_attack": 95,
    "special_defence": 90,
    "speed": 65
  },
  "catchRate": 45,
  "maleRatio": 0.5,
  "shoulderMountable": false,
  "baseExperienceYield": 265,
  "experienceGroup": "medium_slow",
  "eggCycles": 20,
  "eggGroups": [
    "water_1",
    "field"
  ],
  "moves": [
    "1:crunch",
    "1:defensecurl",
    "1:encore",
    "1:growl",
    "1:powdersnow",
    "1:watergun",
    "7:rollout",
    "13:iceball",
    "19:bodyslam",
    "19:brine",
    "25:aurorabeam",
    "31:hail",
    "32:swagger",
    "39:rest",
    "39:snore",
    "44:icefang",
    "48:surf",
    "50:blizzard",
    "61:sheercold",
    "100:attract",
    "100:avalanche",
    "100:blizzard",
    "100:bodypress",
    "100:bodyslam",
    "100:brine",
    "100:bulldoze",
    "100:captivate",
    "100:confide",
    "100:crunch",
    "100:dive",
    "100:doubleteam",
    "100:earthquake",
    "100:echoedvoice",
    "100:encore",
    "100:endure",
    "100:facade",
    "100:frostbreath",
    "100:frustration",
    "100:gigaimpact",
    "100:hail",
    "100:heavyslam",
    "100:hiddenpower",
    "100:hydropump",
    "100:hyperbeam",
    "100:icebeam",
    "100:icefang",
    "100:iciclespear",
    "100:icywind",
    "100:ironhead",
    "100:irontail",
    "100:liquidation",
    "100:naturalgift",
    "100:protect",
    "100:raindance",
    "100:rest",
    "100:return",
    "100:roar",
    "100:rockslide",
    "100:rocksmash",
    "100:rocktomb",
    "100:round",
    "100:secretpower",
    "100:sleeptalk",
    "100:snore",
    "100:stompingtantrum",
    "100:strength",
    "100:substitute",
    "100:surf",
    "100:swagger",
    "100:swordsdance",
    "100:toxic",
    "100:waterfall",
    "100:waterpulse",
    "100:whirlpool",
    "100:aquatail",
    "100:block",
    "100:bodyslam",
    "100:brine",
    "100:defensecurl",
    "100:dive",
    "100:doubleedge",
    "100:endure",
    "100:furycutter",
    "100:hail",
    "100:headbutt",
    "100:icebeam",
    "100:icywind",
    "100:ironhead",
    "100:irontail",
    "100:mimic",
    "100:mudslap",
    "100:rockslide",
    "100:rollout",
    "100:sheercold",
    "100:signalbeam",
    "100:sleeptalk",
    "100:snore",
    "100:steelroller",
    "100:stompingtantrum",
    "100:substitute",
    "100:superfang",
    "100:swagger",
    "100:waterpulse"
  ],
  "labels": [
    "gen3"
  ],
  "pokedex": [
    "cobblemon.species.walrein.desc"
  ],
  "preEvolution": "sealeo",
  "evolutions": [],
  "baseScale": 1,
  "hitbox": {
    "width": 1,
    "height": 1,
    "fixed": false
  },
  "baseFriendship": 50,
  "evYield": {
    "hp": 3,
    "attack": 0,
    "defence": 0,
    "special_attack": 0,
    "special_defence": 0,
    "speed": 0
  },
  "height": 14,
  "weight": 1506,
  "aspects": [],
  "cannotDynamax": false
}