{
  "name": "Whiscash",
  "nationalPokedexNumber": 340,
  "primaryType": "water",
  "secondaryType": "ground",
  "abilities": [
    "oblivious",
    "anticipation",
    "h:hydration"
  ],
  "baseStats": {
    "hp": 110,
    "attack": 78,
    "defence": 73,
    "special_attack": 76,
    "special_defence": 71,
    "speed": 60
  },
  "catchRate": 75,
  "maleRatio": 0.5,
  "shoulderMountable": false,
  "baseExperienceYield": 164,
  "experienceGroup": "medium_fast",
  "eggCycles": 20,
  "eggGroups": [
    "water_2"
  ],
  "moves": [
    "1:belch",
    "1:mudslap",
    "1:mudsport",
    "1:thrash",
    "1:tickle",
    "1:watersport",
    "1:zenheadbutt",
    "11:watergun",
    "14:mudbomb",
    "16:magnitude",
    "21:amnesia",
    "22:waterpulse",
    "26:rest",
    "26:snore",
    "36:earthquake",
    "39:aquatail",
    "39:muddywater",
    "46:futuresight",
    "56:fissure",
    "100:amnesia",
    "100:attract",
    "100:blizzard",
    "100:bodyslam",
    "100:bounce",
    "100:bulldoze",
    "100:captivate",
    "100:chillingwater",
    "100:confide",
    "100:dive",
    "100:doubleteam",
    "100:dragondance",
    "100:earthpower",
    "100:earthquake",
    "100:endure",
    "100:facade",
    "100:frustration",
    "100:futuresight",
    "100:gigaimpact",
    "100:hail",
    "100:helpinghand",
    "100:hiddenpower",
    "100:hydropump",
    "100:hyperbeam",
    "100:icebeam",
    "100:icywind",
    "100:liquidation",
    "100:muddywater",
    "100:mudshot",
    "100:mudslap",
    "100:naturalgift",
    "100:outrage",
    "100:protect",
    "100:raindance",
    "100:rest",
    "100:return",
    "100:rockslide",
    "100:rocksmash",
    "100:rocktomb",
    "100:round",
    "100:sandstorm",
    "100:sandtomb",
    "100:scald",
    "100:scaryface",
    "100:secretpower",
    "100:sleeptalk",
    "100:snore",
    "100:spikes",
    "100:stealthrock",
    "100:stompingtantrum",
    "100:stoneedge",
    "100:strength",
    "100:substitute",
    "100:sunnyday",
    "100:surf",
    "100:swagger",
    "100:swift",
    "100:takedown",
    "100:terablast",
    "100:toxic",
    "100:uproar",
    "100:waterfall",
    "100:waterpulse",
    "100:weatherball",
    "100:whirlpool",
    "100:zenheadbutt",
    "100:aquatail",
    "100:bounce",
    "100:dive",
    "100:doubleedge",
    "100:earthpower",
    "100:earthquake",
    "100:endure",
    "100:gigaimpact",
    "100:headbutt",
    "100:icywind",
    "100:mimic",
    "100:mudslap",
    "100:rockslide",
    "100:sleeptalk",
    "100:snore",
    "100:stompingtantrum",
    "100:substitute",
    "100:swagger",
    "100:waterpulse",
    "100:zenheadbutt"
  ],
  "labels": [
    "gen3"
  ],
  "pokedex": [
    "cobblemon.species.whiscash.desc"
  ],
  "preEvolution": "barboach",
  "evolutions": [],
  "baseScale": 1,
  "hitbox": {
    "width": 1,
    "height": 1,
    "fixed": false
  },
  "baseFriendship": 50,
  "evYield": {
    "hp": 2,
    "attack": 0,
    "defence": 0,
    "special_attack": 0,
    "special_defence": 0,
    "speed": 0
  },
  "height": 9,
  "weight": 236,
  "aspects": [],
  "cannotDynamax": false
}