{
  "implemented": true,
  "name": "Abra",
  "nationalPokedexNumber": 63,
  "primaryType": "psychic",
  "abilities": [
    "synchronize",
    "innerfocus",
    "h:magicguard"
  ],
  "baseStats": {
    "hp": 25,
    "attack": 20,
    "defence": 15,
    "special_attack": 105,
    "special_defence": 55,
    "speed": 90
  },
  "behaviour": {
    "moving": {
      "walk": {
        "canWalk": false
      },
      "fly": {
        "canFly": true
      }
    },
    "resting": {
      "canSleep": true,
      "willSleepOnBed": false,
      "depth": "normal",
      "light": "0-4"
    }
  },
  "catchRate": 200,
  "maleRatio": 0.75,
  "shoulderMountable": false,
  "baseExperienceYield": 62,
  "experienceGroup": "medium_slow",
  "eggCycles": 20,
  "eggGroups": [
    "human_like"
  ],
  "drops": {
    "amount": "2",
    "entries": [
      {
        "item": "minecraft:ender_pearl",
        "percentage": 50
      },
      {
        "item": "cobblemon:twisted_spoon",
        "percentage": 2.5
      }
    ]
  },
  "moves": [
    "1:teleport",
    "100:allyswitch",
    "100:barrier",
    "100:confusion",
    "100:encore",
    "100:firepunch",
    "100:guardsplit",
    "100:guardswap",
    "100:icepunch",
    "100:knockoff",
    "100:magiccoat",
    "100:powertrick",
    "100:psychicterrain",
    "100:psychoshift",
    "100:skillswap",
    "100:thunderpunch",
    "100:allyswitch",
    "100:attract",
    "100:bodyslam",
    "100:calmmind",
    "100:captivate",
    "100:chargebeam",
    "100:confide",
    "100:dazzlinggleam",
    "100:doubleteam",
    "100:drainpunch",
    "100:dreameater",
    "100:embargo",
    "100:encore",
    "100:endure",
    "100:energyball",
    "100:facade",
    "100:firepunch",
    "100:flash",
    "100:fling",
    "100:focuspunch",
    "100:foulplay",
    "100:frustration",
    "100:grassknot",
    "100:guardswap",
    "100:hiddenpower",
    "100:icepunch",
    "100:irontail",
    "100:lightscreen",
    "100:magicroom",
    "100:megakick",
    "100:megapunch",
    "100:metronome",
    "100:naturalgift",
    "100:powerswap",
    "100:protect",
    "100:psychic",
    "100:psychicterrain",
    "100:psychup",
    "100:psyshock",
    "100:raindance",
    "100:recycle",
    "100:reflect",
    "100:rest",
    "100:return",
    "100:round",
    "100:safeguard",
    "100:secretpower",
    "100:shadowball",
    "100:shockwave",
    "100:skillswap",
    "100:sleeptalk",
    "100:snatch",
    "100:snore",
    "100:speedswap",
    "100:substitute",
    "100:sunnyday",
    "100:swagger",
    "100:swift",
    "100:taunt",
    "100:telekinesis",
    "100:thief",
    "100:thunderpunch",
    "100:thunderwave",
    "100:torment",
    "100:toxic",
    "100:triattack",
    "100:trick",
    "100:trickroom",
    "100:wonderroom",
    "100:zenheadbutt",
    "100:allyswitch",
    "100:attract",
    "100:barrier",
    "100:bide",
    "100:bodyslam",
    "100:calmmind",
    "100:counter",
    "100:curse",
    "100:dazzlinggleam",
    "100:doubleedge",
    "100:doubleteam",
    "100:drainpunch",
    "100:dreameater",
    "100:dynamicpunch",
    "100:encore",
    "100:endure",
    "100:facade",
    "100:firepunch",
    "100:flash",
    "100:focuspunch",
    "100:foulplay",
    "100:frustration",
    "100:gravity",
    "100:headbutt",
    "100:hiddenpower",
    "100:icepunch",
    "100:irontail",
    "100:knockoff",
    "100:lightscreen",
    "100:magiccoat",
    "100:magicroom",
    "100:megakick",
    "100:megapunch",
    "100:metronome",
    "100:mimic",
    "100:nightmare",
    "100:protect",
    "100:psychic",
    "100:psychup",
    "100:psywave",
    "100:rage",
    "100:raindance",
    "100:recycle",
    "100:reflect",
    "100:rest",
    "100:return",
    "100:roleplay",
    "100:seismictoss",
    "100:shadowball",
    "100:shockwave",
    "100:signalbeam",
    "100:skillswap",
    "100:skullbash",
    "100:sleeptalk",
    "100:snatch",
    "100:snore",
    "100:submission",
    "100:substitute",
    "100:sunnyday",
    "100:swagger",
    "100:takedown",
    "100:taunt",
    "100:telekinesis",
    "100:teleport",
    "100:thief",
    "100:thunderpunch",
    "100:thunderwave",
    "100:toxic",
    "100:triattack",
    "100:trick",
    "100:wonderroom",
    "100:zapcannon",
    "100:zenheadbutt"
  ],
  "labels": [
    "gen1"
  ],
  "pokedex": [
    "cobblemon.species.abra.desc"
  ],
  "evolutions": [
    {
      "id": "abra_kadabra",
      "variant": "level_up",
      "result": "kadabra",
      "consumeHeldItem": false,
      "learnableMoves": [
        "confusion"
      ],
      "requirements": [
        {
          "variant": "level",
          "minLevel": 16
        }
      ]
    }
  ],
  "baseScale": 1,
  "hitbox": {
    "width": 1,
    "height": 1.2,
    "fixed": false
  },
  "baseFriendship": 50,
  "evYield": {
    "hp": 0,
    "attack": 0,
    "defence": 0,
    "special_attack": 1,
    "special_defence": 0,
    "speed": 0
  },
  "height": 9,
  "weight": 195,
  "aspects": [],
  "cannotDynamax": false
}