{
  "implemented": true,
  "name": "Aerodactyl",
  "nationalPokedexNumber": 142,
  "primaryType": "rock",
  "secondaryType": "flying",
  "abilities": [
    "rockhead",
    "pressure",
    "h:unnerve"
  ],
  "baseStats": {
    "hp": 80,
    "attack": 105,
    "defence": 65,
    "special_attack": 60,
    "special_defence": 75,
    "speed": 130
  },
  "catchRate": 45,
  "maleRatio": 0.875,
  "shoulderMountable": false,
  "forms": [
    {
      "name": "Mega",
      "primaryType": "rock",
      "secondaryType": "flying",
      "abilities": [
        "toughclaws"
      ],
      "baseStats": {
        "hp": 80,
        "attack": 135,
        "defence": 85,
        "special_attack": 70,
        "special_defence": 95,
        "speed": 150
      },
      "catchRate": 45,
      "maleRatio": 0.875,
      "baseExperienceYield": 215,
      "baseFriendship": 50,
      "evYield": {
        "hp": 0,
        "attack": 0,
        "defence": 0,
        "special_attack": 0,
        "special_defence": 0,
        "speed": 2
      },
      "experienceGroup": "slow",
      "eggCycles": 35,
      "eggGroups": [
        "flying"
      ],
      "moves": [],
      "labels": [
        "gen6",
        "mega"
      ],
      "aspects": [
        "mega"
      ],
      "height": 21,
      "weight": 790,
      "evolutions": [],
      "cannotDynamax": false,
      "battleOnly": true
    }
  ],
  "baseExperienceYield": 180,
  "experienceGroup": "slow",
  "eggCycles": 35,
  "eggGroups": [
    "flying"
  ],
  "behaviour": {
    "moving": {
      "fly": {
        "canFly": true
      }
    }
  },
  "drops": {
    "amount": "2",
    "entries": [
      {
        "item": "minecraft:bone",
        "quantityRange": "1-3",
        "percentage": 75
      },
      {
        "item": "cobblemon:rocky_helmet",
        "percentage": 5
      }
    ]
  },
  "moves": [
    "1:firefang",
    "1:icefang",
    "1:thunderfang",
    "1:wingattack",
    "8:agility",
    "9:roar",
    "15:bite",
    "22:supersonic",
    "29:ancientpower",
    "33:crunch",
    "36:scaryface",
    "43:takedown",
    "45:stoneedge",
    "49:ironhead",
    "49:skydrop",
    "50:hyperbeam",
    "65:rockslide",
    "73:gigaimpact",
    "100:assurance",
    "100:curse",
    "100:dragonbreath",
    "100:foresight",
    "100:pursuit",
    "100:roost",
    "100:steelwing",
    "100:tailwind",
    "100:whirlwind",
    "100:wideguard",
    "100:aerialace",
    "100:agility",
    "100:assurance",
    "100:attract",
    "100:brutalswing",
    "100:bulldoze",
    "100:captivate",
    "100:confide",
    "100:crunch",
    "100:defog",
    "100:doubleteam",
    "100:dragonclaw",
    "100:dragondance",
    "100:dragonpulse",
    "100:earthpower",
    "100:earthquake",
    "100:endure",
    "100:facade",
    "100:fireblast",
    "100:firefang",
    "100:flamethrower",
    "100:fly",
    "100:frustration",
    "100:gigaimpact",
    "100:heatwave",
    "100:hiddenpower",
    "100:honeclaws",
    "100:hurricane",
    "100:hyperbeam",
    "100:icefang",
    "100:incinerate",
    "100:ironhead",
    "100:irontail",
    "100:naturalgift",
    "100:payback",
    "100:protect",
    "100:psychicfangs",
    "100:raindance",
    "100:rest",
    "100:return",
    "100:roar",
    "100:rockblast",
    "100:rockpolish",
    "100:rockslide",
    "100:rocksmash",
    "100:rocktomb",
    "100:roost",
    "100:round",
    "100:sandstorm",
    "100:scaryface",
    "100:secretpower",
    "100:skydrop",
    "100:sleeptalk",
    "100:smackdown",
    "100:snore",
    "100:stealthrock",
    "100:steelwing",
    "100:stoneedge",
    "100:strength",
    "100:substitute",
    "100:sunnyday",
    "100:swagger",
    "100:swift",
    "100:taunt",
    "100:thief",
    "100:thunderfang",
    "100:torment",
    "100:toxic",
    "100:agility",
    "100:aircutter",
    "100:ancientpower",
    "100:aquatail",
    "100:assurance",
    "100:attract",
    "100:bide",
    "100:bite",
    "100:celebrate",
    "100:crunch",
    "100:curse",
    "100:defog",
    "100:detect",
    "100:doubleedge",
    "100:doubleteam",
    "100:dragonbreath",
    "100:dragonpulse",
    "100:dragonrage",
    "100:dualwingbeat",
    "100:earthpower",
    "100:earthquake",
    "100:endure",
    "100:facade",
    "100:fireblast",
    "100:firefang",
    "100:flamethrower",
    "100:fly",
    "100:foresight",
    "100:frustration",
    "100:headbutt",
    "100:heatwave",
    "100:hiddenpower",
    "100:hyperbeam",
    "100:icefang",
    "100:ironhead",
    "100:irontail",
    "100:laserfocus",
    "100:meteorbeam",
    "100:mimic",
    "100:ominouswind",
    "100:protect",
    "100:pursuit",
    "100:rage",
    "100:raindance",
    "100:razorwind",
    "100:reflect",
    "100:rest",
    "100:return",
    "100:roar",
    "100:rockpolish",
    "100:rockslide",
    "100:rocksmash",
    "100:rockthrow",
    "100:roost",
    "100:sandstorm",
    "100:scaryface",
    "100:skyattack",
    "100:sleeptalk",
    "100:snore",
    "100:stealthrock",
    "100:steelwing",
    "100:substitute",
    "100:supersonic",
    "100:swagger",
    "100:swift",
    "100:tailwind",
    "100:takedown",
    "100:taunt",
    "100:thunderfang",
    "100:toxic",
    "100:twister",
    "100:whirlwind",
    "100:wideguard",
    "100:wingattack"
  ],
  "labels": [
    "gen1"
  ],
  "pokedex": [
    "cobblemon.species.aerodactyl.desc"
  ],
  "evolutions": [],
  "baseScale": 1.8,
  "hitbox": {
    "width": 1,
    "height": 1,
    "fixed": false
  },
  "baseFriendship": 50,
  "evYield": {
    "hp": 0,
    "attack": 0,
    "defence": 0,
    "special_attack": 0,
    "special_defence": 0,
    "speed": 2
  },
  "height": 18,
  "weight": 590,
  "aspects": [],
  "cannotDynamax": false
}