{
  "implemented": true,
  "name": "Alakazam",
  "nationalPokedexNumber": 65,
  "primaryType": "psychic",
  "abilities": [
    "synchronize",
    "innerfocus",
    "h:magicguard"
  ],
  "baseStats": {
    "hp": 55,
    "attack": 50,
    "defence": 45,
    "special_attack": 135,
    "special_defence": 95,
    "speed": 120
  },
  "behaviour": {
    "resting": {
      "canSleep": true,
      "willSleepOnBed": false,
      "depth": "normal",
      "light": "0-4"
    }
  },
  "catchRate": 50,
  "maleRatio": 0.75,
  "shoulderMountable": false,
  "forms": [
    {
      "name": "Mega",
      "primaryType": "psychic",
      "abilities": [
        "trace"
      ],
      "baseStats": {
        "hp": 55,
        "attack": 50,
        "defence": 65,
        "special_attack": 175,
        "special_defence": 105,
        "speed": 150
      },
      "catchRate": 50,
      "maleRatio": 0.75,
      "baseExperienceYield": 270,
      "baseFriendship": 50,
      "evYield": {
        "hp": 0,
        "attack": 0,
        "defence": 0,
        "special_attack": 3,
        "special_defence": 0,
        "speed": 0
      },
      "experienceGroup": "medium_slow",
      "eggCycles": 20,
      "eggGroups": [
        "human_like"
      ],
      "moves": [],
      "labels": [
        "gen6",
        "mega"
      ],
      "aspects": [
        "mega"
      ],
      "height": 12,
      "weight": 480,
      "evolutions": [],
      "cannotDynamax": false,
      "battleOnly": true
    }
  ],
  "baseExperienceYield": 250,
  "experienceGroup": "medium_slow",
  "eggCycles": 20,
  "eggGroups": [
    "human_like"
  ],
  "drops": {
    "amount": "2",
    "entries": [
      {
        "item": "minecraft:ender_pearl",
        "quantityRange": "1-3",
        "percentage": 75
      },
      {
        "item": "cobblemon:twisted_spoon",
        "percentage": 10
      }
    ]
  },
  "moves": [
    "1:confusion",
    "1:kinesis",
    "1:teleport",
    "18:disable",
    "21:psybeam",
    "22:miracleeye",
    "23:reflect",
    "24:allyswitch",
    "25:recover",
    "30:futuresight",
    "30:psyshock",
    "33:calmmind",
    "34:psychocut",
    "34:telekinesis",
    "36:psychic",
    "40:roleplay",
    "43:trick",
    "100:allyswitch",
    "100:attract",
    "100:bodyslam",
    "100:calmmind",
    "100:captivate",
    "100:chargebeam",
    "100:confide",
    "100:dazzlinggleam",
    "100:doubleteam",
    "100:drainpunch",
    "100:dreameater",
    "100:embargo",
    "100:encore",
    "100:endure",
    "100:energyball",
    "100:facade",
    "100:firepunch",
    "100:flash",
    "100:fling",
    "100:focusblast",
    "100:focuspunch",
    "100:foulplay",
    "100:frustration",
    "100:futuresight",
    "100:gigaimpact",
    "100:grassknot",
    "100:guardswap",
    "100:hiddenpower",
    "100:hyperbeam",
    "100:icepunch",
    "100:imprison",
    "100:irontail",
    "100:lightscreen",
    "100:magicroom",
    "100:megakick",
    "100:megapunch",
    "100:metronome",
    "100:nastyplot",
    "100:naturalgift",
    "100:powerswap",
    "100:protect",
    "100:psychic",
    "100:psychicterrain",
    "100:psychocut",
    "100:psychup",
    "100:psyshock",
    "100:raindance",
    "100:recycle",
    "100:reflect",
    "100:rest",
    "100:return",
    "100:round",
    "100:safeguard",
    "100:secretpower",
    "100:shadowball",
    "100:shockwave",
    "100:skillswap",
    "100:sleeptalk",
    "100:snatch",
    "100:snore",
    "100:speedswap",
    "100:storedpower",
    "100:substitute",
    "100:sunnyday",
    "100:swagger",
    "100:swift",
    "100:taunt",
    "100:telekinesis",
    "100:thief",
    "100:thunderpunch",
    "100:thunderwave",
    "100:torment",
    "100:toxic",
    "100:triattack",
    "100:trick",
    "100:trickroom",
    "100:wonderroom",
    "100:zenheadbutt",
    "100:allyswitch",
    "100:attract",
    "100:barrier",
    "100:bide",
    "100:bodyslam",
    "100:calmmind",
    "100:confusion",
    "100:counter",
    "100:curse",
    "100:dazzlinggleam",
    "100:dig",
    "100:disable",
    "100:doubleedge",
    "100:doubleteam",
    "100:drainpunch",
    "100:dreameater",
    "100:dynamicpunch",
    "100:encore",
    "100:endure",
    "100:expandingforce",
    "100:facade",
    "100:firepunch",
    "100:flash",
    "100:focuspunch",
    "100:foulplay",
    "100:frustration",
    "100:futuresight",
    "100:gravity",
    "100:headbutt",
    "100:hiddenpower",
    "100:hyperbeam",
    "100:icepunch",
    "100:irontail",
    "100:kinesis",
    "100:knockoff",
    "100:laserfocus",
    "100:lightscreen",
    "100:magiccoat",
    "100:magicroom",
    "100:megakick",
    "100:megapunch",
    "100:metronome",
    "100:mimic",
    "100:nightmare",
    "100:nightshade",
    "100:protect",
    "100:psybeam",
    "100:psychic",
    "100:psychup",
    "100:psywave",
    "100:rage",
    "100:raindance",
    "100:recover",
    "100:recycle",
    "100:reflect",
    "100:rest",
    "100:return",
    "100:roleplay",
    "100:seismictoss",
    "100:shadowball",
    "100:shockwave",
    "100:signalbeam",
    "100:skillswap",
    "100:skullbash",
    "100:sleeptalk",
    "100:snatch",
    "100:snore",
    "100:submission",
    "100:substitute",
    "100:sunnyday",
    "100:swagger",
    "100:takedown",
    "100:taunt",
    "100:telekinesis",
    "100:teleport",
    "100:thief",
    "100:thunderpunch",
    "100:thunderwave",
    "100:toxic",
    "100:triattack",
    "100:trick",
    "100:wonderroom",
    "100:zapcannon",
    "100:zenheadbutt"
  ],
  "labels": [
    "gen1"
  ],
  "pokedex": [
    "cobblemon.species.alakazam.desc"
  ],
  "preEvolution": "kadabra",
  "evolutions": [],
  "baseScale": 1,
  "hitbox": {
    "width": 1,
    "height": 1.7,
    "fixed": false
  },
  "baseFriendship": 50,
  "evYield": {
    "hp": 0,
    "attack": 0,
    "defence": 0,
    "special_attack": 3,
    "special_defence": 0,
    "speed": 0
  },
  "height": 15,
  "weight": 480,
  "aspects": [],
  "cannotDynamax": false
}