{
  "implemented": true,
  "name": "Arbok",
  "nationalPokedexNumber": 24,
  "primaryType": "poison",
  "abilities": [
    "intimidate",
    "shedskin",
    "h:unnerve"
  ],
  "baseStats": {
    "hp": 60,
    "attack": 95,
    "defence": 69,
    "special_attack": 65,
    "special_defence": 79,
    "speed": 80
  },
  "behaviour": {
    "resting": {
      "canSleep": true,
      "willSleepOnBed": false,
      "depth": "normal",
      "light": "0-4"
    }
  },
  "standingEyeHeight": 1,
  "features": [
    "snake-pattern"
  ],
  "catchRate": 90,
  "maleRatio": 0.5,
  "shoulderMountable": false,
  "baseExperienceYield": 157,
  "experienceGroup": "medium_fast",
  "eggCycles": 20,
  "eggGroups": [
    "field",
    "dragon"
  ],
  "drops": {
    "amount": "1",
    "entries": [
      {
        "item": "cobblemon:razor_fang",
        "percentage": 5
      }
    ]
  },
  "moves": [
    "1:bite",
    "1:firefang",
    "1:icefang",
    "1:leer",
    "1:poisonsting",
    "1:thunderfang",
    "1:wrap",
    "20:glare",
    "22:crunch",
    "28:screech",
    "32:acidspray",
    "34:mudbomb",
    "38:acid",
    "42:gastroacid",
    "46:spitup",
    "46:stockpile",
    "46:swallow",
    "48:belch",
    "56:coil",
    "56:gunkshot",
    "56:haze",
    "100:attract",
    "100:brutalswing",
    "100:bulldoze",
    "100:captivate",
    "100:confide",
    "100:darkpulse",
    "100:dig",
    "100:doubleteam",
    "100:dragontail",
    "100:earthquake",
    "100:endure",
    "100:facade",
    "100:frustration",
    "100:gigadrain",
    "100:gigaimpact",
    "100:hiddenpower",
    "100:hyperbeam",
    "100:infestation",
    "100:irontail",
    "100:naturalgift",
    "100:payback",
    "100:poisonjab",
    "100:protect",
    "100:raindance",
    "100:rest",
    "100:return",
    "100:rockslide",
    "100:rocktomb",
    "100:round",
    "100:secretpower",
    "100:sleeptalk",
    "100:sludgebomb",
    "100:sludgewave",
    "100:snatch",
    "100:strength",
    "100:substitute",
    "100:sunnyday",
    "100:swagger",
    "100:thief",
    "100:torment",
    "100:toxic",
    "100:venoshock",
    "100:acid",
    "100:aquatail",
    "100:attract",
    "100:bide",
    "100:bind",
    "100:bite",
    "100:bodyslam",
    "100:crunch",
    "100:curse",
    "100:darkpulse",
    "100:dig",
    "100:doubleedge",
    "100:doubleteam",
    "100:dragontail",
    "100:earthquake",
    "100:endure",
    "100:facade",
    "100:fissure",
    "100:frustration",
    "100:gastroacid",
    "100:gigadrain",
    "100:glare",
    "100:gunkshot",
    "100:haze",
    "100:headbutt",
    "100:hiddenpower",
    "100:hyperbeam",
    "100:irontail",
    "100:leer",
    "100:megadrain",
    "100:mimic",
    "100:poisonjab",
    "100:poisonsting",
    "100:protect",
    "100:rage",
    "100:refresh",
    "100:rest",
    "100:return",
    "100:rockslide",
    "100:screech",
    "100:seedbomb",
    "100:skullbash",
    "100:slam",
    "100:sleeptalk",
    "100:sludgebomb",
    "100:snatch",
    "100:snore",
    "100:spite",
    "100:stompingtantrum",
    "100:strength",
    "100:substitute",
    "100:suckerpunch",
    "100:sunnyday",
    "100:swagger",
    "100:takedown",
    "100:thief",
    "100:throatchop",
    "100:toxic",
    "100:wrap"
  ],
  "labels": [
    "gen1"
  ],
  "pokedex": [
    "cobblemon.species.arbok.desc"
  ],
  "preEvolution": "ekans",
  "evolutions": [],
  "baseScale": 1,
  "hitbox": {
    "width": 1,
    "height": 1.8,
    "fixed": false
  },
  "baseFriendship": 70,
  "evYield": {
    "hp": 0,
    "attack": 2,
    "defence": 0,
    "special_attack": 0,
    "special_defence": 0,
    "speed": 0
  },
  "height": 35,
  "weight": 650,
  "aspects": [],
  "cannotDynamax": false
}