{
  "implemented": true,
  "name": "Charizard",
  "nationalPokedexNumber": 6,
  "primaryType": "fire",
  "secondaryType": "flying",
  "abilities": [
    "blaze",
    "h:solarpower"
  ],
  "baseStats": {
    "hp": 78,
    "attack": 84,
    "defence": 78,
    "special_attack": 109,
    "special_defence": 85,
    "speed": 100
  },
  "catchRate": 45,
  "maleRatio": 0.875,
  "shoulderMountable": false,
  "forms": [
    {
      "name": "Mega-X",
      "primaryType": "fire",
      "secondaryType": "dragon",
      "abilities": [
        "toughclaws"
      ],
      "baseStats": {
        "hp": 78,
        "attack": 130,
        "defence": 111,
        "special_attack": 130,
        "special_defence": 85,
        "speed": 100
      },
      "catchRate": 45,
      "maleRatio": 0.875,
      "baseExperienceYield": 285,
      "baseFriendship": 50,
      "evYield": {
        "hp": 0,
        "attack": 0,
        "defence": 0,
        "special_attack": 3,
        "special_defence": 0,
        "speed": 0
      },
      "experienceGroup": "medium_slow",
      "eggCycles": 20,
      "eggGroups": [
        "monster",
        "dragon"
      ],
      "moves": [],
      "labels": [
        "gen6",
        "mega"
      ],
      "aspects": [
        "mega-x"
      ],
      "height": 17,
      "weight": 1105,
      "evolutions": [],
      "cannotDynamax": false,
      "battleOnly": true
    },
    {
      "name": "Mega-Y",
      "primaryType": "fire",
      "secondaryType": "flying",
      "abilities": [
        "drought"
      ],
      "baseStats": {
        "hp": 78,
        "attack": 104,
        "defence": 78,
        "special_attack": 159,
        "special_defence": 115,
        "speed": 100
      },
      "catchRate": 45,
      "maleRatio": 0.875,
      "baseExperienceYield": 285,
      "baseFriendship": 50,
      "evYield": {
        "hp": 0,
        "attack": 0,
        "defence": 0,
        "special_attack": 3,
        "special_defence": 0,
        "speed": 0
      },
      "experienceGroup": "medium_slow",
      "eggCycles": 20,
      "eggGroups": [
        "monster",
        "dragon"
      ],
      "moves": [],
      "labels": [
        "gen6",
        "mega"
      ],
      "aspects": [
        "mega-y"
      ],
      "height": 17,
      "weight": 1005,
      "evolutions": [],
      "cannotDynamax": false,
      "battleOnly": true
    },
    {
      "name": "Gmax",
      "primaryType": "fire",
      "secondaryType": "flying",
      "abilities": [
        "blaze",
        "h:solarpower"
      ],
      "baseStats": {
        "hp": 78,
        "attack": 84,
        "defence": 78,
        "special_attack": 109,
        "special_defence": 85,
        "speed": 100
      },
      "catchRate": 45,
      "maleRatio": 0.875,
      "baseExperienceYield": 240,
      "baseFriendship": 50,
      "evYield": {
        "hp": 0,
        "attack": 0,
        "defence": 0,
        "special_attack": 3,
        "special_defence": 0,
        "speed": 0
      },
      "experienceGroup": "medium_slow",
      "eggCycles": 20,
      "eggGroups": [
        "monster",
        "dragon"
      ],
      "moves": [],
      "labels": [
        "gen8",
        "gmax"
      ],
      "aspects": [
        "gmax"
      ],
      "height": 280,
      "weight": 0,
      "evolutions": [],
      "cannotDynamax": false,
      "battleOnly": false
    }
  ],
  "baseExperienceYield": 267,
  "experienceGroup": "medium_slow",
  "eggCycles": 20,
  "eggGroups": [
    "monster",
    "dragon"
  ],
  "drops": {
    "amount": "2",
    "entries": [
      {
        "item": "minecraft:blaze_powder",
        "quantityRange": "1-3",
        "percentage": 75
      },
      {
        "item": "cobblemon:charcoal_stick",
        "percentage": 20
      }
    ]
  },
  "behaviour": {
    "resting": {
      "canSleep": true,
      "depth": "normal",
      "light": "0-4"
    },
    "moving": {
      "fly": {
        "canFly": true,
        "flySpeedHorizontal": 0.6
      }
    }
  },
  "moves": [
    "1:airslash",
    "1:dragonclaw",
    "1:ember",
    "1:growl",
    "1:heatwave",
    "1:metalclaw",
    "1:scratch",
    "1:shadowclaw",
    "1:smokescreen",
    "12:dragonbreath",
    "20:rage",
    "27:scaryface",
    "28:firefang",
    "32:flameburst",
    "34:flamethrower",
    "36:wingattack",
    "44:slash",
    "54:dragonrage",
    "62:inferno",
    "64:firespin",
    "66:flareblitz",
    "100:acrobatics",
    "100:aerialace",
    "100:aircutter",
    "100:airslash",
    "100:attract",
    "100:beatup",
    "100:blastburn",
    "100:blazekick",
    "100:bodyslam",
    "100:breakingswipe",
    "100:brickbreak",
    "100:brutalswing",
    "100:bulldoze",
    "100:captivate",
    "100:confide",
    "100:crunch",
    "100:cut",
    "100:defog",
    "100:dig",
    "100:doubleteam",
    "100:dragonclaw",
    "100:dragondance",
    "100:dragonpulse",
    "100:dragontail",
    "100:earthquake",
    "100:echoedvoice",
    "100:endure",
    "100:facade",
    "100:falseswipe",
    "100:fireblast",
    "100:firefang",
    "100:firepledge",
    "100:firepunch",
    "100:firespin",
    "100:flamecharge",
    "100:flamethrower",
    "100:flareblitz",
    "100:fling",
    "100:fly",
    "100:focusblast",
    "100:focuspunch",
    "100:frustration",
    "100:gigaimpact",
    "100:heatcrash",
    "100:heatwave",
    "100:helpinghand",
    "100:hiddenpower",
    "100:honeclaws",
    "100:hurricane",
    "100:hyperbeam",
    "100:incinerate",
    "100:irontail",
    "100:megakick",
    "100:megapunch",
    "100:mysticalfire",
    "100:naturalgift",
    "100:outrage",
    "100:overheat",
    "100:poweruppunch",
    "100:protect",
    "100:rest",
    "100:return",
    "100:roar",
    "100:rockslide",
    "100:rocksmash",
    "100:rocktomb",
    "100:roost",
    "100:round",
    "100:sandstorm",
    "100:scaryface",
    "100:secretpower",
    "100:shadowclaw",
    "100:skydrop",
    "100:sleeptalk",
    "100:snore",
    "100:solarbeam",
    "100:steelwing",
    "100:strength",
    "100:substitute",
    "100:sunnyday",
    "100:swagger",
    "100:swift",
    "100:swordsdance",
    "100:takedown",
    "100:terablast",
    "100:thunderpunch",
    "100:toxic",
    "100:weatherball",
    "100:willowisp",
    "100:workup",
    "100:aircutter",
    "100:airslash",
    "100:attract",
    "100:bide",
    "100:blastburn",
    "100:bodyslam",
    "100:brickbreak",
    "100:counter",
    "100:crunch",
    "100:curse",
    "100:cut",
    "100:defensecurl",
    "100:defog",
    "100:dig",
    "100:doubleedge",
    "100:doubleteam",
    "100:dragonbreath",
    "100:dragonclaw",
    "100:dragondance",
    "100:dragonpulse",
    "100:dragonrage",
    "100:dragontail",
    "100:dualwingbeat",
    "100:dynamicpunch",
    "100:earthquake",
    "100:ember",
    "100:endure",
    "100:facade",
    "100:fireblast",
    "100:firefang",
    "100:firepledge",
    "100:firepunch",
    "100:firespin",
    "100:fissure",
    "100:flameburst",
    "100:flamethrower",
    "100:flareblitz",
    "100:fly",
    "100:focusblast",
    "100:focuspunch",
    "100:frustration",
    "100:furycutter",
    "100:furyswipes",
    "100:growl",
    "100:headbutt",
    "100:heatwave",
    "100:hiddenpower",
    "100:holdhands",
    "100:hyperbeam",
    "100:inferno",
    "100:irontail",
    "100:leer",
    "100:megakick",
    "100:megapunch",
    "100:mimic",
    "100:mudslap",
    "100:ominouswind",
    "100:outrage",
    "100:overheat",
    "100:protect",
    "100:rage",
    "100:reflect",
    "100:rest",
    "100:return",
    "100:roar",
    "100:rockslide",
    "100:rocksmash",
    "100:roost",
    "100:sandstorm",
    "100:scaleshot",
    "100:scaryface",
    "100:scorchingsands",
    "100:scratch",
    "100:seismictoss",
    "100:skullbash",
    "100:slash",
    "100:sleeptalk",
    "100:smokescreen",
    "100:snore",
    "100:solarbeam",
    "100:steelwing",
    "100:strength",
    "100:submission",
    "100:substitute",
    "100:sunnyday",
    "100:swagger",
    "100:swift",
    "100:swordsdance",
    "100:tailwind",
    "100:takedown",
    "100:thunderpunch",
    "100:toxic",
    "100:twister",
    "100:willowisp",
    "100:wingattack"
  ],
  "labels": [
    "gen1"
  ],
  "pokedex": [
    "cobblemon.species.charizard.desc"
  ],
  "preEvolution": "charmeleon",
  "evolutions": [],
  "baseScale": 1.35,
  "hitbox": {
    "width": 1,
    "height": 2.1,
    "fixed": false
  },
  "baseFriendship": 50,
  "evYield": {
    "hp": 0,
    "attack": 0,
    "defence": 0,
    "special_attack": 3,
    "special_defence": 0,
    "speed": 0
  },
  "height": 17,
  "weight": 905,
  "aspects": [],
  "cannotDynamax": false
}