{
  "implemented": true,
  "name": "Charmeleon",
  "nationalPokedexNumber": 5,
  "primaryType": "fire",
  "abilities": [
    "blaze",
    "h:solarpower"
  ],
  "baseStats": {
    "hp": 58,
    "attack": 64,
    "defence": 58,
    "special_attack": 80,
    "special_defence": 65,
    "speed": 80
  },
  "behaviour": {
    "resting": {
      "canSleep": true,
      "depth": "normal",
      "light": "0-4"
    }
  },
  "catchRate": 45,
  "maleRatio": 0.875,
  "shoulderMountable": false,
  "baseExperienceYield": 142,
  "experienceGroup": "medium_slow",
  "eggCycles": 20,
  "eggGroups": [
    "monster",
    "dragon"
  ],
  "drops": {
    "amount": "2",
    "entries": [
      {
        "item": "minecraft:blaze_powder",
        "quantityRange": "1-2",
        "percentage": 66
      },
      {
        "item": "cobblemon:charcoal_stick",
        "percentage": 10
      }
    ]
  },
  "moves": [
    "1:ember",
    "1:growl",
    "1:scratch",
    "12:dragonbreath",
    "13:metalclaw",
    "13:smokescreen",
    "20:rage",
    "27:scaryface",
    "28:firefang",
    "32:flameburst",
    "34:flamethrower",
    "41:slash",
    "48:dragonrage",
    "54:flareblitz",
    "54:inferno",
    "55:firespin",
    "100:acrobatics",
    "100:aerialace",
    "100:attract",
    "100:beatup",
    "100:bodyslam",
    "100:brickbreak",
    "100:captivate",
    "100:confide",
    "100:crunch",
    "100:cut",
    "100:dig",
    "100:doubleteam",
    "100:dragonclaw",
    "100:dragondance",
    "100:dragonpulse",
    "100:dragontail",
    "100:echoedvoice",
    "100:endure",
    "100:facade",
    "100:falseswipe",
    "100:fireblast",
    "100:firefang",
    "100:firepledge",
    "100:firepunch",
    "100:firespin",
    "100:flamecharge",
    "100:flamethrower",
    "100:flareblitz",
    "100:fling",
    "100:focuspunch",
    "100:frustration",
    "100:heatwave",
    "100:helpinghand",
    "100:hiddenpower",
    "100:honeclaws",
    "100:incinerate",
    "100:irontail",
    "100:megakick",
    "100:megapunch",
    "100:naturalgift",
    "100:outrage",
    "100:overheat",
    "100:poweruppunch",
    "100:protect",
    "100:rest",
    "100:return",
    "100:rockslide",
    "100:rocksmash",
    "100:rocktomb",
    "100:round",
    "100:scaryface",
    "100:secretpower",
    "100:shadowclaw",
    "100:sleeptalk",
    "100:snore",
    "100:strength",
    "100:substitute",
    "100:sunnyday",
    "100:swagger",
    "100:swift",
    "100:swordsdance",
    "100:takedown",
    "100:terablast",
    "100:thunderpunch",
    "100:toxic",
    "100:weatherball",
    "100:willowisp",
    "100:workup",
    "100:attract",
    "100:bide",
    "100:bodyslam",
    "100:brickbreak",
    "100:counter",
    "100:curse",
    "100:cut",
    "100:defensecurl",
    "100:dig",
    "100:doubleedge",
    "100:doubleteam",
    "100:dragonbreath",
    "100:dragonpulse",
    "100:dragonrage",
    "100:dynamicpunch",
    "100:ember",
    "100:endure",
    "100:facade",
    "100:fireblast",
    "100:firepledge",
    "100:firepunch",
    "100:firespin",
    "100:flamethrower",
    "100:focuspunch",
    "100:frustration",
    "100:furycutter",
    "100:furyswipes",
    "100:growl",
    "100:headbutt",
    "100:heatwave",
    "100:hiddenpower",
    "100:irontail",
    "100:leer",
    "100:megakick",
    "100:megapunch",
    "100:mimic",
    "100:mudslap",
    "100:outrage",
    "100:protect",
    "100:rage",
    "100:reflect",
    "100:rest",
    "100:return",
    "100:rockslide",
    "100:rocksmash",
    "100:scaryface",
    "100:scratch",
    "100:seismictoss",
    "100:skullbash",
    "100:slash",
    "100:sleeptalk",
    "100:smokescreen",
    "100:snore",
    "100:strength",
    "100:submission",
    "100:substitute",
    "100:sunnyday",
    "100:swagger",
    "100:swift",
    "100:swordsdance",
    "100:takedown",
    "100:thunderpunch",
    "100:toxic",
    "100:willowisp"
  ],
  "labels": [
    "gen1"
  ],
  "pokedex": [
    "cobblemon.species.charmeleon.desc"
  ],
  "preEvolution": "charmander",
  "evolutions": [
    {
      "id": "charmeleon_charizard",
      "variant": "level_up",
      "result": "charizard",
      "consumeHeldItem": false,
      "learnableMoves": [
        "airslash"
      ],
      "requirements": [
        {
          "variant": "level",
          "minLevel": 36
        }
      ]
    }
  ],
  "baseScale": 0.7,
  "hitbox": {
    "width": 0.7,
    "height": 1.5,
    "fixed": false
  },
  "baseFriendship": 50,
  "evYield": {
    "hp": 0,
    "attack": 0,
    "defence": 0,
    "special_attack": 1,
    "special_defence": 0,
    "speed": 1
  },
  "height": 11,
  "weight": 190,
  "aspects": [],
  "cannotDynamax": false
}