{
  "implemented": true,
  "name": "Cubone",
  "nationalPokedexNumber": 104,
  "primaryType": "ground",
  "abilities": [
    "rockhead",
    "lightningrod",
    "h:battlearmor"
  ],
  "baseStats": {
    "hp": 50,
    "attack": 50,
    "defence": 95,
    "special_attack": 40,
    "special_defence": 50,
    "speed": 35
  },
  "catchRate": 190,
  "maleRatio": 0.5,
  "shoulderMountable": false,
  "baseExperienceYield": 64,
  "experienceGroup": "medium_fast",
  "eggCycles": 20,
  "eggGroups": [
    "monster"
  ],
  "drops": {
    "amount": "1",
    "entries": [
      {
        "item": "minecraft:bone",
        "percentage": 50
      }
    ]
  },
  "moves": [
    "1:growl",
    "1:mudslap",
    "5:tailwhip",
    "9:boneclub",
    "13:headbutt",
    "17:leer",
    "21:focusenergy",
    "25:bonemerang",
    "29:rage",
    "33:falseswipe",
    "33:fling",
    "37:stompingtantrum",
    "37:thrash",
    "41:bonerush",
    "41:endeavor",
    "45:doubleedge",
    "47:retaliate",
    "100:ancientpower",
    "100:bellydrum",
    "100:chipaway",
    "100:curse",
    "100:detect",
    "100:doublekick",
    "100:endure",
    "100:ironhead",
    "100:leer",
    "100:perishsong",
    "100:rockslide",
    "100:screech",
    "100:skullbash",
    "100:swordsdance",
    "100:aerialace",
    "100:attract",
    "100:blizzard",
    "100:bodyslam",
    "100:brickbreak",
    "100:brutalswing",
    "100:bulldoze",
    "100:captivate",
    "100:confide",
    "100:dig",
    "100:doubleteam",
    "100:earthpower",
    "100:earthquake",
    "100:echoedvoice",
    "100:endure",
    "100:facade",
    "100:falseswipe",
    "100:fireblast",
    "100:firepunch",
    "100:flamethrower",
    "100:fling",
    "100:focusenergy",
    "100:focuspunch",
    "100:frustration",
    "100:hiddenpower",
    "100:icebeam",
    "100:icywind",
    "100:incinerate",
    "100:irondefense",
    "100:ironhead",
    "100:irontail",
    "100:lowkick",
    "100:megakick",
    "100:megapunch",
    "100:naturalgift",
    "100:poweruppunch",
    "100:protect",
    "100:rest",
    "100:retaliate",
    "100:return",
    "100:rockclimb",
    "100:rockslide",
    "100:rocksmash",
    "100:rocktomb",
    "100:round",
    "100:sandstorm",
    "100:screech",
    "100:secretpower",
    "100:sleeptalk",
    "100:smackdown",
    "100:snore",
    "100:stealthrock",
    "100:stompingtantrum",
    "100:strength",
    "100:substitute",
    "100:sunnyday",
    "100:swagger",
    "100:swift",
    "100:swordsdance",
    "100:thief",
    "100:thunderpunch",
    "100:toxic",
    "100:uproar",
    "100:ancientpower",
    "100:attract",
    "100:bellydrum",
    "100:bide",
    "100:blizzard",
    "100:bodyslam",
    "100:boneclub",
    "100:bonemerang",
    "100:bonerush",
    "100:brickbreak",
    "100:bubblebeam",
    "100:counter",
    "100:curse",
    "100:detect",
    "100:dig",
    "100:doubleedge",
    "100:doubleteam",
    "100:dynamicpunch",
    "100:earthpower",
    "100:earthquake",
    "100:endeavor",
    "100:endure",
    "100:facade",
    "100:falseswipe",
    "100:fireblast",
    "100:firepunch",
    "100:fissure",
    "100:flamethrower",
    "100:focusenergy",
    "100:focuspunch",
    "100:frustration",
    "100:furycutter",
    "100:growl",
    "100:headbutt",
    "100:hiddenpower",
    "100:icebeam",
    "100:icywind",
    "100:irondefense",
    "100:ironhead",
    "100:irontail",
    "100:knockoff",
    "100:leer",
    "100:lowkick",
    "100:megakick",
    "100:megapunch",
    "100:mimic",
    "100:mudslap",
    "100:perishsong",
    "100:protect",
    "100:rage",
    "100:rest",
    "100:return",
    "100:rockslide",
    "100:rocksmash",
    "100:sandstorm",
    "100:scorchingsands",
    "100:screech",
    "100:seismictoss",
    "100:skullbash",
    "100:sleeptalk",
    "100:snore",
    "100:stealthrock",
    "100:strength",
    "100:submission",
    "100:substitute",
    "100:sunnyday",
    "100:swagger",
    "100:swordsdance",
    "100:tailwhip",
    "100:takedown",
    "100:thief",
    "100:thrash",
    "100:thunderpunch",
    "100:toxic",
    "100:uproar",
    "100:watergun"
  ],
  "labels": [
    "gen1"
  ],
  "pokedex": [
    "cobblemon.species.cubone.desc"
  ],
  "evolutions": [
    {
      "id": "cubone_marowak",
      "variant": "level_up",
      "result": "marowak",
      "consumeHeldItem": false,
      "learnableMoves": [],
      "requirements": [
        {
          "variant": "level",
          "minLevel": 28
        }
      ]
    },
    {
      "id": "cubone_marowak",
      "variant": "level_up",
      "result": "marowak form=alola",
      "consumeHeldItem": false,
      "learnableMoves": [
        "shadowbone"
      ],
      "requirements": [
        {
          "variant": "level",
          "minLevel": 28
        },
        {
          "variant": "time_range",
          "range": "night"
        }
      ]
    }
  ],
  "baseScale": 0.7,
  "hitbox": {
    "width": 0.5,
    "height": 0.8,
    "fixed": false
  },
  "baseFriendship": 50,
  "evYield": {
    "hp": 0,
    "attack": 0,
    "defence": 1,
    "special_attack": 0,
    "special_defence": 0,
    "speed": 0
  },
  "height": 4,
  "weight": 65,
  "aspects": [],
  "cannotDynamax": false
}