{
  "implemented": true,
  "name": "Dewgong",
  "nationalPokedexNumber": 87,
  "primaryType": "water",
  "secondaryType": "ice",
  "abilities": [
    "thickfat",
    "hydration",
    "h:icebody"
  ],
  "baseStats": {
    "hp": 90,
    "attack": 70,
    "defence": 80,
    "special_attack": 70,
    "special_defence": 95,
    "speed": 70
  },
  "catchRate": 75,
  "maleRatio": 0.5,
  "shoulderMountable": false,
  "baseExperienceYield": 166,
  "experienceGroup": "medium_fast",
  "eggCycles": 20,
  "eggGroups": [
    "water_1",
    "field"
  ],
  "behaviour": {
    "moving": {
      "swim": {
        "canSwimInWater": true,
        "canBreatheUnderwater": true
      }
    }
  },
  "drops": {
    "amount": "1",
    "entries": [
      {
        "item": "minecraft:cod",
        "quantityRange": "1-2",
        "percentage": 66
      }
    ]
  },
  "moves": [
    "1:aurorabeam",
    "1:growl",
    "1:headbutt",
    "1:icywind",
    "1:signalbeam",
    "13:encore",
    "17:iceshard",
    "23:aquaring",
    "29:rest",
    "31:aquajet",
    "33:brine",
    "34:sheercold",
    "41:dive",
    "42:takedown",
    "43:aquatail",
    "51:icebeam",
    "64:safeguard",
    "65:hail",
    "100:attract",
    "100:avalanche",
    "100:blizzard",
    "100:brine",
    "100:captivate",
    "100:confide",
    "100:dive",
    "100:doubleteam",
    "100:echoedvoice",
    "100:endure",
    "100:facade",
    "100:fling",
    "100:frostbreath",
    "100:frustration",
    "100:gigaimpact",
    "100:hail",
    "100:hiddenpower",
    "100:hyperbeam",
    "100:icebeam",
    "100:naturalgift",
    "100:protect",
    "100:raindance",
    "100:rest",
    "100:return",
    "100:round",
    "100:safeguard",
    "100:secretpower",
    "100:sleeptalk",
    "100:smartstrike",
    "100:substitute",
    "100:surf",
    "100:swagger",
    "100:thief",
    "100:toxic",
    "100:waterfall",
    "100:waterpulse",
    "100:whirlpool",
    "100:aquajet",
    "100:aquatail",
    "100:attract",
    "100:aurorabeam",
    "100:bide",
    "100:blizzard",
    "100:bodyslam",
    "100:bubblebeam",
    "100:curse",
    "100:dive",
    "100:doubleedge",
    "100:doubleteam",
    "100:drillrun",
    "100:encore",
    "100:endure",
    "100:facade",
    "100:fakeout",
    "100:frustration",
    "100:growl",
    "100:headbutt",
    "100:helpinghand",
    "100:hiddenpower",
    "100:horndrill",
    "100:hyperbeam",
    "100:icebeam",
    "100:iceshard",
    "100:icywind",
    "100:irontail",
    "100:liquidation",
    "100:megahorn",
    "100:mimic",
    "100:payday",
    "100:protect",
    "100:rage",
    "100:raindance",
    "100:rest",
    "100:return",
    "100:safeguard",
    "100:signalbeam",
    "100:skullbash",
    "100:sleeptalk",
    "100:snore",
    "100:strength",
    "100:substitute",
    "100:surf",
    "100:swagger",
    "100:takedown",
    "100:toxic",
    "100:waterfall",
    "100:watergun",
    "100:waterpulse",
    "100:whirlpool"
  ],
  "labels": [
    "gen1"
  ],
  "pokedex": [
    "cobblemon.species.dewgong.desc"
  ],
  "preEvolution": "seel",
  "evolutions": [],
  "baseScale": 2,
  "hitbox": {
    "width": 0.9,
    "height": 0.5,
    "fixed": false
  },
  "baseFriendship": 70,
  "evYield": {
    "hp": 0,
    "attack": 0,
    "defence": 0,
    "special_attack": 0,
    "special_defence": 2,
    "speed": 0
  },
  "height": 17,
  "weight": 1200,
  "aspects": [],
  "cannotDynamax": false
}