{
  "implemented": true,
  "name": "Diglett",
  "nationalPokedexNumber": 50,
  "primaryType": "ground",
  "abilities": [
    "sandveil",
    "arenatrap",
    "h:sandforce"
  ],
  "baseStats": {
    "hp": 10,
    "attack": 55,
    "defence": 25,
    "special_attack": 35,
    "special_defence": 45,
    "speed": 95
  },
  "behaviour": {
    "resting": {
      "canSleep": true,
      "willSleepOnBed": false,
      "depth": "normal",
      "light": "0-4"
    }
  },
  "catchRate": 255,
  "maleRatio": 0.5,
  "shoulderMountable": false,
  "forms": [
    {
      "name": "Alola",
      "primaryType": "ground",
      "secondaryType": "steel",
      "abilities": [
        "sandveil",
        "tanglinghair",
        "h:sandforce"
      ],
      "baseStats": {
        "hp": 10,
        "attack": 55,
        "defence": 30,
        "special_attack": 35,
        "special_defence": 45,
        "speed": 90
      },
      "catchRate": 255,
      "maleRatio": 0.5,
      "baseExperienceYield": 53,
      "baseFriendship": 50,
      "evYield": {
        "hp": 0,
        "attack": 0,
        "defence": 0,
        "special_attack": 0,
        "special_defence": 0,
        "speed": 1
      },
      "experienceGroup": "medium_fast",
      "eggCycles": 20,
      "eggGroups": [
        "field"
      ],
      "moves": [
        "1:metalclaw",
        "1:sandattack",
        "4:growl",
        "7:astonish",
        "10:mudslap",
        "14:magnitude",
        "18:bulldoze",
        "22:suckerpunch",
        "25:mudbomb",
        "28:earthpower",
        "28:sandstorm",
        "31:dig",
        "35:ironhead",
        "39:earthquake",
        "43:fissure",
        "100:ancientpower",
        "100:beatup",
        "100:endure",
        "100:feintattack",
        "100:finalgambit",
        "100:headbutt",
        "100:honeclaws",
        "100:memento",
        "100:metalsound",
        "100:pursuit",
        "100:reversal",
        "100:thrash",
        "100:aerialace",
        "100:agility",
        "100:allyswitch",
        "100:assurance",
        "100:attract",
        "100:beatup",
        "100:bodyslam",
        "100:bulldoze",
        "100:charm",
        "100:confide",
        "100:dig",
        "100:doubleteam",
        "100:earthpower",
        "100:earthquake",
        "100:echoedvoice",
        "100:endure",
        "100:facade",
        "100:flashcannon",
        "100:foulplay",
        "100:frustration",
        "100:helpinghand",
        "100:hiddenpower",
        "100:irondefense",
        "100:ironhead",
        "100:metalclaw",
        "100:mudshot",
        "100:mudslap",
        "100:protect",
        "100:rest",
        "100:return",
        "100:reversal",
        "100:rockblast",
        "100:rockslide",
        "100:rocktomb",
        "100:round",
        "100:sandstorm",
        "100:scaryface",
        "100:screech",
        "100:shadowclaw",
        "100:sleeptalk",
        "100:sludgebomb",
        "100:snore",
        "100:stealthrock",
        "100:steelbeam",
        "100:stompingtantrum",
        "100:stoneedge",
        "100:substitute",
        "100:sunnyday",
        "100:swagger",
        "100:swordsdance",
        "100:takedown",
        "100:terablast",
        "100:thief",
        "100:toxic",
        "100:uproar",
        "100:workup",
        "100:agility",
        "100:astonish",
        "100:dig",
        "100:earthpower",
        "100:earthquake",
        "100:facade",
        "100:fissure",
        "100:flashcannon",
        "100:furyswipes",
        "100:growl",
        "100:headbutt",
        "100:irondefense",
        "100:ironhead",
        "100:metalclaw",
        "100:mudslap",
        "100:protect",
        "100:rest",
        "100:rockslide",
        "100:sandattack",
        "100:scorchingsands",
        "100:scratch",
        "100:slash",
        "100:sludgebomb",
        "100:snore",
        "100:stealthrock",
        "100:steelbeam",
        "100:stompingtantrum",
        "100:substitute",
        "100:suckerpunch",
        "100:toxic"
      ],
      "labels": [
        "gen7",
        "alola_regional"
      ],
      "aspects": [
        "alolan"
      ],
      "height": 2,
      "weight": 10,
      "evolutions": [
        {
          "id": "diglett_dugtrio",
          "variant": "level_up",
          "result": "dugtrio form=alola",
          "consumeHeldItem": false,
          "learnableMoves": [
            "sandtomb"
          ],
          "requirements": [
            {
              "variant": "level",
              "minLevel": 26
            }
          ]
        }
      ],
      "cannotDynamax": false,
      "battleOnly": false
    }
  ],
  "baseExperienceYield": 53,
  "experienceGroup": "medium_fast",
  "eggCycles": 20,
  "eggGroups": [
    "field"
  ],
  "drops": {
    "amount": "2",
    "entries": [
      {
        "item": "minecraft:potato",
        "percentage": 50
      },
      {
        "item": "cobblemon:big_root",
        "percentage": 2.5
      }
    ]
  },
  "moves": [
    "1:sandattack",
    "1:scratch",
    "5:growl",
    "7:astonish",
    "9:magnitude",
    "17:dig",
    "18:bulldoze",
    "21:furyswipes",
    "23:suckerpunch",
    "25:mudslap",
    "26:earthpower",
    "28:sandstorm",
    "29:mudbomb",
    "33:slash",
    "41:earthquake",
    "49:fissure",
    "100:ancientpower",
    "100:astonish",
    "100:beatup",
    "100:endure",
    "100:feintattack",
    "100:finalgambit",
    "100:headbutt",
    "100:honeclaws",
    "100:memento",
    "100:mudbomb",
    "100:pursuit",
    "100:reversal",
    "100:rockslide",
    "100:screech",
    "100:uproar",
    "100:aerialace",
    "100:agility",
    "100:allyswitch",
    "100:assurance",
    "100:attract",
    "100:beatup",
    "100:bodyslam",
    "100:bulldoze",
    "100:captivate",
    "100:charm",
    "100:confide",
    "100:cut",
    "100:dig",
    "100:doubleteam",
    "100:earthpower",
    "100:earthquake",
    "100:echoedvoice",
    "100:endure",
    "100:facade",
    "100:foulplay",
    "100:frustration",
    "100:helpinghand",
    "100:hiddenpower",
    "100:honeclaws",
    "100:mudshot",
    "100:mudslap",
    "100:naturalgift",
    "100:protect",
    "100:rest",
    "100:return",
    "100:reversal",
    "100:rockblast",
    "100:rockslide",
    "100:rocksmash",
    "100:rocktomb",
    "100:round",
    "100:sandstorm",
    "100:screech",
    "100:secretpower",
    "100:shadowclaw",
    "100:sleeptalk",
    "100:sludgebomb",
    "100:snore",
    "100:stealthrock",
    "100:stompingtantrum",
    "100:stoneedge",
    "100:substitute",
    "100:sunnyday",
    "100:swagger",
    "100:swordsdance",
    "100:takedown",
    "100:terablast",
    "100:thief",
    "100:toxic",
    "100:uproar",
    "100:workup",
    "100:agility",
    "100:ancientpower",
    "100:attract",
    "100:beatup",
    "100:bide",
    "100:bodyslam",
    "100:curse",
    "100:cut",
    "100:dig",
    "100:doubleedge",
    "100:doubleteam",
    "100:earthpower",
    "100:earthquake",
    "100:endure",
    "100:facade",
    "100:feintattack",
    "100:fissure",
    "100:frustration",
    "100:furyswipes",
    "100:growl",
    "100:headbutt",
    "100:hiddenpower",
    "100:magnitude",
    "100:mimic",
    "100:mudslap",
    "100:protect",
    "100:pursuit",
    "100:rage",
    "100:rest",
    "100:return",
    "100:rockslide",
    "100:rocksmash",
    "100:sandattack",
    "100:scorchingsands",
    "100:scratch",
    "100:screech",
    "100:slash",
    "100:sleeptalk",
    "100:sludgebomb",
    "100:snore",
    "100:stealthrock",
    "100:stompingtantrum",
    "100:substitute",
    "100:suckerpunch",
    "100:sunnyday",
    "100:swagger",
    "100:takedown",
    "100:thief",
    "100:toxic",
    "100:uproar"
  ],
  "labels": [
    "gen1",
    "kanto_regional"
  ],
  "pokedex": [
    "cobblemon.species.diglett.desc"
  ],
  "evolutions": [
    {
      "id": "diglett_dugtrio",
      "variant": "level_up",
      "result": "dugtrio",
      "consumeHeldItem": false,
      "learnableMoves": [
        "sandtomb"
      ],
      "requirements": [
        {
          "variant": "level",
          "minLevel": 26
        }
      ]
    }
  ],
  "baseScale": 0.8,
  "hitbox": {
    "width": 0.5,
    "height": 0.6,
    "fixed": false
  },
  "baseFriendship": 50,
  "evYield": {
    "hp": 0,
    "attack": 0,
    "defence": 0,
    "special_attack": 0,
    "special_defence": 0,
    "speed": 1
  },
  "height": 2,
  "weight": 8,
  "aspects": [],
  "cannotDynamax": false
}