{
  "implemented": true,
  "name": "Ditto",
  "nationalPokedexNumber": 132,
  "primaryType": "normal",
  "abilities": [
    "limber",
    "h:imposter"
  ],
  "baseStats": {
    "hp": 48,
    "attack": 48,
    "defence": 48,
    "special_attack": 48,
    "special_defence": 48,
    "speed": 48
  },
  "catchRate": 35,
  "maleRatio": -1,
  "shoulderMountable": false,
  "baseExperienceYield": 101,
  "experienceGroup": "medium_fast",
  "eggCycles": 20,
  "eggGroups": [
    "ditto"
  ],
  "moves": [
    "1:transform",
    "100:transform"
  ],
  "labels": [
    "gen1"
  ],
  "pokedex": [
    "cobblemon.species.ditto.desc"
  ],
  "evolutions": [],
  "baseScale": 1,
  "hitbox": {
    "width": 0.5,
    "height": 0.6,
    "fixed": false
  },
  "baseFriendship": 50,
  "evYield": {
    "hp": 1,
    "attack": 0,
    "defence": 0,
    "special_attack": 0,
    "special_defence": 0,
    "speed": 0
  },
  "height": 3,
  "weight": 40,
  "aspects": [],
  "cannotDynamax": false
}