{
  "implemented": true,
  "name": "Dodrio",
  "nationalPokedexNumber": 85,
  "primaryType": "normal",
  "secondaryType": "flying",
  "abilities": [
    "runaway",
    "earlybird",
    "h:tangledfeet"
  ],
  "baseStats": {
    "hp": 60,
    "attack": 110,
    "defence": 70,
    "special_attack": 60,
    "special_defence": 60,
    "speed": 110
  },
  "catchRate": 45,
  "maleRatio": 0.5,
  "shoulderMountable": false,
  "baseExperienceYield": 165,
  "experienceGroup": "medium_fast",
  "eggCycles": 20,
  "eggGroups": [
    "flying"
  ],
  "drops": {
    "amount": "3",
    "entries": [
      {
        "item": "minecraft:feather",
        "quantityRange": "1-2",
        "percentage": 66
      },
      {
        "item": "minecraft:chicken"
      },
      {
        "item": "cobblemon:sharp_beak",
        "percentage": 5
      }
    ]
  },
  "moves": [
    "1:furyattack",
    "1:growl",
    "1:peck",
    "1:pluck",
    "1:pursuit",
    "1:quickattack",
    "21:triattack",
    "22:doublehit",
    "25:rage",
    "28:acupressure",
    "38:swordsdance",
    "38:uproar",
    "43:jumpkick",
    "47:drillpeck",
    "54:endeavor",
    "60:agility",
    "60:thrash",
    "100:aerialace",
    "100:attract",
    "100:captivate",
    "100:confide",
    "100:doubleteam",
    "100:echoedvoice",
    "100:endure",
    "100:facade",
    "100:fly",
    "100:frustration",
    "100:gigaimpact",
    "100:hiddenpower",
    "100:hyperbeam",
    "100:naturalgift",
    "100:payback",
    "100:pluck",
    "100:protect",
    "100:rest",
    "100:return",
    "100:roost",
    "100:round",
    "100:secretpower",
    "100:sleeptalk",
    "100:steelwing",
    "100:substitute",
    "100:sunnyday",
    "100:swagger",
    "100:swordsdance",
    "100:taunt",
    "100:thief",
    "100:torment",
    "100:toxic",
    "100:workup",
    "100:agility",
    "100:aircutter",
    "100:attract",
    "100:batonpass",
    "100:bide",
    "100:bodyslam",
    "100:curse",
    "100:doubleedge",
    "100:doubleteam",
    "100:drillpeck",
    "100:endeavor",
    "100:endure",
    "100:facade",
    "100:fly",
    "100:frustration",
    "100:furyattack",
    "100:growl",
    "100:headbutt",
    "100:hiddenpower",
    "100:hyperbeam",
    "100:jumpkick",
    "100:knockoff",
    "100:mimic",
    "100:mirrormove",
    "100:mudslap",
    "100:peck",
    "100:protect",
    "100:pursuit",
    "100:quickattack",
    "100:rage",
    "100:reflect",
    "100:rest",
    "100:return",
    "100:roost",
    "100:skullbash",
    "100:skyattack",
    "100:sleeptalk",
    "100:snore",
    "100:steelwing",
    "100:stompingtantrum",
    "100:substitute",
    "100:sunnyday",
    "100:supersonic",
    "100:swagger",
    "100:swift",
    "100:swordsdance",
    "100:takedown",
    "100:taunt",
    "100:thief",
    "100:thrash",
    "100:toxic",
    "100:triattack",
    "100:uproar",
    "100:whirlwind"
  ],
  "labels": [
    "gen1"
  ],
  "pokedex": [
    "cobblemon.species.dodrio.desc"
  ],
  "preEvolution": "doduo",
  "evolutions": [],
  "baseScale": 1.6,
  "hitbox": {
    "width": 0.6,
    "height": 1.6,
    "fixed": false
  },
  "baseFriendship": 70,
  "evYield": {
    "hp": 0,
    "attack": 2,
    "defence": 0,
    "special_attack": 0,
    "special_defence": 0,
    "speed": 0
  },
  "height": 18,
  "weight": 852,
  "aspects": [],
  "cannotDynamax": false
}