{
  "implemented": true,
  "name": "Dragonite",
  "nationalPokedexNumber": 149,
  "primaryType": "dragon",
  "secondaryType": "flying",
  "abilities": [
    "innerfocus",
    "h:multiscale"
  ],
  "baseStats": {
    "hp": 91,
    "attack": 134,
    "defence": 95,
    "special_attack": 100,
    "special_defence": 100,
    "speed": 80
  },
  "catchRate": 45,
  "maleRatio": 0.5,
  "shoulderMountable": false,
  "baseExperienceYield": 300,
  "experienceGroup": "slow",
  "eggCycles": 40,
  "eggGroups": [
    "water_1",
    "dragon"
  ],
  "behaviour": {
    "moving": {
      "swim": {
        "canSwimInWater": true,
        "canBreatheUnderwater": true
      },
      "fly": {
        "canFly": true
      }
    }
  },
  "drops": {
    "amount": "2",
    "entries": [
      {
        "item": "minecraft:dragon_breath",
        "quantityRange": "1-3",
        "percentage": 75
      },
      {
        "item": "cobblemon:dragon_scale",
        "percentage": 10
      }
    ]
  },
  "moves": [
    "1:extremespeed",
    "1:firepunch",
    "1:leer",
    "1:roost",
    "1:thunderpunch",
    "1:thunderwave",
    "1:twister",
    "1:wrap",
    "22:dragonrage",
    "29:slam",
    "33:aquatail",
    "33:dragontail",
    "38:agility",
    "39:dragonrush",
    "47:safeguard",
    "53:dragondance",
    "53:raindance",
    "55:wingattack",
    "61:outrage",
    "75:hyperbeam",
    "81:hurricane",
    "100:aerialace",
    "100:agility",
    "100:aircutter",
    "100:airslash",
    "100:attract",
    "100:blizzard",
    "100:bodypress",
    "100:bodyslam",
    "100:breakingswipe",
    "100:brickbreak",
    "100:brutalswing",
    "100:bulldoze",
    "100:captivate",
    "100:chillingwater",
    "100:confide",
    "100:cut",
    "100:defog",
    "100:dive",
    "100:doubleteam",
    "100:dracometeor",
    "100:dragonclaw",
    "100:dragondance",
    "100:dragonpulse",
    "100:dragontail",
    "100:earthquake",
    "100:encore",
    "100:endure",
    "100:facade",
    "100:fireblast",
    "100:firepunch",
    "100:firespin",
    "100:flamethrower",
    "100:fling",
    "100:fly",
    "100:focusblast",
    "100:focuspunch",
    "100:frustration",
    "100:gigaimpact",
    "100:hail",
    "100:heatwave",
    "100:helpinghand",
    "100:hiddenpower",
    "100:honeclaws",
    "100:hurricane",
    "100:hydropump",
    "100:hyperbeam",
    "100:icebeam",
    "100:icepunch",
    "100:icespinner",
    "100:icywind",
    "100:incinerate",
    "100:ironhead",
    "100:irontail",
    "100:lightscreen",
    "100:lowkick",
    "100:megakick",
    "100:megapunch",
    "100:metronome",
    "100:naturalgift",
    "100:outrage",
    "100:poweruppunch",
    "100:protect",
    "100:raindance",
    "100:rest",
    "100:return",
    "100:roar",
    "100:rockslide",
    "100:rocksmash",
    "100:rocktomb",
    "100:roost",
    "100:round",
    "100:safeguard",
    "100:sandstorm",
    "100:scaryface",
    "100:secretpower",
    "100:shockwave",
    "100:skydrop",
    "100:sleeptalk",
    "100:snore",
    "100:snowscape",
    "100:steelwing",
    "100:stompingtantrum",
    "100:stoneedge",
    "100:strength",
    "100:substitute",
    "100:sunnyday",
    "100:superpower",
    "100:surf",
    "100:swagger",
    "100:swift",
    "100:tailwind",
    "100:takedown",
    "100:terablast",
    "100:thunder",
    "100:thunderbolt",
    "100:thunderpunch",
    "100:thunderwave",
    "100:toxic",
    "100:waterfall",
    "100:waterpulse",
    "100:whirlpool",
    "100:agility",
    "100:aircutter",
    "100:aquajet",
    "100:aquatail",
    "100:attract",
    "100:barrier",
    "100:bide",
    "100:bind",
    "100:blizzard",
    "100:bodyslam",
    "100:brickbreak",
    "100:bubblebeam",
    "100:curse",
    "100:defog",
    "100:detect",
    "100:dive",
    "100:doubleedge",
    "100:doubleteam",
    "100:dracometeor",
    "100:dragonbreath",
    "100:dragonclaw",
    "100:dragondance",
    "100:dragonpulse",
    "100:dragonrage",
    "100:dragonrush",
    "100:dragontail",
    "100:dualwingbeat",
    "100:dynamicpunch",
    "100:earthquake",
    "100:endure",
    "100:extremespeed",
    "100:facade",
    "100:fireblast",
    "100:firepunch",
    "100:flamethrower",
    "100:fly",
    "100:focuspunch",
    "100:frustration",
    "100:furycutter",
    "100:headbutt",
    "100:healbell",
    "100:heatwave",
    "100:hiddenpower",
    "100:horndrill",
    "100:hurricane",
    "100:hyperbeam",
    "100:icebeam",
    "100:icepunch",
    "100:icywind",
    "100:ironhead",
    "100:irontail",
    "100:leer",
    "100:lightscreen",
    "100:mimic",
    "100:mist",
    "100:mudslap",
    "100:ominouswind",
    "100:outrage",
    "100:protect",
    "100:rage",
    "100:raindance",
    "100:razorwind",
    "100:reflect",
    "100:rest",
    "100:return",
    "100:rockslide",
    "100:rocksmash",
    "100:roost",
    "100:safeguard",
    "100:sandstorm",
    "100:scaleshot",
    "100:shockwave",
    "100:skullbash",
    "100:slam",
    "100:sleeptalk",
    "100:snore",
    "100:steelwing",
    "100:strength",
    "100:substitute",
    "100:superpower",
    "100:surf",
    "100:swagger",
    "100:swift",
    "100:tailwind",
    "100:takedown",
    "100:thunder",
    "100:thunderbolt",
    "100:thunderpunch",
    "100:thunderwave",
    "100:toxic",
    "100:twister",
    "100:waterfall",
    "100:watergun",
    "100:waterpulse",
    "100:whirlpool",
    "100:wingattack",
    "100:wrap",
    "100:zapcannon"
  ],
  "labels": [
    "gen1",
    "pseudo_legendary"
  ],
  "pokedex": [
    "cobblemon.species.dragonite.desc"
  ],
  "preEvolution": "dragonair",
  "evolutions": [],
  "baseScale": 1.9,
  "hitbox": {
    "width": 0.8,
    "height": 1.7,
    "fixed": false
  },
  "baseFriendship": 35,
  "evYield": {
    "hp": 0,
    "attack": 3,
    "defence": 0,
    "special_attack": 0,
    "special_defence": 0,
    "speed": 0
  },
  "height": 22,
  "weight": 2100,
  "aspects": [],
  "cannotDynamax": false
}