{
  "implemented": true,
  "name": "Ekans",
  "nationalPokedexNumber": 23,
  "primaryType": "poison",
  "abilities": [
    "intimidate",
    "shedskin",
    "h:unnerve"
  ],
  "baseStats": {
    "hp": 35,
    "attack": 60,
    "defence": 44,
    "special_attack": 40,
    "special_defence": 54,
    "speed": 55
  },
  "behaviour": {
    "resting": {
      "canSleep": true,
      "willSleepOnBed": false,
      "depth": "normal",
      "light": "0-4"
    }
  },
  "features": [
    "snake-pattern"
  ],
  "catchRate": 255,
  "maleRatio": 0.5,
  "shoulderMountable": false,
  "baseExperienceYield": 58,
  "experienceGroup": "medium_fast",
  "eggCycles": 20,
  "eggGroups": [
    "field",
    "dragon"
  ],
  "drops": {
    "amount": "1",
    "entries": [
      {
        "item": "cobblemon:razor_fang",
        "percentage": 2.5
      }
    ]
  },
  "moves": [
    "1:leer",
    "1:wrap",
    "8:poisonsting",
    "13:bite",
    "20:glare",
    "25:screech",
    "28:acidspray",
    "28:mudbomb",
    "32:acid",
    "33:gastroacid",
    "37:spitup",
    "37:stockpile",
    "37:swallow",
    "38:belch",
    "41:gunkshot",
    "44:coil",
    "44:haze",
    "100:beatup",
    "100:disable",
    "100:irontail",
    "100:poisonfang",
    "100:poisontail",
    "100:pursuit",
    "100:scaryface",
    "100:slam",
    "100:snatch",
    "100:spite",
    "100:suckerpunch",
    "100:switcheroo",
    "100:attract",
    "100:brutalswing",
    "100:bulldoze",
    "100:captivate",
    "100:confide",
    "100:darkpulse",
    "100:dig",
    "100:doubleteam",
    "100:earthquake",
    "100:endure",
    "100:facade",
    "100:frustration",
    "100:gigadrain",
    "100:hiddenpower",
    "100:infestation",
    "100:irontail",
    "100:naturalgift",
    "100:payback",
    "100:poisonjab",
    "100:protect",
    "100:raindance",
    "100:rest",
    "100:return",
    "100:rockslide",
    "100:rocktomb",
    "100:round",
    "100:secretpower",
    "100:sleeptalk",
    "100:sludgebomb",
    "100:sludgewave",
    "100:snatch",
    "100:strength",
    "100:substitute",
    "100:sunnyday",
    "100:swagger",
    "100:thief",
    "100:torment",
    "100:toxic",
    "100:venoshock",
    "100:acid",
    "100:aquatail",
    "100:attract",
    "100:beatup",
    "100:bide",
    "100:bind",
    "100:bite",
    "100:bodyslam",
    "100:crunch",
    "100:curse",
    "100:darkpulse",
    "100:dig",
    "100:doubleedge",
    "100:doubleteam",
    "100:earthquake",
    "100:endure",
    "100:facade",
    "100:fissure",
    "100:frustration",
    "100:gastroacid",
    "100:gigadrain",
    "100:glare",
    "100:gunkshot",
    "100:haze",
    "100:headbutt",
    "100:hiddenpower",
    "100:irontail",
    "100:leer",
    "100:megadrain",
    "100:mimic",
    "100:poisonjab",
    "100:poisonsting",
    "100:protect",
    "100:pursuit",
    "100:rage",
    "100:rest",
    "100:return",
    "100:rockslide",
    "100:screech",
    "100:seedbomb",
    "100:skullbash",
    "100:slam",
    "100:sleeptalk",
    "100:sludgebomb",
    "100:snatch",
    "100:snore",
    "100:spite",
    "100:strength",
    "100:substitute",
    "100:sunnyday",
    "100:swagger",
    "100:takedown",
    "100:thief",
    "100:toxic",
    "100:wrap"
  ],
  "labels": [
    "gen1"
  ],
  "pokedex": [
    "cobblemon.species.ekans.desc"
  ],
  "evolutions": [
    {
      "id": "ekans_arbok",
      "variant": "level_up",
      "result": "arbok",
      "consumeHeldItem": false,
      "learnableMoves": [],
      "requirements": [
        {
          "variant": "level",
          "minLevel": 22
        }
      ]
    }
  ],
  "baseScale": 0.8,
  "hitbox": {
    "width": 1.7,
    "height": 0.4,
    "fixed": false
  },
  "baseFriendship": 70,
  "evYield": {
    "hp": 0,
    "attack": 1,
    "defence": 0,
    "special_attack": 0,
    "special_defence": 0,
    "speed": 0
  },
  "height": 20,
  "weight": 69,
  "aspects": [],
  "cannotDynamax": false
}