{
  "implemented": true,
  "name": "Electabuzz",
  "nationalPokedexNumber": 125,
  "primaryType": "electric",
  "abilities": [
    "static",
    "h:vitalspirit"
  ],
  "baseStats": {
    "hp": 65,
    "attack": 83,
    "defence": 57,
    "special_attack": 95,
    "special_defence": 85,
    "speed": 105
  },
  "catchRate": 45,
  "maleRatio": 0.75,
  "shoulderMountable": false,
  "baseExperienceYield": 172,
  "experienceGroup": "medium_fast",
  "eggCycles": 25,
  "eggGroups": [
    "human_like"
  ],
  "drops": {
    "amount": "2",
    "entries": [
      {
        "item": "minecraft:redstone",
        "quantityRange": "1-2",
        "percentage": 66
      },
      {
        "item": "cobblemon:electirizer",
        "quantityRange": "1",
        "percentage": 5
      }
    ]
  },
  "moves": [
    "1:charge",
    "1:leer",
    "1:quickattack",
    "1:thunderpunch",
    "1:thundershock",
    "10:lowkick",
    "17:lightscreen",
    "19:shockwave",
    "19:thunderwave",
    "25:swift",
    "32:electroball",
    "36:screech",
    "37:discharge",
    "47:thunderbolt",
    "58:thunder",
    "64:gigaimpact",
    "100:attract",
    "100:bodyslam",
    "100:brickbreak",
    "100:captivate",
    "100:chargebeam",
    "100:confide",
    "100:doubleteam",
    "100:electroball",
    "100:electroweb",
    "100:endure",
    "100:facade",
    "100:firepunch",
    "100:flash",
    "100:fling",
    "100:focusblast",
    "100:focuspunch",
    "100:frustration",
    "100:gigaimpact",
    "100:helpinghand",
    "100:hiddenpower",
    "100:hyperbeam",
    "100:icepunch",
    "100:irontail",
    "100:lightscreen",
    "100:lowkick",
    "100:lowsweep",
    "100:megakick",
    "100:megapunch",
    "100:naturalgift",
    "100:poweruppunch",
    "100:protect",
    "100:psychic",
    "100:raindance",
    "100:rest",
    "100:return",
    "100:rockclimb",
    "100:rocksmash",
    "100:round",
    "100:screech",
    "100:secretpower",
    "100:shockwave",
    "100:sleeptalk",
    "100:snore",
    "100:strength",
    "100:substitute",
    "100:swagger",
    "100:swift",
    "100:thief",
    "100:thunder",
    "100:thunderbolt",
    "100:thunderpunch",
    "100:thunderwave",
    "100:toxic",
    "100:uproar",
    "100:voltswitch",
    "100:wildcharge",
    "100:attract",
    "100:bide",
    "100:bodyslam",
    "100:brickbreak",
    "100:counter",
    "100:covet",
    "100:crosschop",
    "100:curse",
    "100:detect",
    "100:doubleedge",
    "100:doubleteam",
    "100:dualchop",
    "100:dynamicpunch",
    "100:electroweb",
    "100:endure",
    "100:facade",
    "100:firepunch",
    "100:flash",
    "100:focuspunch",
    "100:followme",
    "100:frustration",
    "100:headbutt",
    "100:helpinghand",
    "100:hiddenpower",
    "100:hyperbeam",
    "100:icepunch",
    "100:irontail",
    "100:leer",
    "100:lightscreen",
    "100:lowkick",
    "100:magnetrise",
    "100:megakick",
    "100:megapunch",
    "100:metronome",
    "100:mimic",
    "100:mudslap",
    "100:protect",
    "100:psychic",
    "100:psywave",
    "100:quickattack",
    "100:rage",
    "100:raindance",
    "100:reflect",
    "100:rest",
    "100:return",
    "100:risingvoltage",
    "100:rocksmash",
    "100:screech",
    "100:seismictoss",
    "100:shockwave",
    "100:signalbeam",
    "100:skullbash",
    "100:sleeptalk",
    "100:snore",
    "100:strength",
    "100:submission",
    "100:substitute",
    "100:swagger",
    "100:swift",
    "100:takedown",
    "100:taunt",
    "100:teleport",
    "100:thief",
    "100:thunder",
    "100:thunderbolt",
    "100:thunderpunch",
    "100:thundershock",
    "100:thunderwave",
    "100:toxic",
    "100:zapcannon"
  ],
  "labels": [
    "gen1"
  ],
  "pokedex": [
    "cobblemon.species.electabuzz.desc"
  ],
  "preEvolution": "elekid",
  "evolutions": [
    {
      "id": "electabuzz_electivire",
      "variant": "trade",
      "result": "electivire",
      "consumeHeldItem": true,
      "learnableMoves": [],
      "requirements": [
        {
          "variant": "held_item",
          "itemCondition": "cobblemon:electirizer"
        }
      ]
    }
  ],
  "baseScale": 0.8,
  "hitbox": {
    "width": 0.6,
    "height": 1.5,
    "fixed": false
  },
  "baseFriendship": 50,
  "evYield": {
    "hp": 0,
    "attack": 0,
    "defence": 0,
    "special_attack": 0,
    "special_defence": 0,
    "speed": 2
  },
  "height": 11,
  "weight": 300,
  "aspects": [],
  "cannotDynamax": false
}