{
  "implemented": true,
  "name": "Electrode",
  "nationalPokedexNumber": 101,
  "primaryType": "electric",
  "abilities": [
    "soundproof",
    "static",
    "h:aftermath"
  ],
  "baseStats": {
    "hp": 60,
    "attack": 50,
    "defence": 70,
    "special_attack": 80,
    "special_defence": 80,
    "speed": 150
  },
  "catchRate": 60,
  "maleRatio": -1,
  "shoulderMountable": false,
  "forms": [
    {
      "name": "Hisui",
      "primaryType": "electric",
      "secondaryType": "grass",
      "abilities": [
        "soundproof",
        "static",
        "h:aftermath"
      ],
      "baseStats": {
        "hp": 60,
        "attack": 50,
        "defence": 70,
        "special_attack": 80,
        "special_defence": 80,
        "speed": 150
      },
      "catchRate": 60,
      "maleRatio": -1,
      "baseFriendship": 70,
      "evYield": {
        "hp": 0,
        "attack": 0,
        "defence": 0,
        "special_attack": 0,
        "special_defence": 0,
        "speed": 2
      },
      "experienceGroup": "medium_fast",
      "eggCycles": 20,
      "eggGroups": [
        "mineral"
      ],
      "moves": [
        "1:charge",
        "1:tackle",
        "4:thundershock",
        "6:stunspore",
        "9:bulletseed",
        "11:rollout",
        "13:screech",
        "16:chargebeam",
        "20:swift",
        "22:electroball",
        "26:selfdestruct",
        "29:energyball",
        "34:discharge",
        "34:seedbomb",
        "41:explosion",
        "46:gyroball",
        "50:grassyterrain",
        "100:agility",
        "100:bulletseed",
        "100:chargebeam",
        "100:electricterrain",
        "100:electroball",
        "100:endure",
        "100:energyball",
        "100:facade",
        "100:foulplay",
        "100:gigadrain",
        "100:gigaimpact",
        "100:grassknot",
        "100:grassyterrain",
        "100:hyperbeam",
        "100:leafstorm",
        "100:protect",
        "100:raindance",
        "100:reflect",
        "100:rest",
        "100:scaryface",
        "100:seedbomb",
        "100:sleeptalk",
        "100:solarbeam",
        "100:substitute",
        "100:swift",
        "100:takedown",
        "100:taunt",
        "100:terablast",
        "100:thief",
        "100:thunder",
        "100:thunderbolt",
        "100:thunderwave",
        "100:voltswitch",
        "100:wildcharge"
      ],
      "labels": [
        "gen8",
        "hisui_regional"
      ],
      "aspects": [
        "hisuian"
      ],
      "height": 12,
      "weight": 710,
      "preEvolution": "voltorb form=hisui",
      "evolutions": [],
      "cannotDynamax": false,
      "battleOnly": false
    }
  ],
  "baseExperienceYield": 172,
  "experienceGroup": "medium_fast",
  "eggCycles": 20,
  "eggGroups": [
    "mineral"
  ],
  "drops": {
    "amount": "1",
    "entries": [
      {
        "item": "minecraft:gunpowder",
        "quantityRange": "1-2",
        "percentage": 66
      }
    ]
  },
  "moves": [
    "1:charge",
    "1:magneticflux",
    "1:screech",
    "1:sonicboom",
    "1:tackle",
    "1:thundershock",
    "6:eerieimpulse",
    "21:spark",
    "26:chargebeam",
    "27:selfdestruct",
    "29:electroball",
    "34:rollout",
    "40:magnetrise",
    "41:discharge",
    "41:lightscreen",
    "46:gyroball",
    "48:swift",
    "54:explosion",
    "59:mirrorcoat",
    "100:agility",
    "100:chargebeam",
    "100:confide",
    "100:doubleteam",
    "100:eerieimpulse",
    "100:electricterrain",
    "100:electroball",
    "100:endure",
    "100:explosion",
    "100:facade",
    "100:flash",
    "100:foulplay",
    "100:frustration",
    "100:gigaimpact",
    "100:gyroball",
    "100:helpinghand",
    "100:hiddenpower",
    "100:hyperbeam",
    "100:lightscreen",
    "100:naturalgift",
    "100:protect",
    "100:raindance",
    "100:rest",
    "100:return",
    "100:round",
    "100:scaryface",
    "100:secretpower",
    "100:shockwave",
    "100:sleeptalk",
    "100:substitute",
    "100:swagger",
    "100:swift",
    "100:takedown",
    "100:taunt",
    "100:terablast",
    "100:thief",
    "100:thunder",
    "100:thunderbolt",
    "100:thunderwave",
    "100:torment",
    "100:toxic",
    "100:voltswitch",
    "100:wildcharge",
    "100:bide",
    "100:curse",
    "100:doubleteam",
    "100:endure",
    "100:explosion",
    "100:facade",
    "100:flash",
    "100:foulplay",
    "100:frustration",
    "100:headbutt",
    "100:hiddenpower",
    "100:hyperbeam",
    "100:lightscreen",
    "100:magiccoat",
    "100:magnetrise",
    "100:mimic",
    "100:mirrorcoat",
    "100:protect",
    "100:rage",
    "100:raindance",
    "100:reflect",
    "100:rest",
    "100:return",
    "100:rollout",
    "100:screech",
    "100:selfdestruct",
    "100:shockwave",
    "100:signalbeam",
    "100:skullbash",
    "100:sleeptalk",
    "100:snore",
    "100:sonicboom",
    "100:substitute",
    "100:suckerpunch",
    "100:swagger",
    "100:swift",
    "100:tackle",
    "100:takedown",
    "100:taunt",
    "100:telekinesis",
    "100:teleport",
    "100:thunder",
    "100:thunderbolt",
    "100:thundershock",
    "100:thunderwave",
    "100:toxic",
    "100:zapcannon"
  ],
  "labels": [
    "gen1",
    "kanto_regional"
  ],
  "pokedex": [
    "cobblemon.species.electrode.desc"
  ],
  "preEvolution": "voltorb",
  "evolutions": [],
  "baseScale": 1.7,
  "hitbox": {
    "width": 0.6,
    "height": 0.6,
    "fixed": false
  },
  "baseFriendship": 70,
  "evYield": {
    "hp": 0,
    "attack": 0,
    "defence": 0,
    "special_attack": 0,
    "special_defence": 0,
    "speed": 2
  },
  "height": 12,
  "weight": 666,
  "aspects": [],
  "cannotDynamax": false
}