{
  "implemented": true,
  "name": "Exeggcute",
  "nationalPokedexNumber": 102,
  "primaryType": "grass",
  "secondaryType": "psychic",
  "abilities": [
    "chlorophyll",
    "h:harvest"
  ],
  "baseStats": {
    "hp": 60,
    "attack": 40,
    "defence": 80,
    "special_attack": 60,
    "special_defence": 45,
    "speed": 40
  },
  "catchRate": 90,
  "maleRatio": 0.5,
  "shoulderMountable": false,
  "baseExperienceYield": 65,
  "experienceGroup": "slow",
  "eggCycles": 20,
  "eggGroups": [
    "grass"
  ],
  "drops": {
    "amount": "1",
    "entries": [
      {
        "item": "minecraft:egg",
        "quantityRange": "1-3",
        "percentage": 75
      }
    ]
  },
  "moves": [
    "1:absorb",
    "1:barrage",
    "1:hypnosis",
    "1:uproar",
    "7:reflect",
    "13:leechseed",
    "15:megadrain",
    "17:bulletseed",
    "19:confusion",
    "25:stunspore",
    "25:synthesis",
    "31:poisonpowder",
    "33:worryseed",
    "35:gigadrain",
    "37:naturalgift",
    "37:sleeppowder",
    "43:solarbeam",
    "47:extrasensory",
    "47:psychic",
    "53:bestow",
    "100:ancientpower",
    "100:block",
    "100:curse",
    "100:gigadrain",
    "100:grassyterrain",
    "100:ingrain",
    "100:leafstorm",
    "100:luckychant",
    "100:moonlight",
    "100:naturalgift",
    "100:naturepower",
    "100:poisonpowder",
    "100:powerswap",
    "100:psychup",
    "100:reflect",
    "100:skillswap",
    "100:sleeppowder",
    "100:stunspore",
    "100:synthesis",
    "100:attract",
    "100:bulletseed",
    "100:captivate",
    "100:confide",
    "100:doubleteam",
    "100:dreameater",
    "100:endure",
    "100:energyball",
    "100:explosion",
    "100:facade",
    "100:flash",
    "100:frustration",
    "100:gigadrain",
    "100:grassknot",
    "100:grassyterrain",
    "100:hiddenpower",
    "100:infestation",
    "100:leafstorm",
    "100:lightscreen",
    "100:naturalgift",
    "100:naturepower",
    "100:powerswap",
    "100:protect",
    "100:psychic",
    "100:psychup",
    "100:reflect",
    "100:rest",
    "100:return",
    "100:round",
    "100:secretpower",
    "100:seedbomb",
    "100:selfdestruct",
    "100:skillswap",
    "100:sleeptalk",
    "100:sludgebomb",
    "100:snore",
    "100:solarbeam",
    "100:strength",
    "100:substitute",
    "100:sunnyday",
    "100:swagger",
    "100:swordsdance",
    "100:telekinesis",
    "100:thief",
    "100:toxic",
    "100:trickroom",
    "100:uproar",
    "100:ancientpower",
    "100:attract",
    "100:barrage",
    "100:bide",
    "100:block",
    "100:confusion",
    "100:curse",
    "100:doubleedge",
    "100:doubleteam",
    "100:dreameater",
    "100:eggbomb",
    "100:endure",
    "100:explosion",
    "100:facade",
    "100:flash",
    "100:frustration",
    "100:gigadrain",
    "100:grassyglide",
    "100:gravity",
    "100:headbutt",
    "100:hiddenpower",
    "100:hypnosis",
    "100:leechseed",
    "100:lightscreen",
    "100:megadrain",
    "100:mimic",
    "100:moonlight",
    "100:nightmare",
    "100:poisonpowder",
    "100:protect",
    "100:psybeam",
    "100:psychic",
    "100:psychup",
    "100:psywave",
    "100:rage",
    "100:reflect",
    "100:rest",
    "100:return",
    "100:rollout",
    "100:seedbomb",
    "100:selfdestruct",
    "100:skillswap",
    "100:sleeppowder",
    "100:sleeptalk",
    "100:sludgebomb",
    "100:snore",
    "100:solarbeam",
    "100:strength",
    "100:stunspore",
    "100:substitute",
    "100:sunnyday",
    "100:swagger",
    "100:sweetscent",
    "100:synthesis",
    "100:takedown",
    "100:telekinesis",
    "100:teleport",
    "100:thief",
    "100:toxic",
    "100:uproar",
    "100:wish",
    "100:worryseed"
  ],
  "labels": [
    "gen1"
  ],
  "pokedex": [
    "cobblemon.species.exeggcute.desc"
  ],
  "features": [
    "alolan"
  ],
  "evolutions": [
    {
      "id": "exeggcute_exeggutor",
      "variant": "item_interact",
      "result": "exeggutor",
      "consumeHeldItem": false,
      "learnableMoves": [
        "stomp"
      ],
      "requirements": [],
      "requiredContext": "cobblemon:leaf_stone"
    },
    {
      "id": "exeggcute_exeggutor",
      "variant": "item_interact",
      "result": "exeggutor form=alola",
      "consumeHeldItem": false,
      "learnableMoves": [
        "dragonhammer"
      ],
      "requirements": [],
      "requiredContext": "cobblemon:leaf_stone"
    }
  ],
  "baseScale": 1,
  "hitbox": {
    "width": 1.1,
    "height": 0.5,
    "fixed": false
  },
  "baseFriendship": 50,
  "evYield": {
    "hp": 0,
    "attack": 0,
    "defence": 1,
    "special_attack": 0,
    "special_defence": 0,
    "speed": 0
  },
  "height": 4,
  "weight": 25,
  "aspects": [],
  "cannotDynamax": false
}