{
  "implemented": true,
  "name": "Exeggutor",
  "nationalPokedexNumber": 103,
  "primaryType": "grass",
  "secondaryType": "psychic",
  "abilities": [
    "chlorophyll",
    "h:harvest"
  ],
  "baseStats": {
    "hp": 95,
    "attack": 95,
    "defence": 85,
    "special_attack": 125,
    "special_defence": 75,
    "speed": 55
  },
  "catchRate": 45,
  "maleRatio": 0.5,
  "shoulderMountable": false,
  "forms": [
    {
      "name": "Alola",
      "primaryType": "grass",
      "secondaryType": "dragon",
      "abilities": [
        "frisk",
        "h:harvest"
      ],
      "baseStats": {
        "hp": 95,
        "attack": 105,
        "defence": 85,
        "special_attack": 125,
        "special_defence": 75,
        "speed": 45
      },
      "catchRate": 45,
      "maleRatio": 0.5,
      "baseExperienceYield": 186,
      "baseFriendship": 50,
      "evYield": {
        "hp": 0,
        "attack": 0,
        "defence": 0,
        "special_attack": 2,
        "special_defence": 0,
        "speed": 0
      },
      "experienceGroup": "slow",
      "eggCycles": 20,
      "eggGroups": [
        "grass"
      ],
      "moves": [
        "1:absorb",
        "1:barrage",
        "1:bulletseed",
        "1:confusion",
        "1:dragonhammer",
        "1:extrasensory",
        "1:gigadrain",
        "1:hypnosis",
        "1:leechseed",
        "1:megadrain",
        "1:reflect",
        "1:seedbomb",
        "1:solarbeam",
        "1:synthesis",
        "1:uproar",
        "1:worryseed",
        "17:psyshock",
        "27:eggbomb",
        "37:woodhammer",
        "47:leafstorm",
        "100:attract",
        "100:breakingswipe",
        "100:brickbreak",
        "100:brutalswing",
        "100:bulldoze",
        "100:bulletseed",
        "100:confide",
        "100:doubleteam",
        "100:dragonpulse",
        "100:dragontail",
        "100:dreameater",
        "100:earthquake",
        "100:endure",
        "100:energyball",
        "100:explosion",
        "100:facade",
        "100:flamethrower",
        "100:frustration",
        "100:gigadrain",
        "100:gigaimpact",
        "100:grassknot",
        "100:grassyterrain",
        "100:hiddenpower",
        "100:hyperbeam",
        "100:infestation",
        "100:ironhead",
        "100:irontail",
        "100:leafstorm",
        "100:lightscreen",
        "100:lowkick",
        "100:magicalleaf",
        "100:naturepower",
        "100:outrage",
        "100:powerswap",
        "100:powerwhip",
        "100:protect",
        "100:psychic",
        "100:psychup",
        "100:psyshock",
        "100:reflect",
        "100:rest",
        "100:return",
        "100:round",
        "100:seedbomb",
        "100:selfdestruct",
        "100:skillswap",
        "100:sleeptalk",
        "100:sludgebomb",
        "100:snore",
        "100:solarbeam",
        "100:stompingtantrum",
        "100:substitute",
        "100:sunnyday",
        "100:superpower",
        "100:swagger",
        "100:swordsdance",
        "100:thief",
        "100:toxic",
        "100:trickroom",
        "100:uproar",
        "100:zenheadbutt",
        "100:barrage",
        "100:block",
        "100:brickbreak",
        "100:celebrate",
        "100:confusion",
        "100:dracometeor",
        "100:dragonpulse",
        "100:dragontail",
        "100:dreameater",
        "100:earthquake",
        "100:eggbomb",
        "100:facade",
        "100:flamethrower",
        "100:gigadrain",
        "100:grassyglide",
        "100:gravity",
        "100:headbutt",
        "100:hyperbeam",
        "100:hypnosis",
        "100:ironhead",
        "100:irontail",
        "100:knockoff",
        "100:leafstorm",
        "100:lightscreen",
        "100:lowkick",
        "100:megadrain",
        "100:outrage",
        "100:powerswap",
        "100:powerwhip",
        "100:protect",
        "100:psychic",
        "100:reflect",
        "100:rest",
        "100:seedbomb",
        "100:selfdestruct",
        "100:skillswap",
        "100:sludgebomb",
        "100:snore",
        "100:solarbeam",
        "100:stompingtantrum",
        "100:stunspore",
        "100:substitute",
        "100:superpower",
        "100:synthesis",
        "100:telekinesis",
        "100:teleport",
        "100:terrainpulse",
        "100:toxic",
        "100:worryseed",
        "100:zenheadbutt"
      ],
      "labels": [
        "gen7",
        "alola_regional"
      ],
      "aspects": [
        "alolan"
      ],
      "height": 109,
      "weight": 4156,
      "preEvolution": "exeggcute",
      "evolutions": [],
      "cannotDynamax": false,
      "battleOnly": false
    }
  ],
  "baseExperienceYield": 186,
  "experienceGroup": "slow",
  "eggCycles": 20,
  "eggGroups": [
    "grass"
  ],
  "drops": {
    "amount": "1",
    "entries": [
      {
        "item": "minecraft:egg",
        "quantityRange": "1-3",
        "percentage": 75
      }
    ]
  },
  "moves": [
    "1:absorb",
    "1:barrage",
    "1:bulletseed",
    "1:confusion",
    "1:extrasensory",
    "1:gigadrain",
    "1:hypnosis",
    "1:leechseed",
    "1:megadrain",
    "1:reflect",
    "1:seedbomb",
    "1:solarbeam",
    "1:synthesis",
    "1:uproar",
    "1:worryseed",
    "17:psyshock",
    "19:stomp",
    "31:eggbomb",
    "37:woodhammer",
    "47:leafstorm",
    "100:attract",
    "100:bulldoze",
    "100:bulletseed",
    "100:calmmind",
    "100:captivate",
    "100:confide",
    "100:doubleteam",
    "100:dreameater",
    "100:endure",
    "100:energyball",
    "100:explosion",
    "100:facade",
    "100:flash",
    "100:frustration",
    "100:futuresight",
    "100:gigadrain",
    "100:gigaimpact",
    "100:grassknot",
    "100:grassyterrain",
    "100:hiddenpower",
    "100:hyperbeam",
    "100:infestation",
    "100:leafstorm",
    "100:lightscreen",
    "100:lowkick",
    "100:magicalleaf",
    "100:naturalgift",
    "100:naturepower",
    "100:powerswap",
    "100:protect",
    "100:psychic",
    "100:psychocut",
    "100:psychup",
    "100:psyshock",
    "100:reflect",
    "100:rest",
    "100:return",
    "100:round",
    "100:secretpower",
    "100:seedbomb",
    "100:selfdestruct",
    "100:skillswap",
    "100:sleeptalk",
    "100:sludgebomb",
    "100:snore",
    "100:solarbeam",
    "100:stompingtantrum",
    "100:strength",
    "100:substitute",
    "100:sunnyday",
    "100:swagger",
    "100:swordsdance",
    "100:telekinesis",
    "100:thief",
    "100:toxic",
    "100:trickroom",
    "100:uproar",
    "100:zenheadbutt",
    "100:ancientpower",
    "100:attract",
    "100:barrage",
    "100:bide",
    "100:block",
    "100:confusion",
    "100:curse",
    "100:doubleedge",
    "100:doubleteam",
    "100:dreameater",
    "100:eggbomb",
    "100:endure",
    "100:expandingforce",
    "100:explosion",
    "100:facade",
    "100:flash",
    "100:frustration",
    "100:gigadrain",
    "100:grassyglide",
    "100:gravity",
    "100:headbutt",
    "100:hiddenpower",
    "100:hyperbeam",
    "100:hypnosis",
    "100:lightscreen",
    "100:lowkick",
    "100:megadrain",
    "100:mimic",
    "100:nightmare",
    "100:powerwhip",
    "100:protect",
    "100:psychic",
    "100:psychup",
    "100:psywave",
    "100:rage",
    "100:reflect",
    "100:refresh",
    "100:rest",
    "100:return",
    "100:rollout",
    "100:seedbomb",
    "100:selfdestruct",
    "100:skillswap",
    "100:sleeptalk",
    "100:sludgebomb",
    "100:snore",
    "100:solarbeam",
    "100:stomp",
    "100:stompingtantrum",
    "100:strength",
    "100:stunspore",
    "100:substitute",
    "100:sunnyday",
    "100:swagger",
    "100:synthesis",
    "100:takedown",
    "100:telekinesis",
    "100:teleport",
    "100:terrainpulse",
    "100:thief",
    "100:toxic",
    "100:worryseed",
    "100:zenheadbutt"
  ],
  "labels": [
    "gen1",
    "kanto_regional"
  ],
  "pokedex": [
    "cobblemon.species.exeggutor.desc"
  ],
  "features": [
    "alolan"
  ],
  "preEvolution": "exeggcute",
  "evolutions": [],
  "baseScale": 1.7,
  "hitbox": {
    "width": 0.7,
    "height": 1.3,
    "fixed": false
  },
  "baseFriendship": 50,
  "evYield": {
    "hp": 0,
    "attack": 0,
    "defence": 0,
    "special_attack": 2,
    "special_defence": 0,
    "speed": 0
  },
  "height": 20,
  "weight": 1200,
  "aspects": [],
  "cannotDynamax": false
}