{
  "implemented": true,
  "name": "Geodude",
  "nationalPokedexNumber": 74,
  "primaryType": "rock",
  "secondaryType": "ground",
  "abilities": [
    "rockhead",
    "sturdy",
    "h:sandveil"
  ],
  "baseStats": {
    "hp": 40,
    "attack": 80,
    "defence": 100,
    "special_attack": 30,
    "special_defence": 30,
    "speed": 20
  },
  "catchRate": 255,
  "maleRatio": 0.5,
  "shoulderMountable": false,
  "forms": [
    {
      "name": "Alola",
      "primaryType": "rock",
      "secondaryType": "electric",
      "abilities": [
        "magnetpull",
        "sturdy",
        "h:galvanize"
      ],
      "baseStats": {
        "hp": 40,
        "attack": 80,
        "defence": 100,
        "special_attack": 30,
        "special_defence": 30,
        "speed": 20
      },
      "catchRate": 255,
      "maleRatio": 0.5,
      "baseExperienceYield": 60,
      "baseFriendship": 70,
      "evYield": {
        "hp": 0,
        "attack": 0,
        "defence": 1,
        "special_attack": 0,
        "special_defence": 0,
        "speed": 0
      },
      "experienceGroup": "medium_slow",
      "eggCycles": 15,
      "eggGroups": [
        "mineral"
      ],
      "moves": [
        "1:defensecurl",
        "1:tackle",
        "4:charge",
        "6:rockpolish",
        "10:rollout",
        "12:spark",
        "16:rockthrow",
        "18:smackdown",
        "22:thunderpunch",
        "24:selfdestruct",
        "28:stealthrock",
        "30:rockblast",
        "34:discharge",
        "36:explosion",
        "40:doubleedge",
        "42:stoneedge",
        "100:autotomize",
        "100:block",
        "100:counter",
        "100:curse",
        "100:endure",
        "100:flail",
        "100:magnetrise",
        "100:rockclimb",
        "100:screech",
        "100:wideguard",
        "100:attract",
        "100:brickbreak",
        "100:brutalswing",
        "100:bulldoze",
        "100:chargebeam",
        "100:confide",
        "100:doubleteam",
        "100:earthquake",
        "100:explosion",
        "100:facade",
        "100:fireblast",
        "100:flamethrower",
        "100:fling",
        "100:frustration",
        "100:gyroball",
        "100:hiddenpower",
        "100:naturepower",
        "100:protect",
        "100:rest",
        "100:return",
        "100:rockpolish",
        "100:rockslide",
        "100:rocktomb",
        "100:round",
        "100:sandstorm",
        "100:sleeptalk",
        "100:smackdown",
        "100:stoneedge",
        "100:substitute",
        "100:sunnyday",
        "100:swagger",
        "100:thunder",
        "100:thunderbolt",
        "100:toxic",
        "100:voltswitch",
        "100:bide",
        "100:block",
        "100:brickbreak",
        "100:defensecurl",
        "100:dig",
        "100:doubleedge",
        "100:earthpower",
        "100:earthquake",
        "100:electroweb",
        "100:explosion",
        "100:facade",
        "100:fireblast",
        "100:firepunch",
        "100:flamethrower",
        "100:focuspunch",
        "100:headbutt",
        "100:irondefense",
        "100:magnetrise",
        "100:protect",
        "100:rest",
        "100:rockslide",
        "100:rockthrow",
        "100:seismictoss",
        "100:selfdestruct",
        "100:snore",
        "100:stealthrock",
        "100:substitute",
        "100:superpower",
        "100:tackle",
        "100:takedown",
        "100:thunder",
        "100:thunderbolt",
        "100:thunderpunch",
        "100:thundershock",
        "100:thunderwave",
        "100:toxic"
      ],
      "labels": [
        "gen7",
        "alola_regional"
      ],
      "aspects": [
        "alolan"
      ],
      "height": 4,
      "weight": 203,
      "evolutions": [
        {
          "id": "geodude_graveler",
          "variant": "level_up",
          "result": "graveler form=alola",
          "consumeHeldItem": false,
          "learnableMoves": [],
          "requirements": [
            {
              "variant": "level",
              "minLevel": 25
            }
          ]
        }
      ],
      "cannotDynamax": false,
      "battleOnly": false
    }
  ],
  "baseExperienceYield": 60,
  "experienceGroup": "medium_slow",
  "eggCycles": 15,
  "eggGroups": [
    "mineral"
  ],
  "drops": {
    "amount": "3",
    "entries": [
      {
        "item": "minecraft:flint",
        "percentage": 50
      },
      {
        "item": "cobblemon:hard_stone",
        "percentage": 2.5
      },
      {
        "item": "cobblemon:black_augurite",
        "percentage": 2.5
      }
    ]
  },
  "moves": [
    "1:defensecurl",
    "1:tackle",
    "6:mudsport",
    "8:rockpolish",
    "11:rockthrow",
    "16:magnitude",
    "21:selfdestruct",
    "25:smackdown",
    "26:rollout",
    "31:rockblast",
    "32:bulldoze",
    "36:earthquake",
    "36:stealthrock",
    "39:stoneedge",
    "41:explosion",
    "46:doubleedge",
    "100:autotomize",
    "100:block",
    "100:curse",
    "100:endure",
    "100:flail",
    "100:focuspunch",
    "100:hammerarm",
    "100:megapunch",
    "100:rockclimb",
    "100:rockslide",
    "100:wideguard",
    "100:attract",
    "100:brickbreak",
    "100:bulldoze",
    "100:captivate",
    "100:confide",
    "100:dig",
    "100:doubleteam",
    "100:earthquake",
    "100:endure",
    "100:explosion",
    "100:facade",
    "100:fireblast",
    "100:flamethrower",
    "100:fling",
    "100:focuspunch",
    "100:frustration",
    "100:gyroball",
    "100:hiddenpower",
    "100:incinerate",
    "100:naturalgift",
    "100:naturepower",
    "100:poweruppunch",
    "100:protect",
    "100:rest",
    "100:return",
    "100:rockclimb",
    "100:rockpolish",
    "100:rockslide",
    "100:rocksmash",
    "100:rocktomb",
    "100:round",
    "100:sandstorm",
    "100:secretpower",
    "100:sleeptalk",
    "100:smackdown",
    "100:stealthrock",
    "100:stoneedge",
    "100:strength",
    "100:substitute",
    "100:sunnyday",
    "100:swagger",
    "100:toxic",
    "100:ancientpower",
    "100:attract",
    "100:bide",
    "100:block",
    "100:bodyslam",
    "100:brickbreak",
    "100:counter",
    "100:curse",
    "100:defensecurl",
    "100:dig",
    "100:doubleedge",
    "100:doubleteam",
    "100:dynamicpunch",
    "100:earthpower",
    "100:earthquake",
    "100:endure",
    "100:explosion",
    "100:facade",
    "100:fireblast",
    "100:firepunch",
    "100:fissure",
    "100:flamethrower",
    "100:focuspunch",
    "100:frustration",
    "100:harden",
    "100:headbutt",
    "100:hiddenpower",
    "100:irondefense",
    "100:magnitude",
    "100:megapunch",
    "100:metronome",
    "100:mimic",
    "100:mudslap",
    "100:protect",
    "100:rage",
    "100:rest",
    "100:return",
    "100:rockclimb",
    "100:rockslide",
    "100:rocksmash",
    "100:rockthrow",
    "100:rollout",
    "100:sandattack",
    "100:sandstorm",
    "100:seismictoss",
    "100:selfdestruct",
    "100:sleeptalk",
    "100:snore",
    "100:stealthrock",
    "100:strength",
    "100:submission",
    "100:substitute",
    "100:suckerpunch",
    "100:sunnyday",
    "100:superpower",
    "100:swagger",
    "100:tackle",
    "100:takedown",
    "100:thunderpunch",
    "100:toxic"
  ],
  "labels": [
    "gen1",
    "kanto_regional"
  ],
  "pokedex": [
    "cobblemon.species.geodude.desc"
  ],
  "evolutions": [
    {
      "id": "geodude_graveler",
      "variant": "level_up",
      "result": "graveler",
      "consumeHeldItem": false,
      "learnableMoves": [],
      "requirements": [
        {
          "variant": "level",
          "minLevel": 25
        }
      ]
    }
  ],
  "baseScale": 1,
  "hitbox": {
    "width": 0.9,
    "height": 0.5,
    "fixed": false
  },
  "baseFriendship": 70,
  "evYield": {
    "hp": 0,
    "attack": 0,
    "defence": 1,
    "special_attack": 0,
    "special_defence": 0,
    "speed": 0
  },
  "height": 4,
  "weight": 200,
  "aspects": [],
  "cannotDynamax": false
}