{
  "implemented": true,
  "name": "Gloom",
  "nationalPokedexNumber": 44,
  "primaryType": "grass",
  "secondaryType": "poison",
  "abilities": [
    "chlorophyll",
    "h:stench"
  ],
  "baseStats": {
    "hp": 60,
    "attack": 65,
    "defence": 70,
    "special_attack": 85,
    "special_defence": 75,
    "speed": 40
  },
  "behaviour": {
    "resting": {
      "canSleep": true,
      "willSleepOnBed": false,
      "depth": "normal",
      "light": "0-4"
    }
  },
  "catchRate": 120,
  "maleRatio": 0.5,
  "shoulderMountable": false,
  "features": [
    "valencian"
  ],
  "baseExperienceYield": 138,
  "experienceGroup": "medium_slow",
  "eggCycles": 20,
  "eggGroups": [
    "grass"
  ],
  "moves": [
    "1:absorb",
    "1:growth",
    "1:poisonpowder",
    "1:sweetscent",
    "16:stunspore",
    "18:sleeppowder",
    "23:megadrain",
    "24:acid",
    "29:luckychant",
    "32:moonblast",
    "35:moonlight",
    "35:naturalgift",
    "39:toxic",
    "44:petaldance",
    "47:gigadrain",
    "49:petalblizzard",
    "54:grassyterrain",
    "100:attract",
    "100:bulletseed",
    "100:captivate",
    "100:charm",
    "100:confide",
    "100:cut",
    "100:dazzlinggleam",
    "100:doubleteam",
    "100:drainpunch",
    "100:endure",
    "100:energyball",
    "100:facade",
    "100:flash",
    "100:fling",
    "100:frustration",
    "100:gigadrain",
    "100:grassknot",
    "100:grassyterrain",
    "100:hiddenpower",
    "100:infestation",
    "100:naturalgift",
    "100:naturepower",
    "100:protect",
    "100:rest",
    "100:return",
    "100:round",
    "100:secretpower",
    "100:seedbomb",
    "100:sleeptalk",
    "100:sludgebomb",
    "100:snore",
    "100:solarbeam",
    "100:substitute",
    "100:sunnyday",
    "100:swagger",
    "100:swordsdance",
    "100:toxic",
    "100:venoshock",
    "100:absorb",
    "100:acid",
    "100:afteryou",
    "100:attract",
    "100:bide",
    "100:curse",
    "100:cut",
    "100:dazzlinggleam",
    "100:doubleedge",
    "100:doubleteam",
    "100:drainpunch",
    "100:endure",
    "100:facade",
    "100:flash",
    "100:frustration",
    "100:gastroacid",
    "100:gigadrain",
    "100:grassyglide",
    "100:growth",
    "100:headbutt",
    "100:hiddenpower",
    "100:megadrain",
    "100:mimic",
    "100:moonblast",
    "100:moonlight",
    "100:petaldance",
    "100:poisonpowder",
    "100:protect",
    "100:rage",
    "100:razorleaf",
    "100:reflect",
    "100:rest",
    "100:return",
    "100:seedbomb",
    "100:sleeppowder",
    "100:sleeptalk",
    "100:sludgebomb",
    "100:snore",
    "100:solarbeam",
    "100:stunspore",
    "100:substitute",
    "100:sunnyday",
    "100:swagger",
    "100:sweetscent",
    "100:swordsdance",
    "100:synthesis",
    "100:takedown",
    "100:toxic",
    "100:worryseed"
  ],
  "labels": [
    "gen1"
  ],
  "pokedex": [
    "cobblemon.species.gloom.desc"
  ],
  "preEvolution": "oddish",
  "evolutions": [
    {
      "id": "gloom_vileplume",
      "variant": "item_interact",
      "result": "vileplume",
      "consumeHeldItem": false,
      "learnableMoves": [
        "petalblizzard"
      ],
      "requirements": [],
      "requiredContext": "cobblemon:leaf_stone"
    },
    {
      "id": "gloom_bellossom",
      "variant": "item_interact",
      "result": "bellossom",
      "consumeHeldItem": false,
      "learnableMoves": [],
      "requirements": [],
      "requiredContext": "cobblemon:sun_stone"
    }
  ],
  "baseScale": 1,
  "hitbox": {
    "width": 0.6,
    "height": 0.8,
    "fixed": false
  },
  "baseFriendship": 50,
  "evYield": {
    "hp": 0,
    "attack": 0,
    "defence": 0,
    "special_attack": 2,
    "special_defence": 0,
    "speed": 0
  },
  "height": 8,
  "weight": 86,
  "aspects": [],
  "cannotDynamax": false
}