{
  "implemented": true,
  "name": "Golduck",
  "nationalPokedexNumber": 55,
  "primaryType": "water",
  "abilities": [
    "damp",
    "cloudnine",
    "h:swiftswim"
  ],
  "baseStats": {
    "hp": 80,
    "attack": 82,
    "defence": 78,
    "special_attack": 95,
    "special_defence": 80,
    "speed": 85
  },
  "catchRate": 75,
  "maleRatio": 0.5,
  "shoulderMountable": false,
  "baseExperienceYield": 175,
  "experienceGroup": "medium_fast",
  "eggCycles": 20,
  "eggGroups": [
    "water_1",
    "field"
  ],
  "behaviour": {
    "moving": {
      "swim": {
        "swimSpeed": 0.1,
        "canSwimInWater": true,
        "canBreatheUnderwater": true
      }
    },
    "resting": {
      "canSleep": true,
      "willSleepOnBed": false,
      "depth": "normal",
      "light": "0-4"
    }
  },
  "drops": {
    "amount": "3",
    "entries": [
      {
        "item": "minecraft:feather",
        "quantityRange": "1-2",
        "percentage": 66
      },
      {
        "item": "minecraft:chicken"
      },
      {
        "item": "cobblemon:mystic_water",
        "percentage": 5
      }
    ]
  },
  "moves": [
    "1:aquajet",
    "1:disable",
    "1:mefirst",
    "1:scratch",
    "1:tailwhip",
    "1:watergun",
    "1:watersport",
    "16:confusion",
    "22:waterpulse",
    "23:screech",
    "31:psychup",
    "32:aquatail",
    "37:soak",
    "44:furyswipes",
    "44:zenheadbutt",
    "50:amnesia",
    "58:hydropump",
    "69:wonderroom",
    "100:aerialace",
    "100:amnesia",
    "100:attract",
    "100:blizzard",
    "100:bodyslam",
    "100:brickbreak",
    "100:brine",
    "100:calmmind",
    "100:captivate",
    "100:chillingwater",
    "100:confide",
    "100:confuseray",
    "100:dig",
    "100:dive",
    "100:doubleteam",
    "100:encore",
    "100:endure",
    "100:facade",
    "100:flash",
    "100:fling",
    "100:focusblast",
    "100:focuspunch",
    "100:frustration",
    "100:futuresight",
    "100:gigaimpact",
    "100:grassknot",
    "100:hail",
    "100:helpinghand",
    "100:hiddenpower",
    "100:honeclaws",
    "100:hydropump",
    "100:hyperbeam",
    "100:icebeam",
    "100:icepunch",
    "100:icywind",
    "100:irontail",
    "100:lightscreen",
    "100:liquidation",
    "100:lowkick",
    "100:lowsweep",
    "100:megakick",
    "100:megapunch",
    "100:metronome",
    "100:muddywater",
    "100:mudshot",
    "100:nastyplot",
    "100:naturalgift",
    "100:payday",
    "100:powergem",
    "100:poweruppunch",
    "100:protect",
    "100:psybeam",
    "100:psychic",
    "100:psychup",
    "100:psyshock",
    "100:raindance",
    "100:rest",
    "100:return",
    "100:rockclimb",
    "100:rocksmash",
    "100:round",
    "100:scald",
    "100:screech",
    "100:secretpower",
    "100:shadowclaw",
    "100:skillswap",
    "100:sleeptalk",
    "100:snore",
    "100:strength",
    "100:substitute",
    "100:surf",
    "100:swagger",
    "100:swift",
    "100:takedown",
    "100:taunt",
    "100:telekinesis",
    "100:terablast",
    "100:thief",
    "100:toxic",
    "100:trailblaze",
    "100:waterfall",
    "100:waterpulse",
    "100:whirlpool",
    "100:wonderroom",
    "100:zenheadbutt",
    "100:amnesia",
    "100:aquatail",
    "100:attract",
    "100:bide",
    "100:blizzard",
    "100:bodyslam",
    "100:brickbreak",
    "100:bubblebeam",
    "100:calmmind",
    "100:charm",
    "100:confusion",
    "100:counter",
    "100:curse",
    "100:dig",
    "100:disable",
    "100:dive",
    "100:doubleedge",
    "100:doubleteam",
    "100:dynamicpunch",
    "100:encore",
    "100:endure",
    "100:facade",
    "100:flash",
    "100:flipturn",
    "100:focuspunch",
    "100:frustration",
    "100:furycutter",
    "100:furyswipes",
    "100:headbutt",
    "100:hiddenpower",
    "100:hydropump",
    "100:hyperbeam",
    "100:icebeam",
    "100:icepunch",
    "100:icywind",
    "100:irontail",
    "100:laserfocus",
    "100:lightscreen",
    "100:liquidation",
    "100:lowkick",
    "100:megakick",
    "100:megapunch",
    "100:mimic",
    "100:mudslap",
    "100:payday",
    "100:protect",
    "100:psybeam",
    "100:psychic",
    "100:psychup",
    "100:rage",
    "100:raindance",
    "100:rest",
    "100:return",
    "100:rocksmash",
    "100:roleplay",
    "100:scald",
    "100:scratch",
    "100:screech",
    "100:seismictoss",
    "100:signalbeam",
    "100:skullbash",
    "100:sleeptalk",
    "100:snore",
    "100:strength",
    "100:submission",
    "100:substitute",
    "100:surf",
    "100:swagger",
    "100:swift",
    "100:tailwhip",
    "100:takedown",
    "100:telekinesis",
    "100:toxic",
    "100:waterfall",
    "100:watergun",
    "100:waterpulse",
    "100:whirlpool",
    "100:wonderroom",
    "100:worryseed",
    "100:yawn",
    "100:zenheadbutt"
  ],
  "labels": [
    "gen1"
  ],
  "pokedex": [
    "cobblemon.species.golduck.desc"
  ],
  "preEvolution": "psyduck",
  "evolutions": [],
  "baseScale": 1.2,
  "hitbox": {
    "width": 0.8,
    "height": 1.5,
    "fixed": false
  },
  "baseFriendship": 50,
  "evYield": {
    "hp": 0,
    "attack": 0,
    "defence": 0,
    "special_attack": 2,
    "special_defence": 0,
    "speed": 0
  },
  "height": 17,
  "weight": 766,
  "aspects": [],
  "cannotDynamax": false
}