{
  "implemented": true,
  "name": "Gyarados",
  "nationalPokedexNumber": 130,
  "primaryType": "water",
  "secondaryType": "flying",
  "abilities": [
    "intimidate",
    "h:moxie"
  ],
  "baseStats": {
    "hp": 95,
    "attack": 125,
    "defence": 79,
    "special_attack": 60,
    "special_defence": 100,
    "speed": 81
  },
  "catchRate": 45,
  "maleRatio": 0.5,
  "shoulderMountable": false,
  "forms": [
    {
      "name": "Mega",
      "primaryType": "water",
      "secondaryType": "dark",
      "abilities": [
        "moldbreaker"
      ],
      "baseStats": {
        "hp": 95,
        "attack": 155,
        "defence": 109,
        "special_attack": 70,
        "special_defence": 130,
        "speed": 81
      },
      "catchRate": 45,
      "maleRatio": 0.5,
      "baseExperienceYield": 224,
      "baseFriendship": 50,
      "evYield": {
        "hp": 0,
        "attack": 2,
        "defence": 0,
        "special_attack": 0,
        "special_defence": 0,
        "speed": 0
      },
      "experienceGroup": "slow",
      "eggCycles": 5,
      "eggGroups": [
        "water_2",
        "dragon"
      ],
      "moves": [],
      "labels": [
        "gen6",
        "mega"
      ],
      "aspects": [
        "mega"
      ],
      "height": 65,
      "weight": 3050,
      "evolutions": [],
      "cannotDynamax": false,
      "battleOnly": true
    }
  ],
  "baseExperienceYield": 189,
  "experienceGroup": "slow",
  "eggCycles": 5,
  "eggGroups": [
    "water_2",
    "dragon"
  ],
  "behaviour": {
    "moving": {
      "walk": {
        "canWalk": true,
        "avoidsLand": true
      },
      "swim": {
        "swimSpeed": 0.1,
        "canSwimInWater": true,
        "canBreatheUnderwater": true,
        "canWalkOnWater": true
      }
    }
  },
  "drops": {
    "amount": "2",
    "entries": [
      {
        "item": "minecraft:salmon"
      },
      {
        "item": "minecraft:bone_meal",
        "percentage": 10
      }
    ]
  },
  "moves": [
    "1:flail",
    "1:splash",
    "1:tackle",
    "1:thrash",
    "4:whirlpool",
    "12:brine",
    "20:bite",
    "21:waterfall",
    "25:dragonrage",
    "30:leer",
    "32:icefang",
    "33:scaryface",
    "35:aquatail",
    "35:twister",
    "40:hydropump",
    "41:crunch",
    "45:raindance",
    "48:hurricane",
    "50:dragondance",
    "55:hyperbeam",
    "100:attract",
    "100:avalanche",
    "100:blizzard",
    "100:bodyslam",
    "100:bounce",
    "100:brine",
    "100:brutalswing",
    "100:bulldoze",
    "100:captivate",
    "100:chillingwater",
    "100:confide",
    "100:crunch",
    "100:darkpulse",
    "100:dive",
    "100:doubleteam",
    "100:dragondance",
    "100:dragonpulse",
    "100:dragontail",
    "100:earthquake",
    "100:endure",
    "100:facade",
    "100:fireblast",
    "100:flamethrower",
    "100:frustration",
    "100:gigaimpact",
    "100:hail",
    "100:helpinghand",
    "100:hiddenpower",
    "100:hurricane",
    "100:hydropump",
    "100:hyperbeam",
    "100:icebeam",
    "100:icefang",
    "100:icywind",
    "100:incinerate",
    "100:ironhead",
    "100:irontail",
    "100:muddywater",
    "100:naturalgift",
    "100:outrage",
    "100:payback",
    "100:powerwhip",
    "100:protect",
    "100:raindance",
    "100:rest",
    "100:return",
    "100:roar",
    "100:rocksmash",
    "100:round",
    "100:sandstorm",
    "100:scald",
    "100:scaryface",
    "100:secretpower",
    "100:sleeptalk",
    "100:snore",
    "100:stoneedge",
    "100:strength",
    "100:substitute",
    "100:sunnyday",
    "100:surf",
    "100:swagger",
    "100:takedown",
    "100:taunt",
    "100:terablast",
    "100:thunder",
    "100:thunderbolt",
    "100:thunderwave",
    "100:torment",
    "100:toxic",
    "100:uproar",
    "100:waterfall",
    "100:waterpulse",
    "100:whirlpool",
    "100:aquatail",
    "100:attract",
    "100:bide",
    "100:bind",
    "100:bite",
    "100:blizzard",
    "100:bodyslam",
    "100:bounce",
    "100:bubblebeam",
    "100:crunch",
    "100:curse",
    "100:darkpulse",
    "100:dive",
    "100:doubleedge",
    "100:doubleteam",
    "100:dragonbreath",
    "100:dragondance",
    "100:dragonpulse",
    "100:dragonrage",
    "100:dragontail",
    "100:earthquake",
    "100:endure",
    "100:facade",
    "100:fireblast",
    "100:flamethrower",
    "100:frustration",
    "100:headbutt",
    "100:hiddenpower",
    "100:hydropump",
    "100:hyperbeam",
    "100:icebeam",
    "100:icefang",
    "100:icywind",
    "100:ironhead",
    "100:irontail",
    "100:lashout",
    "100:leer",
    "100:mimic",
    "100:outrage",
    "100:protect",
    "100:rage",
    "100:raindance",
    "100:reflect",
    "100:rest",
    "100:return",
    "100:roar",
    "100:rocksmash",
    "100:sandstorm",
    "100:scald",
    "100:scaleshot",
    "100:skullbash",
    "100:sleeptalk",
    "100:snore",
    "100:spite",
    "100:strength",
    "100:substitute",
    "100:surf",
    "100:swagger",
    "100:tackle",
    "100:takedown",
    "100:taunt",
    "100:thrash",
    "100:thunder",
    "100:thunderbolt",
    "100:thunderwave",
    "100:toxic",
    "100:twister",
    "100:uproar",
    "100:waterfall",
    "100:watergun",
    "100:waterpulse",
    "100:whirlpool",
    "100:zapcannon"
  ],
  "labels": [
    "gen1"
  ],
  "pokedex": [
    "cobblemon.species.gyarados.desc"
  ],
  "preEvolution": "magikarp",
  "evolutions": [],
  "baseScale": 2,
  "hitbox": {
    "width": 1.5,
    "height": 1.6,
    "fixed": false
  },
  "baseFriendship": 50,
  "evYield": {
    "hp": 0,
    "attack": 2,
    "defence": 0,
    "special_attack": 0,
    "special_defence": 0,
    "speed": 0
  },
  "height": 65,
  "weight": 2350,
  "aspects": [],
  "cannotDynamax": false
}