{
  "implemented": true,
  "name": "Haunter",
  "nationalPokedexNumber": 93,
  "primaryType": "ghost",
  "secondaryType": "poison",
  "abilities": [
    "levitate"
  ],
  "baseStats": {
    "hp": 45,
    "attack": 50,
    "defence": 45,
    "special_attack": 115,
    "special_defence": 55,
    "speed": 95
  },
  "catchRate": 90,
  "maleRatio": 0.5,
  "shoulderMountable": false,
  "baseExperienceYield": 142,
  "experienceGroup": "medium_slow",
  "eggCycles": 20,
  "eggGroups": [
    "amorphous"
  ],
  "behaviour": {
    "moving": {
      "fly": {
        "canFly": true
      },
      "walk": {
        "canWalk": false
      }
    }
  },
  "moves": [
    "1:hypnosis",
    "1:lick",
    "1:spite",
    "13:curse",
    "13:meanlook",
    "16:nightshade",
    "21:confuseray",
    "22:suckerpunch",
    "25:shadowpunch",
    "28:payback",
    "31:dreameater",
    "39:destinybond",
    "44:darkpulse",
    "45:shadowball",
    "53:nightmare",
    "55:hex",
    "100:acidspray",
    "100:allyswitch",
    "100:attract",
    "100:captivate",
    "100:confide",
    "100:confuseray",
    "100:darkpulse",
    "100:dazzlinggleam",
    "100:doubleteam",
    "100:dreameater",
    "100:embargo",
    "100:encore",
    "100:endure",
    "100:energyball",
    "100:explosion",
    "100:facade",
    "100:firepunch",
    "100:fling",
    "100:focusblast",
    "100:foulplay",
    "100:frustration",
    "100:gigadrain",
    "100:gunkshot",
    "100:hex",
    "100:hiddenpower",
    "100:icepunch",
    "100:icywind",
    "100:imprison",
    "100:infestation",
    "100:metronome",
    "100:nastyplot",
    "100:naturalgift",
    "100:nightshade",
    "100:payback",
    "100:phantomforce",
    "100:poisonjab",
    "100:protect",
    "100:psychic",
    "100:psychup",
    "100:raindance",
    "100:rest",
    "100:return",
    "100:round",
    "100:scaryface",
    "100:secretpower",
    "100:selfdestruct",
    "100:shadowball",
    "100:shadowclaw",
    "100:skillswap",
    "100:sleeptalk",
    "100:sludgebomb",
    "100:sludgewave",
    "100:snatch",
    "100:snore",
    "100:substitute",
    "100:sunnyday",
    "100:swagger",
    "100:taunt",
    "100:telekinesis",
    "100:terablast",
    "100:thief",
    "100:thunder",
    "100:thunderbolt",
    "100:thunderpunch",
    "100:torment",
    "100:toxic",
    "100:toxicspikes",
    "100:trick",
    "100:trickroom",
    "100:uproar",
    "100:venoshock",
    "100:willowisp",
    "100:wonderroom",
    "100:allyswitch",
    "100:attract",
    "100:bide",
    "100:confuseray",
    "100:corrosivegas",
    "100:curse",
    "100:darkpulse",
    "100:dazzlinggleam",
    "100:destinybond",
    "100:doubleteam",
    "100:dreameater",
    "100:endure",
    "100:explosion",
    "100:facade",
    "100:firepunch",
    "100:foulplay",
    "100:frustration",
    "100:gigadrain",
    "100:headbutt",
    "100:hiddenpower",
    "100:hypnosis",
    "100:icepunch",
    "100:icywind",
    "100:knockoff",
    "100:lick",
    "100:meanlook",
    "100:megadrain",
    "100:mimic",
    "100:nightmare",
    "100:nightshade",
    "100:ominouswind",
    "100:painsplit",
    "100:payback",
    "100:poisongas",
    "100:poisonjab",
    "100:poltergeist",
    "100:protect",
    "100:psychic",
    "100:psychup",
    "100:psywave",
    "100:rage",
    "100:raindance",
    "100:rest",
    "100:return",
    "100:selfdestruct",
    "100:shadowball",
    "100:shadowpunch",
    "100:skillswap",
    "100:skittersmack",
    "100:sleeptalk",
    "100:sludgebomb",
    "100:smog",
    "100:snatch",
    "100:snore",
    "100:spite",
    "100:substitute",
    "100:suckerpunch",
    "100:sunnyday",
    "100:swagger",
    "100:taunt",
    "100:telekinesis",
    "100:thief",
    "100:thunder",
    "100:thunderbolt",
    "100:thunderpunch",
    "100:toxic",
    "100:trick",
    "100:uproar",
    "100:willowisp",
    "100:wonderroom",
    "100:zapcannon"
  ],
  "labels": [
    "gen1"
  ],
  "pokedex": [
    "cobblemon.species.haunter.desc"
  ],
  "preEvolution": "gastly",
  "evolutions": [
    {
      "id": "haunter_gengar",
      "variant": "trade",
      "result": "gengar",
      "consumeHeldItem": false,
      "learnableMoves": [],
      "requirements": []
    }
  ],
  "baseScale": 1.3,
  "hitbox": {
    "width": 0.7,
    "height": 0.8,
    "fixed": false
  },
  "baseFriendship": 50,
  "evYield": {
    "hp": 0,
    "attack": 0,
    "defence": 0,
    "special_attack": 2,
    "special_defence": 0,
    "speed": 0
  },
  "height": 16,
  "weight": 1,
  "aspects": [],
  "cannotDynamax": false
}