{
  "implemented": true,
  "name": "Hitmonchan",
  "nationalPokedexNumber": 107,
  "primaryType": "fighting",
  "abilities": [
    "keeneye",
    "ironfist",
    "h:innerfocus"
  ],
  "baseStats": {
    "hp": 50,
    "attack": 105,
    "defence": 79,
    "special_attack": 35,
    "special_defence": 110,
    "speed": 76
  },
  "catchRate": 45,
  "maleRatio": 1,
  "shoulderMountable": false,
  "baseExperienceYield": 159,
  "experienceGroup": "medium_fast",
  "eggCycles": 25,
  "eggGroups": [
    "human_like"
  ],
  "drops": {
    "amount": "1",
    "entries": [
      {
        "item": "cobblemon:black_belt",
        "percentage": 5
      }
    ]
  },
  "moves": [
    "1:cometpunch",
    "1:fakeout",
    "1:focusenergy",
    "1:helpinghand",
    "1:revenge",
    "1:tackle",
    "7:agility",
    "8:poweruppunch",
    "13:pursuit",
    "16:bulletpunch",
    "20:machpunch",
    "21:feint",
    "26:firepunch",
    "26:icepunch",
    "26:thunderpunch",
    "26:vacuumwave",
    "31:quickguard",
    "32:skyuppercut",
    "38:megapunch",
    "44:detect",
    "50:counter",
    "56:closecombat",
    "56:focuspunch",
    "100:agility",
    "100:attract",
    "100:aurasphere",
    "100:bodyslam",
    "100:brickbreak",
    "100:bulkup",
    "100:bulldoze",
    "100:captivate",
    "100:closecombat",
    "100:confide",
    "100:doubleteam",
    "100:drainpunch",
    "100:earthquake",
    "100:endure",
    "100:facade",
    "100:firepunch",
    "100:fling",
    "100:focusblast",
    "100:focusenergy",
    "100:focuspunch",
    "100:frustration",
    "100:helpinghand",
    "100:hiddenpower",
    "100:icepunch",
    "100:lowkick",
    "100:lowsweep",
    "100:megakick",
    "100:megapunch",
    "100:metronome",
    "100:naturalgift",
    "100:poweruppunch",
    "100:protect",
    "100:raindance",
    "100:rest",
    "100:retaliate",
    "100:return",
    "100:revenge",
    "100:rockclimb",
    "100:rockslide",
    "100:rocksmash",
    "100:rocktomb",
    "100:round",
    "100:secretpower",
    "100:sleeptalk",
    "100:snore",
    "100:stoneedge",
    "100:strength",
    "100:substitute",
    "100:sunnyday",
    "100:swagger",
    "100:swift",
    "100:thief",
    "100:throatchop",
    "100:thunderpunch",
    "100:toxic",
    "100:uproar",
    "100:workup",
    "100:agility",
    "100:attract",
    "100:bide",
    "100:bodyslam",
    "100:brickbreak",
    "100:bulkup",
    "100:coaching",
    "100:cometpunch",
    "100:counter",
    "100:covet",
    "100:curse",
    "100:detect",
    "100:dizzypunch",
    "100:doubleedge",
    "100:doubleteam",
    "100:drainpunch",
    "100:dynamicpunch",
    "100:earthquake",
    "100:endure",
    "100:facade",
    "100:feint",
    "100:firepunch",
    "100:focusenergy",
    "100:focuspunch",
    "100:frustration",
    "100:headbutt",
    "100:helpinghand",
    "100:hiddenpower",
    "100:icepunch",
    "100:laserfocus",
    "100:leer",
    "100:lowkick",
    "100:machpunch",
    "100:megakick",
    "100:megapunch",
    "100:metronome",
    "100:mimic",
    "100:mindreader",
    "100:mudslap",
    "100:protect",
    "100:pursuit",
    "100:rage",
    "100:rest",
    "100:return",
    "100:rockslide",
    "100:rocksmash",
    "100:roleplay",
    "100:seismictoss",
    "100:skullbash",
    "100:skyuppercut",
    "100:sleeptalk",
    "100:snore",
    "100:strength",
    "100:submission",
    "100:substitute",
    "100:sunnyday",
    "100:swagger",
    "100:swift",
    "100:takedown",
    "100:thief",
    "100:throatchop",
    "100:thunderpunch",
    "100:toxic",
    "100:vacuumwave"
  ],
  "labels": [
    "gen1"
  ],
  "pokedex": [
    "cobblemon.species.hitmonchan.desc"
  ],
  "preEvolution": "tyrogue",
  "evolutions": [],
  "baseScale": 1.05,
  "hitbox": {
    "width": 0.65,
    "height": 1.6,
    "fixed": false
  },
  "baseFriendship": 50,
  "evYield": {
    "hp": 0,
    "attack": 0,
    "defence": 0,
    "special_attack": 0,
    "special_defence": 2,
    "speed": 0
  },
  "height": 14,
  "weight": 502,
  "aspects": [],
  "cannotDynamax": false
}