{
  "implemented": true,
  "name": "Jigglypuff",
  "nationalPokedexNumber": 39,
  "primaryType": "normal",
  "secondaryType": "fairy",
  "abilities": [
    "cutecharm",
    "competitive",
    "h:friendguard"
  ],
  "baseStats": {
    "hp": 115,
    "attack": 45,
    "defence": 20,
    "special_attack": 45,
    "special_defence": 25,
    "speed": 20
  },
  "catchRate": 170,
  "maleRatio": 0.25,
  "shoulderMountable": false,
  "baseExperienceYield": 95,
  "experienceGroup": "fast",
  "eggCycles": 10,
  "eggGroups": [
    "fairy"
  ],
  "moves": [
    "1:charm",
    "1:copycat",
    "1:sing",
    "1:sweetkiss",
    "4:defensecurl",
    "4:echoedvoice",
    "8:covet",
    "8:playnice",
    "9:pound",
    "11:disarmingvoice",
    "14:disable",
    "17:round",
    "19:rollout",
    "24:doubleslap",
    "25:spitup",
    "25:stockpile",
    "25:swallow",
    "29:rest",
    "33:gyroball",
    "34:bodyslam",
    "37:wakeupslap",
    "39:mimic",
    "40:playrough",
    "44:hypervoice",
    "49:doubleedge",
    "100:allyswitch",
    "100:amnesia",
    "100:attract",
    "100:batonpass",
    "100:blizzard",
    "100:bodypress",
    "100:bodyslam",
    "100:bounce",
    "100:brickbreak",
    "100:calmmind",
    "100:captivate",
    "100:chargebeam",
    "100:charm",
    "100:chillingwater",
    "100:confide",
    "100:darkpulse",
    "100:dazzlinggleam",
    "100:dig",
    "100:disarmingvoice",
    "100:doubleteam",
    "100:drainingkiss",
    "100:drainpunch",
    "100:dreameater",
    "100:echoedvoice",
    "100:encore",
    "100:endure",
    "100:energyball",
    "100:facade",
    "100:faketears",
    "100:fireblast",
    "100:firepunch",
    "100:flamethrower",
    "100:flash",
    "100:fling",
    "100:focuspunch",
    "100:frustration",
    "100:grassknot",
    "100:gyroball",
    "100:helpinghand",
    "100:hiddenpower",
    "100:hypervoice",
    "100:icebeam",
    "100:icepunch",
    "100:icespinner",
    "100:icywind",
    "100:incinerate",
    "100:lightscreen",
    "100:magicalleaf",
    "100:megakick",
    "100:megapunch",
    "100:metronome",
    "100:mistyterrain",
    "100:nastyplot",
    "100:naturalgift",
    "100:playrough",
    "100:poweruppunch",
    "100:protect",
    "100:psychic",
    "100:psychup",
    "100:psyshock",
    "100:raindance",
    "100:recycle",
    "100:reflect",
    "100:rest",
    "100:retaliate",
    "100:return",
    "100:round",
    "100:safeguard",
    "100:sandstorm",
    "100:screech",
    "100:secretpower",
    "100:selfdestruct",
    "100:shadowball",
    "100:shockwave",
    "100:skillswap",
    "100:sleeptalk",
    "100:snatch",
    "100:snore",
    "100:solarbeam",
    "100:stealthrock",
    "100:storedpower",
    "100:strength",
    "100:substitute",
    "100:sunnyday",
    "100:swagger",
    "100:swift",
    "100:takedown",
    "100:taunt",
    "100:terablast",
    "100:thief",
    "100:thunder",
    "100:thunderbolt",
    "100:thunderpunch",
    "100:thunderwave",
    "100:toxic",
    "100:trailblaze",
    "100:triattack",
    "100:uproar",
    "100:waterpulse",
    "100:wildcharge",
    "100:workup",
    "100:zenheadbutt",
    "100:allyswitch",
    "100:attract",
    "100:bide",
    "100:blizzard",
    "100:bodyslam",
    "100:bounce",
    "100:brickbreak",
    "100:bubblebeam",
    "100:counter",
    "100:covet",
    "100:curse",
    "100:dazzlinggleam",
    "100:defensecurl",
    "100:detect",
    "100:dig",
    "100:disable",
    "100:doubleedge",
    "100:doubleslap",
    "100:doubleteam",
    "100:drainpunch",
    "100:dreameater",
    "100:dynamicpunch",
    "100:endeavor",
    "100:endure",
    "100:facade",
    "100:fireblast",
    "100:firepunch",
    "100:flamethrower",
    "100:flash",
    "100:focuspunch",
    "100:frustration",
    "100:gravity",
    "100:headbutt",
    "100:healbell",
    "100:helpinghand",
    "100:hiddenpower",
    "100:hypervoice",
    "100:icebeam",
    "100:icepunch",
    "100:icywind",
    "100:knockoff",
    "100:lastresort",
    "100:lightscreen",
    "100:magiccoat",
    "100:megakick",
    "100:megapunch",
    "100:mimic",
    "100:mistyexplosion",
    "100:mudslap",
    "100:nightmare",
    "100:painsplit",
    "100:playrough",
    "100:pound",
    "100:protect",
    "100:psychic",
    "100:psychup",
    "100:psywave",
    "100:rage",
    "100:raindance",
    "100:recycle",
    "100:reflect",
    "100:rest",
    "100:return",
    "100:roleplay",
    "100:rollout",
    "100:seismictoss",
    "100:shadowball",
    "100:shockwave",
    "100:sing",
    "100:skullbash",
    "100:sleeptalk",
    "100:snatch",
    "100:snore",
    "100:solarbeam",
    "100:stealthrock",
    "100:steelroller",
    "100:strength",
    "100:submission",
    "100:substitute",
    "100:sunnyday",
    "100:swagger",
    "100:takedown",
    "100:telekinesis",
    "100:teleport",
    "100:thunder",
    "100:thunderbolt",
    "100:thunderpunch",
    "100:thunderwave",
    "100:toxic",
    "100:triattack",
    "100:watergun",
    "100:waterpulse",
    "100:zapcannon"
  ],
  "labels": [
    "gen1"
  ],
  "pokedex": [
    "cobblemon.species.jigglypuff.desc"
  ],
  "preEvolution": "igglybuff",
  "evolutions": [
    {
      "id": "jigglypuff_wigglytuff",
      "variant": "item_interact",
      "result": "wigglytuff",
      "consumeHeldItem": false,
      "learnableMoves": [],
      "requirements": [],
      "requiredContext": "cobblemon:moon_stone"
    }
  ],
  "baseScale": 1,
  "hitbox": {
    "width": 0.6,
    "height": 0.7,
    "fixed": false
  },
  "baseFriendship": 50,
  "evYield": {
    "hp": 2,
    "attack": 0,
    "defence": 0,
    "special_attack": 0,
    "special_defence": 0,
    "speed": 0
  },
  "height": 5,
  "weight": 55,
  "aspects": [],
  "cannotDynamax": false
}