{
  "implemented": true,
  "name": "Jolteon",
  "nationalPokedexNumber": 135,
  "primaryType": "electric",
  "abilities": [
    "voltabsorb",
    "h:quickfeet"
  ],
  "baseStats": {
    "hp": 65,
    "attack": 65,
    "defence": 60,
    "special_attack": 110,
    "special_defence": 95,
    "speed": 130
  },
  "catchRate": 45,
  "maleRatio": 0.875,
  "shoulderMountable": false,
  "baseExperienceYield": 184,
  "experienceGroup": "medium_fast",
  "eggCycles": 35,
  "eggGroups": [
    "field"
  ],
  "moves": [
    "1:batonpass",
    "1:bite",
    "1:charm",
    "1:copycat",
    "1:covet",
    "1:doubleedge",
    "1:growl",
    "1:helpinghand",
    "1:swift",
    "1:tackle",
    "1:tailwhip",
    "1:takedown",
    "8:sandattack",
    "9:babydolleyes",
    "16:thundershock",
    "23:quickattack",
    "30:doublekick",
    "36:pinmissile",
    "42:thunderwave",
    "43:thunderfang",
    "47:agility",
    "50:lastresort",
    "52:thunder",
    "78:discharge",
    "100:agility",
    "100:attract",
    "100:batonpass",
    "100:bodyslam",
    "100:calmmind",
    "100:captivate",
    "100:chargebeam",
    "100:charm",
    "100:confide",
    "100:dig",
    "100:doubleteam",
    "100:echoedvoice",
    "100:eerieimpulse",
    "100:electricterrain",
    "100:electroball",
    "100:endure",
    "100:facade",
    "100:faketears",
    "100:falseswipe",
    "100:flash",
    "100:focusenergy",
    "100:frustration",
    "100:gigaimpact",
    "100:helpinghand",
    "100:hiddenpower",
    "100:hyperbeam",
    "100:hypervoice",
    "100:irontail",
    "100:lightscreen",
    "100:mudslap",
    "100:naturalgift",
    "100:payday",
    "100:pinmissile",
    "100:protect",
    "100:raindance",
    "100:rest",
    "100:retaliate",
    "100:return",
    "100:roar",
    "100:rocksmash",
    "100:round",
    "100:secretpower",
    "100:shadowball",
    "100:shockwave",
    "100:sleeptalk",
    "100:snore",
    "100:storedpower",
    "100:strength",
    "100:substitute",
    "100:sunnyday",
    "100:swagger",
    "100:swift",
    "100:takedown",
    "100:terablast",
    "100:thunder",
    "100:thunderbolt",
    "100:thunderfang",
    "100:thunderwave",
    "100:toxic",
    "100:trailblaze",
    "100:voltswitch",
    "100:weatherball",
    "100:wildcharge",
    "100:workup",
    "100:agility",
    "100:attract",
    "100:bide",
    "100:bodyslam",
    "100:celebrate",
    "100:covet",
    "100:curse",
    "100:detect",
    "100:dig",
    "100:doubleedge",
    "100:doublekick",
    "100:doubleteam",
    "100:endure",
    "100:facade",
    "100:flash",
    "100:frustration",
    "100:growl",
    "100:headbutt",
    "100:healbell",
    "100:helpinghand",
    "100:hiddenpower",
    "100:hyperbeam",
    "100:hypervoice",
    "100:irontail",
    "100:laserfocus",
    "100:lastresort",
    "100:lightscreen",
    "100:magnetrise",
    "100:mimic",
    "100:mudslap",
    "100:payday",
    "100:pinmissile",
    "100:protect",
    "100:quickattack",
    "100:rage",
    "100:raindance",
    "100:reflect",
    "100:rest",
    "100:return",
    "100:risingvoltage",
    "100:roar",
    "100:sandattack",
    "100:shadowball",
    "100:shockwave",
    "100:signalbeam",
    "100:skullbash",
    "100:sleeptalk",
    "100:snore",
    "100:substitute",
    "100:sunnyday",
    "100:swagger",
    "100:swift",
    "100:tackle",
    "100:tailwhip",
    "100:takedown",
    "100:thunder",
    "100:thunderbolt",
    "100:thundershock",
    "100:thunderwave",
    "100:toxic",
    "100:voltswitch",
    "100:yawn",
    "100:zapcannon"
  ],
  "labels": [
    "gen1"
  ],
  "pokedex": [
    "cobblemon.species.jolteon.desc"
  ],
  "preEvolution": "eevee",
  "evolutions": [],
  "baseScale": 0.8,
  "hitbox": {
    "width": 0.9,
    "height": 1,
    "fixed": false
  },
  "baseFriendship": 50,
  "evYield": {
    "hp": 0,
    "attack": 0,
    "defence": 0,
    "special_attack": 0,
    "special_defence": 0,
    "speed": 2
  },
  "height": 8,
  "weight": 245,
  "aspects": [],
  "cannotDynamax": false
}