{
  "implemented": true,
  "name": "Kabuto",
  "nationalPokedexNumber": 140,
  "primaryType": "rock",
  "secondaryType": "water",
  "abilities": [
    "swiftswim",
    "battlearmor",
    "h:weakarmor"
  ],
  "baseStats": {
    "hp": 30,
    "attack": 80,
    "defence": 90,
    "special_attack": 55,
    "special_defence": 45,
    "speed": 55
  },
  "catchRate": 45,
  "maleRatio": 0.875,
  "shoulderMountable": false,
  "baseExperienceYield": 71,
  "experienceGroup": "medium_fast",
  "eggCycles": 30,
  "eggGroups": [
    "water_1",
    "water_3"
  ],
  "behaviour": {
    "moving": {
      "swim": {
        "canSwimInWater": true,
        "canBreatheUnderwater": true
      }
    }
  },
  "drops": {
    "amount": "2",
    "entries": [
      {
        "item": "minecraft:scute",
        "quantityRange": "1-2",
        "percentage": 66
      },
      {
        "item": "minecraft:bone_meal",
        "percentage": 5
      }
    ]
  },
  "moves": [
    "1:harden",
    "1:scratch",
    "13:absorb",
    "19:leer",
    "25:mudshot",
    "31:aquajet",
    "31:sandattack",
    "35:brine",
    "37:endure",
    "41:protect",
    "43:metalsound",
    "45:leechlife",
    "49:megadrain",
    "50:liquidation",
    "51:wringout",
    "55:ancientpower",
    "60:stoneedge",
    "100:aurorabeam",
    "100:bubblebeam",
    "100:confuseray",
    "100:dig",
    "100:flail",
    "100:foresight",
    "100:gigadrain",
    "100:icywind",
    "100:knockoff",
    "100:megadrain",
    "100:mudshot",
    "100:rapidspin",
    "100:screech",
    "100:takedown",
    "100:aerialace",
    "100:attract",
    "100:blizzard",
    "100:bodyslam",
    "100:brine",
    "100:captivate",
    "100:confide",
    "100:dig",
    "100:doubleteam",
    "100:earthpower",
    "100:endure",
    "100:facade",
    "100:frustration",
    "100:gigadrain",
    "100:hail",
    "100:hiddenpower",
    "100:honeclaws",
    "100:hydropump",
    "100:icebeam",
    "100:icywind",
    "100:irondefense",
    "100:leechlife",
    "100:liquidation",
    "100:mudshot",
    "100:naturalgift",
    "100:protect",
    "100:raindance",
    "100:rest",
    "100:return",
    "100:rockblast",
    "100:rockpolish",
    "100:rockslide",
    "100:rocksmash",
    "100:rocktomb",
    "100:round",
    "100:sandstorm",
    "100:scald",
    "100:screech",
    "100:secretpower",
    "100:sleeptalk",
    "100:smackdown",
    "100:snore",
    "100:stealthrock",
    "100:stoneedge",
    "100:substitute",
    "100:surf",
    "100:swagger",
    "100:thief",
    "100:toxic",
    "100:waterfall",
    "100:waterpulse",
    "100:whirlpool",
    "100:absorb",
    "100:ancientpower",
    "100:aquajet",
    "100:attract",
    "100:aurorabeam",
    "100:bide",
    "100:blizzard",
    "100:bodyslam",
    "100:bubblebeam",
    "100:confuseray",
    "100:curse",
    "100:dig",
    "100:doubleedge",
    "100:doubleteam",
    "100:earthpower",
    "100:endure",
    "100:facade",
    "100:flail",
    "100:frustration",
    "100:gigadrain",
    "100:harden",
    "100:headbutt",
    "100:hiddenpower",
    "100:hydropump",
    "100:icebeam",
    "100:icywind",
    "100:irondefense",
    "100:knockoff",
    "100:leechlife",
    "100:leer",
    "100:megadrain",
    "100:meteorbeam",
    "100:mimic",
    "100:mudslap",
    "100:protect",
    "100:rage",
    "100:raindance",
    "100:rapidspin",
    "100:reflect",
    "100:rest",
    "100:return",
    "100:rockslide",
    "100:rocksmash",
    "100:rockthrow",
    "100:rollout",
    "100:sandattack",
    "100:sandstorm",
    "100:scald",
    "100:scratch",
    "100:slash",
    "100:sleeptalk",
    "100:snore",
    "100:stealthrock",
    "100:substitute",
    "100:surf",
    "100:swagger",
    "100:takedown",
    "100:thief",
    "100:toxic",
    "100:waterfall",
    "100:watergun",
    "100:waterpulse"
  ],
  "labels": [
    "gen1"
  ],
  "pokedex": [
    "cobblemon.species.kabuto.desc"
  ],
  "evolutions": [
    {
      "id": "kabuto_kabutops",
      "variant": "level_up",
      "result": "kabutops",
      "consumeHeldItem": false,
      "learnableMoves": [
        "slash"
      ],
      "requirements": [
        {
          "variant": "level",
          "minLevel": 40
        }
      ]
    }
  ],
  "baseScale": 1.1,
  "hitbox": {
    "width": 0.5,
    "height": 0.4,
    "fixed": false
  },
  "baseFriendship": 50,
  "evYield": {
    "hp": 0,
    "attack": 0,
    "defence": 1,
    "special_attack": 0,
    "special_defence": 0,
    "speed": 0
  },
  "height": 5,
  "weight": 115,
  "aspects": [],
  "cannotDynamax": false
}