{
  "implemented": true,
  "name": "Kangaskhan",
  "nationalPokedexNumber": 115,
  "primaryType": "normal",
  "abilities": [
    "earlybird",
    "scrappy",
    "h:innerfocus"
  ],
  "baseStats": {
    "hp": 105,
    "attack": 95,
    "defence": 80,
    "special_attack": 40,
    "special_defence": 80,
    "speed": 90
  },
  "catchRate": 45,
  "maleRatio": 0,
  "shoulderMountable": false,
  "forms": [
    {
      "name": "Mega",
      "primaryType": "normal",
      "abilities": [
        "parentalbond"
      ],
      "baseStats": {
        "hp": 105,
        "attack": 125,
        "defence": 100,
        "special_attack": 60,
        "special_defence": 100,
        "speed": 100
      },
      "catchRate": 45,
      "maleRatio": 0,
      "baseExperienceYield": 207,
      "baseFriendship": 50,
      "evYield": {
        "hp": 2,
        "attack": 0,
        "defence": 0,
        "special_attack": 0,
        "special_defence": 0,
        "speed": 0
      },
      "experienceGroup": "medium_fast",
      "eggCycles": 20,
      "eggGroups": [
        "monster"
      ],
      "moves": [],
      "labels": [
        "gen6",
        "mega"
      ],
      "aspects": [
        "mega"
      ],
      "height": 22,
      "weight": 1000,
      "evolutions": [],
      "cannotDynamax": false,
      "battleOnly": true
    }
  ],
  "baseExperienceYield": 172,
  "experienceGroup": "medium_fast",
  "eggCycles": 20,
  "eggGroups": [
    "monster"
  ],
  "moves": [
    "1:cometpunch",
    "1:leer",
    "1:pound",
    "4:growl",
    "7:bite",
    "13:tailwhip",
    "16:stomp",
    "19:fakeout",
    "20:focusenergy",
    "24:headbutt",
    "25:megapunch",
    "31:chipaway",
    "31:crunch",
    "31:rage",
    "37:endure",
    "37:outrage",
    "43:dizzypunch",
    "43:doublehit",
    "46:suckerpunch",
    "49:reversal",
    "52:lastresort",
    "100:circlethrow",
    "100:counter",
    "100:crushclaw",
    "100:disable",
    "100:doubleedge",
    "100:endeavor",
    "100:focusenergy",
    "100:focuspunch",
    "100:foresight",
    "100:hammerarm",
    "100:safeguard",
    "100:stomp",
    "100:substitute",
    "100:trumpcard",
    "100:uproar",
    "100:aerialace",
    "100:assurance",
    "100:attract",
    "100:avalanche",
    "100:beatup",
    "100:blizzard",
    "100:bodyslam",
    "100:brickbreak",
    "100:bulldoze",
    "100:captivate",
    "100:confide",
    "100:crunch",
    "100:cut",
    "100:dig",
    "100:doubleteam",
    "100:drainpunch",
    "100:earthquake",
    "100:endure",
    "100:facade",
    "100:fireblast",
    "100:firepunch",
    "100:flamethrower",
    "100:fling",
    "100:focusblast",
    "100:focusenergy",
    "100:focuspunch",
    "100:frustration",
    "100:gigaimpact",
    "100:hail",
    "100:helpinghand",
    "100:hiddenpower",
    "100:hydropump",
    "100:hyperbeam",
    "100:icebeam",
    "100:icepunch",
    "100:icywind",
    "100:incinerate",
    "100:irontail",
    "100:lowkick",
    "100:megakick",
    "100:megapunch",
    "100:naturalgift",
    "100:outrage",
    "100:poweruppunch",
    "100:protect",
    "100:raindance",
    "100:rest",
    "100:retaliate",
    "100:return",
    "100:reversal",
    "100:roar",
    "100:rockclimb",
    "100:rockslide",
    "100:rocksmash",
    "100:rocktomb",
    "100:round",
    "100:safeguard",
    "100:sandstorm",
    "100:secretpower",
    "100:shadowball",
    "100:shadowclaw",
    "100:shockwave",
    "100:sleeptalk",
    "100:snore",
    "100:solarbeam",
    "100:strength",
    "100:substitute",
    "100:sunnyday",
    "100:surf",
    "100:swagger",
    "100:thief",
    "100:thunder",
    "100:thunderbolt",
    "100:thunderpunch",
    "100:toxic",
    "100:uproar",
    "100:waterpulse",
    "100:whirlpool",
    "100:workup",
    "100:aquatail",
    "100:attract",
    "100:bide",
    "100:bite",
    "100:blizzard",
    "100:bodyslam",
    "100:brickbreak",
    "100:bubblebeam",
    "100:cometpunch",
    "100:counter",
    "100:covet",
    "100:crunch",
    "100:curse",
    "100:dig",
    "100:disable",
    "100:dizzypunch",
    "100:doubleedge",
    "100:doubleteam",
    "100:drainpunch",
    "100:dynamicpunch",
    "100:earthquake",
    "100:endeavor",
    "100:endure",
    "100:facade",
    "100:fakeout",
    "100:fireblast",
    "100:firepunch",
    "100:fissure",
    "100:flamethrower",
    "100:focusenergy",
    "100:focuspunch",
    "100:foresight",
    "100:frustration",
    "100:furycutter",
    "100:headbutt",
    "100:helpinghand",
    "100:hiddenpower",
    "100:hyperbeam",
    "100:icebeam",
    "100:icepunch",
    "100:icywind",
    "100:irontail",
    "100:leer",
    "100:lowkick",
    "100:megakick",
    "100:megapunch",
    "100:mimic",
    "100:mudslap",
    "100:outrage",
    "100:protect",
    "100:rage",
    "100:raindance",
    "100:rest",
    "100:return",
    "100:reversal",
    "100:roar",
    "100:rockslide",
    "100:rocksmash",
    "100:safeguard",
    "100:sandstorm",
    "100:seismictoss",
    "100:shadowball",
    "100:shockwave",
    "100:sing",
    "100:skullbash",
    "100:sleeptalk",
    "100:snore",
    "100:solarbeam",
    "100:spite",
    "100:stomp",
    "100:strength",
    "100:submission",
    "100:substitute",
    "100:suckerpunch",
    "100:sunnyday",
    "100:surf",
    "100:swagger",
    "100:tailwhip",
    "100:takedown",
    "100:terrainpulse",
    "100:thunder",
    "100:thunderbolt",
    "100:thunderpunch",
    "100:toxic",
    "100:uproar",
    "100:watergun",
    "100:waterpulse",
    "100:wish",
    "100:yawn",
    "100:zapcannon"
  ],
  "labels": [
    "gen1"
  ],
  "pokedex": [
    "cobblemon.species.kangaskhan.desc"
  ],
  "evolutions": [],
  "baseScale": 1.4,
  "hitbox": {
    "width": 1.2,
    "height": 1.9,
    "fixed": false
  },
  "baseFriendship": 50,
  "evYield": {
    "hp": 2,
    "attack": 0,
    "defence": 0,
    "special_attack": 0,
    "special_defence": 0,
    "speed": 0
  },
  "height": 22,
  "weight": 800,
  "aspects": [],
  "cannotDynamax": false
}