{
  "implemented": true,
  "name": "Koffing",
  "nationalPokedexNumber": 109,
  "primaryType": "poison",
  "abilities": [
    "levitate",
    "neutralizinggas",
    "h:stench"
  ],
  "baseStats": {
    "hp": 40,
    "attack": 65,
    "defence": 95,
    "special_attack": 60,
    "special_defence": 45,
    "speed": 35
  },
  "catchRate": 190,
  "maleRatio": 0.5,
  "shoulderMountable": false,
  "baseExperienceYield": 68,
  "experienceGroup": "medium_fast",
  "eggCycles": 20,
  "eggGroups": [
    "amorphous"
  ],
  "behaviour": {
    "moving": {
      "fly": {
        "canFly": true
      },
      "walk": {
        "canWalk": false
      }
    }
  },
  "drops": {
    "amount": "1",
    "entries": [
      {
        "item": "cobblemon:black_sludge",
        "percentage": 2.5
      }
    ]
  },
  "moves": [
    "1:poisongas",
    "1:tackle",
    "9:smog",
    "15:assurance",
    "17:selfdestruct",
    "19:clearsmog",
    "21:sludge",
    "25:smokescreen",
    "33:gyroball",
    "33:haze",
    "36:toxic",
    "41:explosion",
    "42:belch",
    "42:sludgebomb",
    "45:destinybond",
    "49:memento",
    "100:curse",
    "100:destinybond",
    "100:grudge",
    "100:painsplit",
    "100:psybeam",
    "100:psywave",
    "100:screech",
    "100:spite",
    "100:spitup",
    "100:stockpile",
    "100:swallow",
    "100:toxicspikes",
    "100:venomdrench",
    "100:willowisp",
    "100:assurance",
    "100:attract",
    "100:captivate",
    "100:confide",
    "100:darkpulse",
    "100:doubleteam",
    "100:endure",
    "100:explosion",
    "100:facade",
    "100:fireblast",
    "100:flamethrower",
    "100:flash",
    "100:frustration",
    "100:gyroball",
    "100:hiddenpower",
    "100:incinerate",
    "100:infestation",
    "100:naturalgift",
    "100:payback",
    "100:protect",
    "100:raindance",
    "100:rest",
    "100:return",
    "100:round",
    "100:screech",
    "100:secretpower",
    "100:selfdestruct",
    "100:shadowball",
    "100:shockwave",
    "100:sleeptalk",
    "100:sludgebomb",
    "100:sludgewave",
    "100:snore",
    "100:substitute",
    "100:sunnyday",
    "100:swagger",
    "100:taunt",
    "100:thief",
    "100:thunder",
    "100:thunderbolt",
    "100:torment",
    "100:toxic",
    "100:toxicspikes",
    "100:uproar",
    "100:venomdrench",
    "100:venoshock",
    "100:willowisp",
    "100:attract",
    "100:bide",
    "100:clearsmog",
    "100:corrosivegas",
    "100:curse",
    "100:darkpulse",
    "100:destinybond",
    "100:doubleteam",
    "100:endure",
    "100:explosion",
    "100:facade",
    "100:fireblast",
    "100:flamethrower",
    "100:frustration",
    "100:haze",
    "100:headbutt",
    "100:hiddenpower",
    "100:mimic",
    "100:painsplit",
    "100:poisongas",
    "100:protect",
    "100:psybeam",
    "100:psywave",
    "100:rage",
    "100:rest",
    "100:return",
    "100:rollout",
    "100:screech",
    "100:selfdestruct",
    "100:shadowball",
    "100:shockwave",
    "100:sleeptalk",
    "100:sludge",
    "100:sludgebomb",
    "100:sludgewave",
    "100:smog",
    "100:smokescreen",
    "100:snore",
    "100:spite",
    "100:substitute",
    "100:sunnyday",
    "100:swagger",
    "100:tackle",
    "100:taunt",
    "100:thief",
    "100:thunder",
    "100:thunderbolt",
    "100:toxic",
    "100:uproar",
    "100:willowisp",
    "100:zapcannon"
  ],
  "labels": [
    "gen1"
  ],
  "pokedex": [
    "cobblemon.species.koffing.desc"
  ],
  "evolutions": [
    {
      "id": "koffing_weezing",
      "variant": "level_up",
      "result": "weezing",
      "consumeHeldItem": false,
      "learnableMoves": [
        "doublehit"
      ],
      "requirements": [
        {
          "variant": "level",
          "minLevel": 35
        }
      ]
    },
    {
      "id": "koffing_weezing",
      "variant": "level_up",
      "result": "weezing form=galar",
      "consumeHeldItem": false,
      "learnableMoves": [
        "doublehit"
      ],
      "requirements": [
        {
          "variant": "level",
          "minLevel": 35
        }
      ]
    }
  ],
  "features": [
    "galarian"
  ],
  "baseScale": 0.8,
  "hitbox": {
    "width": 0.9,
    "height": 1.2,
    "fixed": false
  },
  "baseFriendship": 50,
  "evYield": {
    "hp": 0,
    "attack": 0,
    "defence": 1,
    "special_attack": 0,
    "special_defence": 0,
    "speed": 0
  },
  "height": 6,
  "weight": 10,
  "aspects": [],
  "cannotDynamax": false
}