{
  "implemented": true,
  "name": "Lickitung",
  "nationalPokedexNumber": 108,
  "primaryType": "normal",
  "abilities": [
    "owntempo",
    "oblivious",
    "h:cloudnine"
  ],
  "baseStats": {
    "hp": 90,
    "attack": 55,
    "defence": 75,
    "special_attack": 60,
    "special_defence": 75,
    "speed": 30
  },
  "catchRate": 45,
  "maleRatio": 0.5,
  "shoulderMountable": false,
  "baseExperienceYield": 77,
  "experienceGroup": "medium_fast",
  "eggCycles": 20,
  "eggGroups": [
    "monster"
  ],
  "drops": {
    "amount": "1",
    "entries": [
      {
        "item": "minecraft:slime_ball",
        "percentage": 50
      }
    ]
  },
  "moves": [
    "1:lick",
    "7:supersonic",
    "12:defensecurl",
    "18:knockoff",
    "23:stomp",
    "29:wrap",
    "33:rollout",
    "34:disable",
    "37:chipaway",
    "37:mefirst",
    "40:slam",
    "45:screech",
    "49:powerwhip",
    "51:refresh",
    "53:wringout",
    "60:bellydrum",
    "100:amnesia",
    "100:belch",
    "100:bellydrum",
    "100:bodyslam",
    "100:curse",
    "100:hammerarm",
    "100:magnitude",
    "100:muddywater",
    "100:sleeptalk",
    "100:smellingsalts",
    "100:snore",
    "100:substitute",
    "100:thrash",
    "100:zenheadbutt",
    "100:amnesia",
    "100:attract",
    "100:blizzard",
    "100:bodypress",
    "100:bodyslam",
    "100:brickbreak",
    "100:brutalswing",
    "100:bulldoze",
    "100:captivate",
    "100:confide",
    "100:cut",
    "100:dig",
    "100:doubleteam",
    "100:dragontail",
    "100:dreameater",
    "100:earthquake",
    "100:endure",
    "100:facade",
    "100:fireblast",
    "100:firepunch",
    "100:flamethrower",
    "100:fling",
    "100:focuspunch",
    "100:frustration",
    "100:gigaimpact",
    "100:helpinghand",
    "100:hiddenpower",
    "100:hydropump",
    "100:hyperbeam",
    "100:icebeam",
    "100:icepunch",
    "100:icywind",
    "100:incinerate",
    "100:irontail",
    "100:megakick",
    "100:megapunch",
    "100:muddywater",
    "100:naturalgift",
    "100:poweruppunch",
    "100:powerwhip",
    "100:protect",
    "100:psychup",
    "100:raindance",
    "100:rest",
    "100:retaliate",
    "100:return",
    "100:rockclimb",
    "100:rockslide",
    "100:rocksmash",
    "100:rocktomb",
    "100:round",
    "100:sandstorm",
    "100:screech",
    "100:secretpower",
    "100:shadowball",
    "100:shockwave",
    "100:sleeptalk",
    "100:snore",
    "100:solarbeam",
    "100:stompingtantrum",
    "100:strength",
    "100:substitute",
    "100:sunnyday",
    "100:surf",
    "100:swagger",
    "100:swordsdance",
    "100:thief",
    "100:thunder",
    "100:thunderbolt",
    "100:thunderpunch",
    "100:toxic",
    "100:waterpulse",
    "100:whirlpool",
    "100:workup",
    "100:zenheadbutt",
    "100:acid",
    "100:aquatail",
    "100:attract",
    "100:bellydrum",
    "100:bide",
    "100:bind",
    "100:blizzard",
    "100:bodyslam",
    "100:brickbreak",
    "100:bubblebeam",
    "100:counter",
    "100:curse",
    "100:cut",
    "100:defensecurl",
    "100:dig",
    "100:disable",
    "100:doubleedge",
    "100:doubleteam",
    "100:dragontail",
    "100:dreameater",
    "100:dynamicpunch",
    "100:earthquake",
    "100:endure",
    "100:facade",
    "100:fireblast",
    "100:firepunch",
    "100:fissure",
    "100:flamethrower",
    "100:focuspunch",
    "100:frustration",
    "100:headbutt",
    "100:healbell",
    "100:helpinghand",
    "100:hiddenpower",
    "100:hyperbeam",
    "100:icebeam",
    "100:icepunch",
    "100:icywind",
    "100:irontail",
    "100:knockoff",
    "100:lick",
    "100:magnitude",
    "100:megakick",
    "100:megapunch",
    "100:mimic",
    "100:mudslap",
    "100:nightmare",
    "100:powerwhip",
    "100:protect",
    "100:psychup",
    "100:rage",
    "100:raindance",
    "100:rest",
    "100:return",
    "100:rockclimb",
    "100:rockslide",
    "100:rocksmash",
    "100:rollout",
    "100:sandstorm",
    "100:screech",
    "100:seismictoss",
    "100:shadowball",
    "100:shockwave",
    "100:skullbash",
    "100:slam",
    "100:sleeptalk",
    "100:snore",
    "100:solarbeam",
    "100:steelroller",
    "100:stomp",
    "100:stompingtantrum",
    "100:strength",
    "100:submission",
    "100:substitute",
    "100:sunnyday",
    "100:supersonic",
    "100:surf",
    "100:swagger",
    "100:swordsdance",
    "100:takedown",
    "100:terrainpulse",
    "100:thief",
    "100:thrash",
    "100:thunder",
    "100:thunderbolt",
    "100:thunderpunch",
    "100:toxic",
    "100:watergun",
    "100:waterpulse",
    "100:wish",
    "100:wrap",
    "100:zenheadbutt"
  ],
  "labels": [
    "gen1"
  ],
  "pokedex": [
    "cobblemon.species.lickitung.desc"
  ],
  "evolutions": [
    {
      "id": "lickitung_lickilicky",
      "variant": "level_up",
      "result": "lickilicky",
      "consumeHeldItem": false,
      "learnableMoves": [],
      "requirements": [
        {
          "variant": "has_move",
          "move": "rollout"
        }
      ]
    }
  ],
  "baseScale": 1,
  "hitbox": {
    "width": 1,
    "height": 1.3,
    "fixed": false
  },
  "baseFriendship": 50,
  "evYield": {
    "hp": 2,
    "attack": 0,
    "defence": 0,
    "special_attack": 0,
    "special_defence": 0,
    "speed": 0
  },
  "height": 12,
  "weight": 655,
  "aspects": [],
  "cannotDynamax": false
}