{
  "implemented": true,
  "name": "Machamp",
  "nationalPokedexNumber": 68,
  "primaryType": "fighting",
  "abilities": [
    "guts",
    "noguard",
    "h:steadfast"
  ],
  "baseStats": {
    "hp": 90,
    "attack": 130,
    "defence": 80,
    "special_attack": 65,
    "special_defence": 85,
    "speed": 55
  },
  "catchRate": 45,
  "maleRatio": 0.75,
  "shoulderMountable": false,
  "forms": [
    {
      "name": "Gmax",
      "primaryType": "fighting",
      "abilities": [
        "guts",
        "noguard",
        "h:steadfast"
      ],
      "baseStats": {
        "hp": 90,
        "attack": 130,
        "defence": 80,
        "special_attack": 65,
        "special_defence": 85,
        "speed": 55
      },
      "catchRate": 45,
      "maleRatio": 0.75,
      "baseExperienceYield": 227,
      "baseFriendship": 50,
      "evYield": {
        "hp": 0,
        "attack": 3,
        "defence": 0,
        "special_attack": 0,
        "special_defence": 0,
        "speed": 0
      },
      "experienceGroup": "medium_slow",
      "eggCycles": 20,
      "eggGroups": [
        "human_like"
      ],
      "moves": [],
      "labels": [
        "gen8",
        "gmax"
      ],
      "aspects": [
        "gmax"
      ],
      "height": 250,
      "weight": 0,
      "evolutions": [],
      "cannotDynamax": false,
      "battleOnly": false
    }
  ],
  "baseExperienceYield": 253,
  "experienceGroup": "medium_slow",
  "eggCycles": 20,
  "eggGroups": [
    "human_like"
  ],
  "drops": {
    "amount": "1",
    "entries": [
      {
        "item": "cobblemon:muscle_band",
        "percentage": 10
      }
    ]
  },
  "moves": [
    "1:focusenergy",
    "1:leer",
    "1:lowkick",
    "1:strength",
    "1:wideguard",
    "13:karatechop",
    "13:lowsweep",
    "19:seismictoss",
    "21:knockoff",
    "22:foresight",
    "25:revenge",
    "33:dualchop",
    "33:vitalthrow",
    "36:wakeupslap",
    "41:submission",
    "43:bulkup",
    "46:crosschop",
    "51:scaryface",
    "59:dynamicpunch",
    "66:doubleedge",
    "100:assurance",
    "100:attract",
    "100:bodyslam",
    "100:brickbreak",
    "100:bulkup",
    "100:bulldoze",
    "100:captivate",
    "100:closecombat",
    "100:confide",
    "100:crosspoison",
    "100:darkestlariat",
    "100:dig",
    "100:doubleteam",
    "100:earthquake",
    "100:encore",
    "100:endure",
    "100:facade",
    "100:fireblast",
    "100:firepunch",
    "100:flamethrower",
    "100:fling",
    "100:focusblast",
    "100:focusenergy",
    "100:focuspunch",
    "100:frustration",
    "100:gigaimpact",
    "100:heavyslam",
    "100:helpinghand",
    "100:hiddenpower",
    "100:highhorsepower",
    "100:hyperbeam",
    "100:icepunch",
    "100:incinerate",
    "100:lightscreen",
    "100:lowkick",
    "100:lowsweep",
    "100:megakick",
    "100:megapunch",
    "100:metronome",
    "100:naturalgift",
    "100:payback",
    "100:poisonjab",
    "100:poweruppunch",
    "100:protect",
    "100:raindance",
    "100:rest",
    "100:retaliate",
    "100:return",
    "100:revenge",
    "100:reversal",
    "100:rockblast",
    "100:rockclimb",
    "100:rockslide",
    "100:rocksmash",
    "100:rocktomb",
    "100:round",
    "100:scaryface",
    "100:secretpower",
    "100:sleeptalk",
    "100:smackdown",
    "100:snore",
    "100:stompingtantrum",
    "100:stoneedge",
    "100:strength",
    "100:substitute",
    "100:sunnyday",
    "100:superpower",
    "100:swagger",
    "100:thief",
    "100:throatchop",
    "100:thunderpunch",
    "100:toxic",
    "100:workup",
    "100:attract",
    "100:bide",
    "100:bodyslam",
    "100:brickbreak",
    "100:bulkup",
    "100:coaching",
    "100:counter",
    "100:crosschop",
    "100:curse",
    "100:detect",
    "100:dig",
    "100:doubleedge",
    "100:doubleteam",
    "100:dualchop",
    "100:dynamicpunch",
    "100:earthquake",
    "100:encore",
    "100:endure",
    "100:facade",
    "100:fireblast",
    "100:firepunch",
    "100:fissure",
    "100:flamethrower",
    "100:focusenergy",
    "100:focuspunch",
    "100:foresight",
    "100:frustration",
    "100:headbutt",
    "100:helpinghand",
    "100:hiddenpower",
    "100:hyperbeam",
    "100:icepunch",
    "100:karatechop",
    "100:knockoff",
    "100:leer",
    "100:lightscreen",
    "100:lowkick",
    "100:megakick",
    "100:megapunch",
    "100:metronome",
    "100:mimic",
    "100:mudslap",
    "100:poisonjab",
    "100:protect",
    "100:quickguard",
    "100:rage",
    "100:rest",
    "100:return",
    "100:revenge",
    "100:rockslide",
    "100:rocksmash",
    "100:roleplay",
    "100:scaryface",
    "100:seismictoss",
    "100:skullbash",
    "100:sleeptalk",
    "100:snore",
    "100:stompingtantrum",
    "100:stoneedge",
    "100:strength",
    "100:submission",
    "100:substitute",
    "100:sunnyday",
    "100:superpower",
    "100:swagger",
    "100:takedown",
    "100:thief",
    "100:throatchop",
    "100:thunderpunch",
    "100:toxic",
    "100:vacuumwave",
    "100:vitalthrow",
    "100:wideguard"
  ],
  "labels": [
    "gen1"
  ],
  "pokedex": [
    "cobblemon.species.machamp.desc"
  ],
  "preEvolution": "machoke",
  "evolutions": [],
  "baseScale": 1.2,
  "hitbox": {
    "width": 1,
    "height": 1.8,
    "fixed": false
  },
  "baseFriendship": 50,
  "evYield": {
    "hp": 0,
    "attack": 3,
    "defence": 0,
    "special_attack": 0,
    "special_defence": 0,
    "speed": 0
  },
  "height": 16,
  "weight": 1300,
  "aspects": [],
  "cannotDynamax": false
}