{
  "implemented": true,
  "name": "Magneton",
  "nationalPokedexNumber": 82,
  "primaryType": "electric",
  "secondaryType": "steel",
  "abilities": [
    "magnetpull",
    "sturdy",
    "h:analytic"
  ],
  "baseStats": {
    "hp": 50,
    "attack": 60,
    "defence": 95,
    "special_attack": 120,
    "special_defence": 70,
    "speed": 70
  },
  "catchRate": 60,
  "maleRatio": -1,
  "shoulderMountable": false,
  "baseExperienceYield": 163,
  "experienceGroup": "medium_fast",
  "eggCycles": 20,
  "eggGroups": [
    "mineral"
  ],
  "behaviour": {
    "moving": {
      "fly": {
        "canFly": true
      },
      "walk": {
        "canWalk": false
      }
    }
  },
  "drops": {
    "amount": "2",
    "entries": [
      {
        "item": "minecraft:raw_iron",
        "quantityRange": "1-2",
        "percentage": 66
      },
      {
        "item": "cobblemon:magnet",
        "percentage": 5
      }
    ]
  },
  "moves": [
    "1:electricterrain",
    "1:metalsound",
    "1:supersonic",
    "1:tackle",
    "1:thundershock",
    "13:lightscreen",
    "16:sonicboom",
    "21:thunderwave",
    "26:spark",
    "27:electroball",
    "30:magnetbomb",
    "35:lockon",
    "39:flashcannon",
    "40:discharge",
    "44:triattack",
    "46:mirrorshot",
    "50:magnetrise",
    "53:screech",
    "54:gyroball",
    "62:zapcannon",
    "100:chargebeam",
    "100:confide",
    "100:confuseray",
    "100:doubleteam",
    "100:eerieimpulse",
    "100:electricterrain",
    "100:electroball",
    "100:electroweb",
    "100:endure",
    "100:explosion",
    "100:facade",
    "100:flash",
    "100:flashcannon",
    "100:frustration",
    "100:gigaimpact",
    "100:gyroball",
    "100:heavyslam",
    "100:helpinghand",
    "100:hiddenpower",
    "100:hyperbeam",
    "100:irondefense",
    "100:ironhead",
    "100:lightscreen",
    "100:naturalgift",
    "100:protect",
    "100:psychup",
    "100:raindance",
    "100:recycle",
    "100:reflect",
    "100:rest",
    "100:return",
    "100:round",
    "100:sandstorm",
    "100:screech",
    "100:secretpower",
    "100:shockwave",
    "100:sleeptalk",
    "100:snore",
    "100:steelbeam",
    "100:substitute",
    "100:sunnyday",
    "100:swagger",
    "100:swift",
    "100:takedown",
    "100:terablast",
    "100:thunder",
    "100:thunderbolt",
    "100:thunderwave",
    "100:toxic",
    "100:triattack",
    "100:voltswitch",
    "100:wildcharge",
    "100:bide",
    "100:curse",
    "100:doubleedge",
    "100:doubleteam",
    "100:electroweb",
    "100:endure",
    "100:facade",
    "100:flash",
    "100:flashcannon",
    "100:frustration",
    "100:gravity",
    "100:headbutt",
    "100:hiddenpower",
    "100:hyperbeam",
    "100:irondefense",
    "100:lightscreen",
    "100:lockon",
    "100:magiccoat",
    "100:magnetrise",
    "100:mimic",
    "100:protect",
    "100:rage",
    "100:raindance",
    "100:recycle",
    "100:reflect",
    "100:refresh",
    "100:rest",
    "100:return",
    "100:risingvoltage",
    "100:rollout",
    "100:screech",
    "100:shockwave",
    "100:signalbeam",
    "100:sleeptalk",
    "100:snore",
    "100:sonicboom",
    "100:steelbeam",
    "100:substitute",
    "100:supersonic",
    "100:swagger",
    "100:swift",
    "100:tackle",
    "100:takedown",
    "100:teleport",
    "100:thunder",
    "100:thunderbolt",
    "100:thundershock",
    "100:thunderwave",
    "100:toxic",
    "100:triattack",
    "100:zapcannon"
  ],
  "labels": [
    "gen1"
  ],
  "pokedex": [
    "cobblemon.species.magneton.desc"
  ],
  "preEvolution": "magnemite",
  "evolutions": [
    {
      "id": "magneton_magnezone",
      "variant": "item_interact",
      "result": "magnezone",
      "consumeHeldItem": false,
      "learnableMoves": [],
      "requirements": [],
      "requiredContext": "cobblemon:thunder_stone"
    }
  ],
  "baseScale": 0.9,
  "hitbox": {
    "width": 1.1,
    "height": 1.4,
    "fixed": false
  },
  "baseFriendship": 50,
  "evYield": {
    "hp": 0,
    "attack": 0,
    "defence": 0,
    "special_attack": 2,
    "special_defence": 0,
    "speed": 0
  },
  "height": 10,
  "weight": 600,
  "aspects": [],
  "cannotDynamax": false
}