{
  "implemented": true,
  "name": "Mankey",
  "nationalPokedexNumber": 56,
  "primaryType": "fighting",
  "abilities": [
    "vitalspirit",
    "angerpoint",
    "h:defiant"
  ],
  "baseStats": {
    "hp": 40,
    "attack": 80,
    "defence": 35,
    "special_attack": 35,
    "special_defence": 45,
    "speed": 70
  },
  "behaviour": {
    "resting": {
      "canSleep": true,
      "willSleepOnBed": false,
      "depth": "normal",
      "light": "0-4"
    }
  },
  "catchRate": 190,
  "maleRatio": 0.5,
  "shoulderMountable": false,
  "baseExperienceYield": 61,
  "experienceGroup": "medium_fast",
  "eggCycles": 20,
  "eggGroups": [
    "field"
  ],
  "drops": {
    "amount": "1",
    "entries": [
      {
        "item": "cobblemon:muscle_band",
        "percentage": 2.5
      }
    ]
  },
  "moves": [
    "1:covet",
    "1:leer",
    "1:scratch",
    "6:lowkick",
    "11:karatechop",
    "12:pursuit",
    "16:furyswipes",
    "21:focusenergy",
    "25:assurance",
    "26:seismictoss",
    "31:crosschop",
    "36:swagger",
    "41:screech",
    "43:stompingtantrum",
    "45:punishment",
    "46:thrash",
    "47:outrage",
    "49:closecombat",
    "53:finalgambit",
    "100:beatup",
    "100:closecombat",
    "100:counter",
    "100:curse",
    "100:encore",
    "100:focuspunch",
    "100:foresight",
    "100:meditate",
    "100:nightslash",
    "100:powertrip",
    "100:revenge",
    "100:reversal",
    "100:rockslide",
    "100:sleeptalk",
    "100:smellingsalts",
    "100:spite",
    "100:acrobatics",
    "100:aerialace",
    "100:attract",
    "100:bodyslam",
    "100:brickbreak",
    "100:bulkup",
    "100:bulldoze",
    "100:captivate",
    "100:closecombat",
    "100:confide",
    "100:dig",
    "100:doubleteam",
    "100:drainpunch",
    "100:earthquake",
    "100:encore",
    "100:endure",
    "100:facade",
    "100:firepunch",
    "100:fling",
    "100:focusblast",
    "100:focuspunch",
    "100:frustration",
    "100:gunkshot",
    "100:helpinghand",
    "100:hiddenpower",
    "100:honeclaws",
    "100:icepunch",
    "100:irontail",
    "100:lowkick",
    "100:lowsweep",
    "100:metronome",
    "100:naturalgift",
    "100:outrage",
    "100:overheat",
    "100:payback",
    "100:poisonjab",
    "100:poweruppunch",
    "100:protect",
    "100:raindance",
    "100:rest",
    "100:retaliate",
    "100:return",
    "100:reversal",
    "100:rockclimb",
    "100:rockslide",
    "100:rocksmash",
    "100:rocktomb",
    "100:round",
    "100:scaryface",
    "100:secretpower",
    "100:seedbomb",
    "100:shadowclaw",
    "100:sleeptalk",
    "100:smackdown",
    "100:stompingtantrum",
    "100:stoneedge",
    "100:strength",
    "100:substitute",
    "100:sunnyday",
    "100:swagger",
    "100:swift",
    "100:takedown",
    "100:taunt",
    "100:terablast",
    "100:thief",
    "100:thunder",
    "100:thunderbolt",
    "100:thunderpunch",
    "100:toxic",
    "100:uturn",
    "100:workup",
    "100:attract",
    "100:beatup",
    "100:bide",
    "100:bodyslam",
    "100:brickbreak",
    "100:bulkup",
    "100:counter",
    "100:covet",
    "100:crosschop",
    "100:curse",
    "100:defensecurl",
    "100:detect",
    "100:dig",
    "100:doubleedge",
    "100:doubleteam",
    "100:dualchop",
    "100:dynamicpunch",
    "100:earthquake",
    "100:endeavor",
    "100:endure",
    "100:facade",
    "100:firepunch",
    "100:focusenergy",
    "100:focuspunch",
    "100:foresight",
    "100:frustration",
    "100:furyswipes",
    "100:gunkshot",
    "100:headbutt",
    "100:helpinghand",
    "100:hiddenpower",
    "100:icepunch",
    "100:irontail",
    "100:karatechop",
    "100:leer",
    "100:lowkick",
    "100:meditate",
    "100:megakick",
    "100:megapunch",
    "100:metronome",
    "100:mimic",
    "100:mudslap",
    "100:outrage",
    "100:payday",
    "100:poisonjab",
    "100:protect",
    "100:psychup",
    "100:rage",
    "100:rest",
    "100:return",
    "100:reversal",
    "100:rockslide",
    "100:rocksmash",
    "100:roleplay",
    "100:scratch",
    "100:screech",
    "100:seedbomb",
    "100:seismictoss",
    "100:skullbash",
    "100:sleeptalk",
    "100:snore",
    "100:spite",
    "100:stompingtantrum",
    "100:strength",
    "100:submission",
    "100:substitute",
    "100:sunnyday",
    "100:swagger",
    "100:swift",
    "100:takedown",
    "100:taunt",
    "100:thief",
    "100:thrash",
    "100:thunder",
    "100:thunderbolt",
    "100:thunderpunch",
    "100:toxic",
    "100:uproar",
    "100:uturn",
    "100:vacuumwave"
  ],
  "labels": [
    "gen1"
  ],
  "pokedex": [
    "cobblemon.species.mankey.desc"
  ],
  "evolutions": [
    {
      "id": "mankey_primeape",
      "variant": "level_up",
      "result": "primeape",
      "consumeHeldItem": false,
      "learnableMoves": [],
      "requirements": [
        {
          "variant": "level",
          "minLevel": 28
        }
      ]
    }
  ],
  "baseScale": 0.9,
  "hitbox": {
    "width": 0.7,
    "height": 0.9,
    "fixed": false
  },
  "baseFriendship": 70,
  "evYield": {
    "hp": 0,
    "attack": 1,
    "defence": 0,
    "special_attack": 0,
    "special_defence": 0,
    "speed": 0
  },
  "height": 5,
  "weight": 280,
  "aspects": [],
  "cannotDynamax": false
}