{
  "implemented": true,
  "name": "Marowak",
  "nationalPokedexNumber": 105,
  "primaryType": "ground",
  "abilities": [
    "rockhead",
    "lightningrod",
    "h:battlearmor"
  ],
  "baseStats": {
    "hp": 60,
    "attack": 80,
    "defence": 110,
    "special_attack": 50,
    "special_defence": 80,
    "speed": 45
  },
  "catchRate": 75,
  "maleRatio": 0.5,
  "shoulderMountable": false,
  "forms": [
    {
      "name": "Alola",
      "primaryType": "fire",
      "secondaryType": "ghost",
      "abilities": [
        "cursedbody",
        "lightningrod",
        "h:rockhead"
      ],
      "baseStats": {
        "hp": 60,
        "attack": 80,
        "defence": 110,
        "special_attack": 50,
        "special_defence": 80,
        "speed": 45
      },
      "catchRate": 75,
      "maleRatio": 0.5,
      "baseExperienceYield": 149,
      "baseFriendship": 50,
      "evYield": {
        "hp": 0,
        "attack": 0,
        "defence": 2,
        "special_attack": 0,
        "special_defence": 0,
        "speed": 0
      },
      "experienceGroup": "medium_fast",
      "eggCycles": 20,
      "eggGroups": [
        "monster"
      ],
      "moves": [
        "1:boneclub",
        "1:doubleedge",
        "1:falseswipe",
        "1:firespin",
        "1:flamewheel",
        "1:focusenergy",
        "1:growl",
        "1:headbutt",
        "1:mudslap",
        "1:tailwhip",
        "13:leer",
        "17:hex",
        "21:bonemerang",
        "23:willowisp",
        "27:shadowbone",
        "33:thrash",
        "37:fling",
        "43:stompingtantrum",
        "49:endeavor",
        "53:flareblitz",
        "59:retaliate",
        "65:bonerush",
        "100:aerialace",
        "100:allyswitch",
        "100:attract",
        "100:blizzard",
        "100:bodyslam",
        "100:brickbreak",
        "100:brutalswing",
        "100:bulldoze",
        "100:confide",
        "100:darkpulse",
        "100:dig",
        "100:doubleteam",
        "100:dreameater",
        "100:earthpower",
        "100:earthquake",
        "100:echoedvoice",
        "100:endure",
        "100:facade",
        "100:falseswipe",
        "100:fireblast",
        "100:firepunch",
        "100:firespin",
        "100:flamecharge",
        "100:flamethrower",
        "100:flareblitz",
        "100:fling",
        "100:focusblast",
        "100:focusenergy",
        "100:frustration",
        "100:gigaimpact",
        "100:heatwave",
        "100:hex",
        "100:hiddenpower",
        "100:hyperbeam",
        "100:icebeam",
        "100:icywind",
        "100:imprison",
        "100:irondefense",
        "100:ironhead",
        "100:irontail",
        "100:lowkick",
        "100:megakick",
        "100:megapunch",
        "100:outrage",
        "100:protect",
        "100:raindance",
        "100:rest",
        "100:retaliate",
        "100:return",
        "100:rockslide",
        "100:rocktomb",
        "100:round",
        "100:sandstorm",
        "100:screech",
        "100:shadowball",
        "100:sleeptalk",
        "100:smackdown",
        "100:snore",
        "100:stealthrock",
        "100:stompingtantrum",
        "100:stoneedge",
        "100:substitute",
        "100:sunnyday",
        "100:swagger",
        "100:swift",
        "100:swordsdance",
        "100:thief",
        "100:throatchop",
        "100:thunder",
        "100:thunderbolt",
        "100:thunderpunch",
        "100:toxic",
        "100:uproar",
        "100:willowisp",
        "100:allyswitch",
        "100:blizzard",
        "100:boneclub",
        "100:bonemerang",
        "100:brickbreak",
        "100:burningjealousy",
        "100:darkpulse",
        "100:dig",
        "100:dreameater",
        "100:earthpower",
        "100:earthquake",
        "100:endeavor",
        "100:facade",
        "100:fireblast",
        "100:firepunch",
        "100:firespin",
        "100:flamethrower",
        "100:flareblitz",
        "100:focuspunch",
        "100:growl",
        "100:headbutt",
        "100:heatwave",
        "100:hyperbeam",
        "100:icebeam",
        "100:icywind",
        "100:irondefense",
        "100:ironhead",
        "100:irontail",
        "100:knockoff",
        "100:laserfocus",
        "100:leer",
        "100:lowkick",
        "100:outrage",
        "100:painsplit",
        "100:poltergeist",
        "100:protect",
        "100:rage",
        "100:rest",
        "100:rockslide",
        "100:scorchingsands",
        "100:screech",
        "100:seismictoss",
        "100:shadowball",
        "100:snore",
        "100:spite",
        "100:stealthrock",
        "100:stompingtantrum",
        "100:substitute",
        "100:swordsdance",
        "100:tailwhip",
        "100:thrash",
        "100:throatchop",
        "100:thunder",
        "100:thunderbolt",
        "100:thunderpunch",
        "100:toxic",
        "100:uproar",
        "100:willowisp"
      ],
      "labels": [
        "gen7",
        "alola_regional"
      ],
      "aspects": [
        "alolan"
      ],
      "height": 10,
      "weight": 340,
      "preEvolution": "cubone",
      "evolutions": [],
      "cannotDynamax": false,
      "battleOnly": false
    },
    {
      "name": "Alola-Totem",
      "primaryType": "fire",
      "secondaryType": "ghost",
      "abilities": [
        "rockhead"
      ],
      "baseStats": {
        "hp": 60,
        "attack": 80,
        "defence": 110,
        "special_attack": 50,
        "special_defence": 80,
        "speed": 45
      },
      "catchRate": 75,
      "maleRatio": 0.5,
      "baseExperienceYield": 149,
      "baseFriendship": 50,
      "evYield": {
        "hp": 0,
        "attack": 0,
        "defence": 2,
        "special_attack": 0,
        "special_defence": 0,
        "speed": 0
      },
      "experienceGroup": "medium_fast",
      "eggCycles": 20,
      "eggGroups": [
        "monster"
      ],
      "moves": [
        "1:boneclub",
        "1:flamewheel",
        "1:growl",
        "1:tailwhip",
        "13:leer",
        "17:hex",
        "21:bonemerang",
        "23:willowisp",
        "27:shadowbone",
        "33:thrash",
        "37:fling",
        "43:stompingtantrum",
        "49:endeavor",
        "53:flareblitz",
        "59:retaliate",
        "65:bonerush",
        "100:aerialace",
        "100:attract",
        "100:blizzard",
        "100:brickbreak",
        "100:brutalswing",
        "100:bulldoze",
        "100:confide",
        "100:darkpulse",
        "100:doubleteam",
        "100:dreameater",
        "100:earthquake",
        "100:echoedvoice",
        "100:facade",
        "100:falseswipe",
        "100:fireblast",
        "100:flamecharge",
        "100:flamethrower",
        "100:fling",
        "100:focusblast",
        "100:frustration",
        "100:gigaimpact",
        "100:hiddenpower",
        "100:hyperbeam",
        "100:icebeam",
        "100:protect",
        "100:raindance",
        "100:rest",
        "100:return",
        "100:rockslide",
        "100:rocktomb",
        "100:round",
        "100:sandstorm",
        "100:shadowball",
        "100:sleeptalk",
        "100:smackdown",
        "100:stoneedge",
        "100:substitute",
        "100:sunnyday",
        "100:swagger",
        "100:swordsdance",
        "100:thief",
        "100:thunder",
        "100:thunderbolt",
        "100:toxic",
        "100:willowisp",
        "100:allyswitch",
        "100:bonemerang",
        "100:earthpower",
        "100:endeavor",
        "100:firepunch",
        "100:focuspunch",
        "100:heatwave",
        "100:hex",
        "100:icywind",
        "100:irondefense",
        "100:ironhead",
        "100:irontail",
        "100:knockoff",
        "100:laserfocus",
        "100:leer",
        "100:lowkick",
        "100:outrage",
        "100:painsplit",
        "100:snore",
        "100:spite",
        "100:stealthrock",
        "100:stompingtantrum",
        "100:throatchop",
        "100:thunderpunch",
        "100:uproar",
        "100:willowisp"
      ],
      "labels": [
        "gen7",
        "totem"
      ],
      "aspects": [
        "alola-totem"
      ],
      "height": 17,
      "weight": 980,
      "evolutions": [],
      "cannotDynamax": false,
      "battleOnly": false
    }
  ],
  "baseExperienceYield": 149,
  "experienceGroup": "medium_fast",
  "eggCycles": 20,
  "eggGroups": [
    "monster"
  ],
  "drops": {
    "amount": "1",
    "entries": [
      {
        "item": "minecraft:bone"
      }
    ]
  },
  "moves": [
    "1:boneclub",
    "1:growl",
    "1:headbutt",
    "1:mudslap",
    "1:tailwhip",
    "17:leer",
    "21:focusenergy",
    "25:bonemerang",
    "32:rage",
    "37:fling",
    "39:falseswipe",
    "43:stompingtantrum",
    "46:thrash",
    "49:endeavor",
    "53:bonerush",
    "59:retaliate",
    "61:doubleedge",
    "100:aerialace",
    "100:attract",
    "100:blizzard",
    "100:bodyslam",
    "100:brickbreak",
    "100:brutalswing",
    "100:bulldoze",
    "100:captivate",
    "100:confide",
    "100:dig",
    "100:doubleteam",
    "100:earthpower",
    "100:earthquake",
    "100:echoedvoice",
    "100:endure",
    "100:facade",
    "100:falseswipe",
    "100:fireblast",
    "100:firepunch",
    "100:flamethrower",
    "100:fling",
    "100:focusblast",
    "100:focusenergy",
    "100:focuspunch",
    "100:frustration",
    "100:gigaimpact",
    "100:hiddenpower",
    "100:hyperbeam",
    "100:icebeam",
    "100:icywind",
    "100:incinerate",
    "100:irondefense",
    "100:ironhead",
    "100:irontail",
    "100:lowkick",
    "100:megakick",
    "100:megapunch",
    "100:naturalgift",
    "100:outrage",
    "100:poweruppunch",
    "100:protect",
    "100:rest",
    "100:retaliate",
    "100:return",
    "100:rockclimb",
    "100:rockslide",
    "100:rocksmash",
    "100:rocktomb",
    "100:round",
    "100:sandstorm",
    "100:screech",
    "100:secretpower",
    "100:sleeptalk",
    "100:smackdown",
    "100:snore",
    "100:stealthrock",
    "100:stompingtantrum",
    "100:stoneedge",
    "100:strength",
    "100:substitute",
    "100:sunnyday",
    "100:swagger",
    "100:swift",
    "100:swordsdance",
    "100:thief",
    "100:throatchop",
    "100:thunderpunch",
    "100:toxic",
    "100:uproar",
    "100:attract",
    "100:bide",
    "100:blizzard",
    "100:bodyslam",
    "100:boneclub",
    "100:bonemerang",
    "100:bonerush",
    "100:brickbreak",
    "100:bubblebeam",
    "100:counter",
    "100:curse",
    "100:detect",
    "100:dig",
    "100:doubleedge",
    "100:doubleteam",
    "100:dynamicpunch",
    "100:earthpower",
    "100:earthquake",
    "100:endeavor",
    "100:endure",
    "100:facade",
    "100:falseswipe",
    "100:fireblast",
    "100:firepunch",
    "100:fissure",
    "100:flamethrower",
    "100:focusenergy",
    "100:focuspunch",
    "100:frustration",
    "100:furycutter",
    "100:growl",
    "100:headbutt",
    "100:hiddenpower",
    "100:hyperbeam",
    "100:icebeam",
    "100:icywind",
    "100:irondefense",
    "100:ironhead",
    "100:irontail",
    "100:knockoff",
    "100:laserfocus",
    "100:leer",
    "100:lowkick",
    "100:megakick",
    "100:megapunch",
    "100:mimic",
    "100:mudslap",
    "100:outrage",
    "100:protect",
    "100:rage",
    "100:rest",
    "100:return",
    "100:rockslide",
    "100:rocksmash",
    "100:sandstorm",
    "100:scorchingsands",
    "100:screech",
    "100:seismictoss",
    "100:sing",
    "100:skullbash",
    "100:sleeptalk",
    "100:snore",
    "100:stealthrock",
    "100:stompingtantrum",
    "100:strength",
    "100:submission",
    "100:substitute",
    "100:sunnyday",
    "100:swagger",
    "100:swordsdance",
    "100:tailwhip",
    "100:takedown",
    "100:thief",
    "100:thrash",
    "100:throatchop",
    "100:thunderpunch",
    "100:toxic",
    "100:uproar",
    "100:watergun"
  ],
  "labels": [
    "gen1",
    "kanto_regional"
  ],
  "pokedex": [
    "cobblemon.species.marowak.desc"
  ],
  "preEvolution": "cubone",
  "evolutions": [],
  "baseScale": 0.8,
  "hitbox": {
    "width": 0.9,
    "height": 1.3,
    "fixed": false
  },
  "baseFriendship": 50,
  "evYield": {
    "hp": 0,
    "attack": 0,
    "defence": 2,
    "special_attack": 0,
    "special_defence": 0,
    "speed": 0
  },
  "height": 10,
  "weight": 450,
  "aspects": [],
  "cannotDynamax": false
}