{
  "implemented": true,
  "name": "Meowth",
  "nationalPokedexNumber": 52,
  "primaryType": "normal",
  "abilities": [
    "pickup",
    "technician",
    "h:unnerve"
  ],
  "baseStats": {
    "hp": 40,
    "attack": 45,
    "defence": 35,
    "special_attack": 40,
    "special_defence": 40,
    "speed": 90
  },
  "behaviour": {
    "resting": {
      "canSleep": true,
      "willSleepOnBed": false,
      "depth": "normal",
      "light": "0-4"
    }
  },
  "catchRate": 255,
  "maleRatio": 0.5,
  "shoulderMountable": false,
  "forms": [
    {
      "name": "Alola",
      "primaryType": "dark",
      "abilities": [
        "pickup",
        "technician",
        "h:rattled"
      ],
      "baseStats": {
        "hp": 40,
        "attack": 35,
        "defence": 35,
        "special_attack": 50,
        "special_defence": 40,
        "speed": 90
      },
      "catchRate": 255,
      "maleRatio": 0.5,
      "baseExperienceYield": 58,
      "baseFriendship": 50,
      "evYield": {
        "hp": 0,
        "attack": 0,
        "defence": 0,
        "special_attack": 0,
        "special_defence": 0,
        "speed": 1
      },
      "experienceGroup": "medium_fast",
      "eggCycles": 20,
      "eggGroups": [
        "field"
      ],
      "moves": [
        "1:growl",
        "1:scratch",
        "6:bite",
        "9:fakeout",
        "14:furyswipes",
        "17:screech",
        "22:feintattack",
        "25:taunt",
        "30:payday",
        "33:slash",
        "38:nastyplot",
        "41:assurance",
        "44:playrough",
        "46:captivate",
        "49:nightslash",
        "50:feint",
        "55:darkpulse",
        "100:amnesia",
        "100:assist",
        "100:charm",
        "100:covet",
        "100:flail",
        "100:flatter",
        "100:foulplay",
        "100:hypnosis",
        "100:partingshot",
        "100:punishment",
        "100:snatch",
        "100:spite",
        "100:aerialace",
        "100:agility",
        "100:amnesia",
        "100:assurance",
        "100:attract",
        "100:bodyslam",
        "100:charm",
        "100:chillingwater",
        "100:confide",
        "100:confuseray",
        "100:darkpulse",
        "100:dig",
        "100:doubleteam",
        "100:dreameater",
        "100:echoedvoice",
        "100:embargo",
        "100:endure",
        "100:facade",
        "100:faketears",
        "100:foulplay",
        "100:frustration",
        "100:gunkshot",
        "100:helpinghand",
        "100:hiddenpower",
        "100:hypervoice",
        "100:icywind",
        "100:irontail",
        "100:metalclaw",
        "100:nastyplot",
        "100:payback",
        "100:payday",
        "100:playrough",
        "100:powergem",
        "100:protect",
        "100:psychup",
        "100:quash",
        "100:raindance",
        "100:rest",
        "100:retaliate",
        "100:return",
        "100:round",
        "100:screech",
        "100:seedbomb",
        "100:shadowball",
        "100:shadowclaw",
        "100:sleeptalk",
        "100:snarl",
        "100:snore",
        "100:substitute",
        "100:sunnyday",
        "100:swagger",
        "100:swift",
        "100:takedown",
        "100:taunt",
        "100:terablast",
        "100:thief",
        "100:throatchop",
        "100:thunder",
        "100:thunderbolt",
        "100:thunderwave",
        "100:torment",
        "100:toxic",
        "100:trailblaze",
        "100:uproar",
        "100:uturn",
        "100:workup",
        "100:bite",
        "100:covet",
        "100:darkpulse",
        "100:dreameater",
        "100:facade",
        "100:fakeout",
        "100:feint",
        "100:foulplay",
        "100:furyswipes",
        "100:growl",
        "100:gunkshot",
        "100:headbutt",
        "100:hypervoice",
        "100:icywind",
        "100:irontail",
        "100:knockoff",
        "100:lashout",
        "100:lastresort",
        "100:nastyplot",
        "100:payday",
        "100:playrough",
        "100:protect",
        "100:rest",
        "100:scratch",
        "100:screech",
        "100:seedbomb",
        "100:shadowball",
        "100:shockwave",
        "100:slash",
        "100:snatch",
        "100:snore",
        "100:spite",
        "100:substitute",
        "100:taunt",
        "100:throatchop",
        "100:thunder",
        "100:thunderbolt",
        "100:toxic",
        "100:uproar",
        "100:uturn",
        "100:waterpulse"
      ],
      "labels": [
        "gen7",
        "alola_regional"
      ],
      "aspects": [
        "alolan"
      ],
      "height": 4,
      "weight": 42,
      "evolutions": [
        {
          "id": "meowth_persian",
          "variant": "level_up",
          "result": "persian form=alola",
          "consumeHeldItem": false,
          "learnableMoves": [
            "powergem"
          ],
          "requirements": [
            {
              "variant": "friendship",
              "amount": 160
            }
          ]
        }
      ],
      "cannotDynamax": false,
      "battleOnly": false
    },
    {
      "name": "Galar",
      "primaryType": "steel",
      "abilities": [
        "pickup",
        "toughclaws",
        "h:unnerve"
      ],
      "baseStats": {
        "hp": 50,
        "attack": 65,
        "defence": 55,
        "special_attack": 40,
        "special_defence": 40,
        "speed": 40
      },
      "catchRate": 255,
      "maleRatio": 0.5,
      "baseExperienceYield": 58,
      "baseFriendship": 50,
      "evYield": {
        "hp": 0,
        "attack": 1,
        "defence": 0,
        "special_attack": 0,
        "special_defence": 0,
        "speed": 0
      },
      "experienceGroup": "medium_fast",
      "eggCycles": 20,
      "eggGroups": [
        "field"
      ],
      "moves": [
        "1:fakeout",
        "1:growl",
        "4:honeclaws",
        "8:scratch",
        "12:payday",
        "16:metalclaw",
        "20:taunt",
        "24:swagger",
        "29:furyswipes",
        "32:screech",
        "36:slash",
        "40:metalsound",
        "44:thrash",
        "100:covet",
        "100:curse",
        "100:doubleedge",
        "100:flail",
        "100:nightslash",
        "100:spite",
        "100:aerialace",
        "100:amnesia",
        "100:assurance",
        "100:attract",
        "100:bodyslam",
        "100:brickbreak",
        "100:charm",
        "100:crunch",
        "100:darkpulse",
        "100:dig",
        "100:endure",
        "100:facade",
        "100:faketears",
        "100:falseswipe",
        "100:flashcannon",
        "100:fling",
        "100:foulplay",
        "100:gunkshot",
        "100:gyroball",
        "100:helpinghand",
        "100:hypervoice",
        "100:irondefense",
        "100:ironhead",
        "100:irontail",
        "100:metalclaw",
        "100:metronome",
        "100:nastyplot",
        "100:payback",
        "100:payday",
        "100:playrough",
        "100:protect",
        "100:raindance",
        "100:rest",
        "100:retaliate",
        "100:round",
        "100:screech",
        "100:seedbomb",
        "100:shadowball",
        "100:shadowclaw",
        "100:sleeptalk",
        "100:snore",
        "100:stealthrock",
        "100:steelbeam",
        "100:substitute",
        "100:sunnyday",
        "100:swordsdance",
        "100:takedown",
        "100:taunt",
        "100:terablast",
        "100:thief",
        "100:throatchop",
        "100:thunder",
        "100:thunderbolt",
        "100:trailblaze",
        "100:uproar",
        "100:uturn",
        "100:workup",
        "100:xscissor",
        "100:fakeout",
        "100:growl",
        "100:honeclaws",
        "100:lashout",
        "100:payday",
        "100:steelbeam"
      ],
      "labels": [
        "gen8",
        "galar_regional"
      ],
      "aspects": [
        "galarian"
      ],
      "height": 4,
      "weight": 75,
      "evolutions": [
        {
          "id": "meowth_perrserker",
          "variant": "level_up",
          "result": "perrserker",
          "consumeHeldItem": false,
          "learnableMoves": [],
          "requirements": [
            {
              "variant": "level",
              "minLevel": 28
            }
          ]
        }
      ],
      "cannotDynamax": false,
      "battleOnly": false
    },
    {
      "name": "Gmax",
      "primaryType": "normal",
      "abilities": [
        "pickup",
        "technician",
        "h:unnerve"
      ],
      "baseStats": {
        "hp": 40,
        "attack": 45,
        "defence": 35,
        "special_attack": 40,
        "special_defence": 40,
        "speed": 90
      },
      "catchRate": 255,
      "maleRatio": 0.5,
      "baseExperienceYield": 58,
      "baseFriendship": 50,
      "evYield": {
        "hp": 0,
        "attack": 0,
        "defence": 0,
        "special_attack": 0,
        "special_defence": 0,
        "speed": 1
      },
      "experienceGroup": "medium_fast",
      "eggCycles": 20,
      "eggGroups": [
        "field"
      ],
      "moves": [],
      "labels": [
        "gen8",
        "gmax"
      ],
      "aspects": [
        "gmax"
      ],
      "height": 330,
      "weight": 0,
      "evolutions": [],
      "cannotDynamax": false,
      "battleOnly": false
    }
  ],
  "baseExperienceYield": 58,
  "experienceGroup": "medium_fast",
  "eggCycles": 20,
  "eggGroups": [
    "field"
  ],
  "drops": {
    "amount": "2",
    "entries": [
      {
        "item": "minecraft:gold_nugget",
        "quantityRange": "1-2",
        "percentage": 66
      },
      {
        "item": "cobblemon:quick_claw",
        "percentage": 2.5
      }
    ]
  },
  "moves": [
    "1:growl",
    "1:scratch",
    "10:bite",
    "18:payday",
    "25:feintattack",
    "25:taunt",
    "31:screech",
    "36:furyswipes",
    "38:nastyplot",
    "40:slash",
    "41:assurance",
    "43:fakeout",
    "44:playrough",
    "45:swagger",
    "46:captivate",
    "49:nightslash",
    "54:feint",
    "100:amnesia",
    "100:assist",
    "100:charm",
    "100:covet",
    "100:flail",
    "100:foulplay",
    "100:hypnosis",
    "100:irontail",
    "100:lastresort",
    "100:odorsleuth",
    "100:psychup",
    "100:punishment",
    "100:snatch",
    "100:spite",
    "100:tailwhip",
    "100:aerialace",
    "100:agility",
    "100:amnesia",
    "100:assurance",
    "100:attract",
    "100:bodyslam",
    "100:captivate",
    "100:charm",
    "100:chillingwater",
    "100:confide",
    "100:cut",
    "100:darkpulse",
    "100:dig",
    "100:doubleteam",
    "100:dreameater",
    "100:echoedvoice",
    "100:endure",
    "100:facade",
    "100:faketears",
    "100:falseswipe",
    "100:flash",
    "100:foulplay",
    "100:frustration",
    "100:gunkshot",
    "100:helpinghand",
    "100:hiddenpower",
    "100:honeclaws",
    "100:hypervoice",
    "100:icywind",
    "100:irontail",
    "100:metalclaw",
    "100:nastyplot",
    "100:naturalgift",
    "100:payback",
    "100:payday",
    "100:playrough",
    "100:powergem",
    "100:protect",
    "100:psychup",
    "100:raindance",
    "100:rest",
    "100:retaliate",
    "100:return",
    "100:round",
    "100:screech",
    "100:secretpower",
    "100:seedbomb",
    "100:shadowball",
    "100:shadowclaw",
    "100:shockwave",
    "100:sleeptalk",
    "100:snarl",
    "100:snatch",
    "100:snore",
    "100:substitute",
    "100:sunnyday",
    "100:swagger",
    "100:swift",
    "100:takedown",
    "100:taunt",
    "100:terablast",
    "100:thief",
    "100:throatchop",
    "100:thunder",
    "100:thunderbolt",
    "100:thunderwave",
    "100:torment",
    "100:toxic",
    "100:trailblaze",
    "100:uproar",
    "100:uturn",
    "100:waterpulse",
    "100:workup",
    "100:amnesia",
    "100:assist",
    "100:attract",
    "100:bide",
    "100:bite",
    "100:bodyslam",
    "100:bubblebeam",
    "100:charm",
    "100:covet",
    "100:curse",
    "100:darkpulse",
    "100:defensecurl",
    "100:detect",
    "100:dig",
    "100:doubleedge",
    "100:doubleteam",
    "100:dreameater",
    "100:endure",
    "100:facade",
    "100:fakeout",
    "100:feint",
    "100:feintattack",
    "100:foulplay",
    "100:frustration",
    "100:furyswipes",
    "100:growl",
    "100:gunkshot",
    "100:happyhour",
    "100:headbutt",
    "100:hiddenpower",
    "100:hypervoice",
    "100:hypnosis",
    "100:icywind",
    "100:irontail",
    "100:knockoff",
    "100:lashout",
    "100:lastresort",
    "100:mimic",
    "100:mudslap",
    "100:nastyplot",
    "100:nightmare",
    "100:payday",
    "100:petaldance",
    "100:playrough",
    "100:protect",
    "100:psychup",
    "100:rage",
    "100:rest",
    "100:return",
    "100:scratch",
    "100:screech",
    "100:secretpower",
    "100:seedbomb",
    "100:shadowball",
    "100:shockwave",
    "100:sing",
    "100:skullbash",
    "100:slash",
    "100:sleeptalk",
    "100:snatch",
    "100:snore",
    "100:spite",
    "100:substitute",
    "100:sunnyday",
    "100:swagger",
    "100:swift",
    "100:takedown",
    "100:taunt",
    "100:thief",
    "100:throatchop",
    "100:thunder",
    "100:thunderbolt",
    "100:toxic",
    "100:uproar",
    "100:uturn",
    "100:watergun",
    "100:waterpulse",
    "100:zapcannon"
  ],
  "labels": [
    "gen1",
    "kanto_regional",
    "kanto_regional"
  ],
  "pokedex": [
    "cobblemon.species.meowth.desc"
  ],
  "baseScale": 0.7,
  "hitbox": {
    "width": 0.6,
    "height": 1.1,
    "fixed": false
  },
  "baseFriendship": 50,
  "evYield": {
    "hp": 0,
    "attack": 0,
    "defence": 0,
    "special_attack": 0,
    "special_defence": 0,
    "speed": 1
  },
  "height": 4,
  "weight": 42,
  "evolutions": [
    {
      "id": "meowth_persian",
      "variant": "level_up",
      "result": "persian",
      "consumeHeldItem": false,
      "learnableMoves": [
        "powergem"
      ],
      "requirements": [
        {
          "variant": "level",
          "minLevel": 28
        }
      ]
    }
  ],
  "aspects": [],
  "cannotDynamax": false
}