{
  "implemented": true,
  "name": "Persian",
  "nationalPokedexNumber": 53,
  "primaryType": "normal",
  "abilities": [
    "limber",
    "technician",
    "h:unnerve"
  ],
  "baseStats": {
    "hp": 65,
    "attack": 70,
    "defence": 60,
    "special_attack": 65,
    "special_defence": 65,
    "speed": 115
  },
  "behaviour": {
    "resting": {
      "canSleep": true,
      "willSleepOnBed": false,
      "depth": "normal",
      "light": "0-4"
    }
  },
  "catchRate": 90,
  "maleRatio": 0.5,
  "shoulderMountable": false,
  "forms": [
    {
      "name": "Alola",
      "primaryType": "dark",
      "abilities": [
        "furcoat",
        "technician",
        "h:rattled"
      ],
      "baseStats": {
        "hp": 65,
        "attack": 60,
        "defence": 60,
        "special_attack": 75,
        "special_defence": 65,
        "speed": 115
      },
      "catchRate": 90,
      "maleRatio": 0.5,
      "baseExperienceYield": 154,
      "baseFriendship": 50,
      "evYield": {
        "hp": 0,
        "attack": 0,
        "defence": 0,
        "special_attack": 0,
        "special_defence": 0,
        "speed": 2
      },
      "experienceGroup": "medium_fast",
      "eggCycles": 20,
      "eggGroups": [
        "field"
      ],
      "moves": [
        "1:bite",
        "1:fakeout",
        "1:growl",
        "1:playrough",
        "1:quash",
        "1:scratch",
        "1:swift",
        "1:switcheroo",
        "12:payday",
        "14:furyswipes",
        "17:screech",
        "22:feintattack",
        "25:taunt",
        "32:powergem",
        "37:slash",
        "44:nastyplot",
        "49:assurance",
        "56:captivate",
        "61:nightslash",
        "65:feint",
        "69:darkpulse",
        "100:aerialace",
        "100:agility",
        "100:amnesia",
        "100:assurance",
        "100:attract",
        "100:beatup",
        "100:bodyslam",
        "100:charm",
        "100:chillingwater",
        "100:confide",
        "100:confuseray",
        "100:darkpulse",
        "100:dig",
        "100:doubleteam",
        "100:dreameater",
        "100:echoedvoice",
        "100:embargo",
        "100:endure",
        "100:facade",
        "100:faketears",
        "100:foulplay",
        "100:frustration",
        "100:gigaimpact",
        "100:gunkshot",
        "100:helpinghand",
        "100:hiddenpower",
        "100:hyperbeam",
        "100:hypervoice",
        "100:icywind",
        "100:irontail",
        "100:metalclaw",
        "100:nastyplot",
        "100:payback",
        "100:payday",
        "100:playrough",
        "100:powergem",
        "100:protect",
        "100:psychup",
        "100:quash",
        "100:raindance",
        "100:rest",
        "100:retaliate",
        "100:return",
        "100:roar",
        "100:round",
        "100:screech",
        "100:seedbomb",
        "100:shadowball",
        "100:shadowclaw",
        "100:sleeptalk",
        "100:snarl",
        "100:snore",
        "100:substitute",
        "100:sunnyday",
        "100:swagger",
        "100:swift",
        "100:takedown",
        "100:taunt",
        "100:terablast",
        "100:thief",
        "100:throatchop",
        "100:thunder",
        "100:thunderbolt",
        "100:thunderwave",
        "100:torment",
        "100:toxic",
        "100:trailblaze",
        "100:uproar",
        "100:uturn",
        "100:workup",
        "100:amnesia",
        "100:bite",
        "100:burningjealousy",
        "100:covet",
        "100:darkpulse",
        "100:dreameater",
        "100:facade",
        "100:fakeout",
        "100:feint",
        "100:foulplay",
        "100:furyswipes",
        "100:growl",
        "100:gunkshot",
        "100:headbutt",
        "100:hyperbeam",
        "100:hypervoice",
        "100:hypnosis",
        "100:icywind",
        "100:irontail",
        "100:knockoff",
        "100:lashout",
        "100:lastresort",
        "100:nastyplot",
        "100:payday",
        "100:playrough",
        "100:protect",
        "100:rest",
        "100:scratch",
        "100:screech",
        "100:seedbomb",
        "100:shadowball",
        "100:shockwave",
        "100:skittersmack",
        "100:slash",
        "100:snatch",
        "100:snore",
        "100:spite",
        "100:substitute",
        "100:swift",
        "100:taunt",
        "100:throatchop",
        "100:thunder",
        "100:thunderbolt",
        "100:toxic",
        "100:uproar",
        "100:uturn",
        "100:waterpulse"
      ],
      "labels": [
        "gen7",
        "alola_regional"
      ],
      "aspects": [
        "alolan"
      ],
      "height": 11,
      "weight": 330,
      "preEvolution": "meowth form=alola",
      "evolutions": [],
      "cannotDynamax": false,
      "battleOnly": false
    }
  ],
  "baseExperienceYield": 154,
  "experienceGroup": "medium_fast",
  "eggCycles": 20,
  "eggGroups": [
    "field"
  ],
  "drops": {
    "amount": "2",
    "entries": [
      {
        "item": "minecraft:raw_gold",
        "percentage": 20
      },
      {
        "item": "cobblemon:quick_claw",
        "percentage": 5
      }
    ]
  },
  "moves": [
    "1:bite",
    "1:growl",
    "1:playrough",
    "1:scratch",
    "1:switcheroo",
    "18:payday",
    "25:feintattack",
    "25:taunt",
    "28:swift",
    "32:powergem",
    "34:screech",
    "42:furyswipes",
    "44:nastyplot",
    "49:assurance",
    "49:slash",
    "55:fakeout",
    "56:captivate",
    "61:nightslash",
    "61:swagger",
    "68:feint",
    "100:aerialace",
    "100:agility",
    "100:amnesia",
    "100:assurance",
    "100:attract",
    "100:bodyslam",
    "100:captivate",
    "100:charm",
    "100:chillingwater",
    "100:confide",
    "100:cut",
    "100:darkpulse",
    "100:dig",
    "100:doubleteam",
    "100:dreameater",
    "100:echoedvoice",
    "100:embargo",
    "100:endure",
    "100:facade",
    "100:faketears",
    "100:falseswipe",
    "100:flash",
    "100:foulplay",
    "100:frustration",
    "100:gigaimpact",
    "100:gunkshot",
    "100:helpinghand",
    "100:hiddenpower",
    "100:honeclaws",
    "100:hyperbeam",
    "100:hypervoice",
    "100:icywind",
    "100:irontail",
    "100:metalclaw",
    "100:nastyplot",
    "100:naturalgift",
    "100:payback",
    "100:payday",
    "100:playrough",
    "100:powergem",
    "100:protect",
    "100:psychup",
    "100:raindance",
    "100:rest",
    "100:retaliate",
    "100:return",
    "100:roar",
    "100:round",
    "100:screech",
    "100:secretpower",
    "100:seedbomb",
    "100:shadowball",
    "100:shadowclaw",
    "100:shockwave",
    "100:sleeptalk",
    "100:snarl",
    "100:snatch",
    "100:snore",
    "100:substitute",
    "100:sunnyday",
    "100:swagger",
    "100:swift",
    "100:takedown",
    "100:taunt",
    "100:terablast",
    "100:thief",
    "100:throatchop",
    "100:thunder",
    "100:thunderbolt",
    "100:thunderwave",
    "100:torment",
    "100:toxic",
    "100:trailblaze",
    "100:uproar",
    "100:uturn",
    "100:waterpulse",
    "100:workup",
    "100:amnesia",
    "100:attract",
    "100:bide",
    "100:bite",
    "100:bodyslam",
    "100:bubblebeam",
    "100:covet",
    "100:curse",
    "100:darkpulse",
    "100:defensecurl",
    "100:detect",
    "100:dig",
    "100:doubleedge",
    "100:doubleteam",
    "100:dreameater",
    "100:endure",
    "100:facade",
    "100:fakeout",
    "100:feint",
    "100:feintattack",
    "100:foulplay",
    "100:frustration",
    "100:furyswipes",
    "100:growl",
    "100:gunkshot",
    "100:headbutt",
    "100:hiddenpower",
    "100:hyperbeam",
    "100:hypervoice",
    "100:hypnosis",
    "100:icywind",
    "100:irontail",
    "100:knockoff",
    "100:lashout",
    "100:lastresort",
    "100:mimic",
    "100:mudslap",
    "100:nastyplot",
    "100:nightmare",
    "100:payday",
    "100:playrough",
    "100:protect",
    "100:psychup",
    "100:rage",
    "100:rest",
    "100:return",
    "100:roar",
    "100:scratch",
    "100:screech",
    "100:seedbomb",
    "100:shadowball",
    "100:shockwave",
    "100:skittersmack",
    "100:skullbash",
    "100:slash",
    "100:sleeptalk",
    "100:snatch",
    "100:snore",
    "100:spite",
    "100:substitute",
    "100:sunnyday",
    "100:swagger",
    "100:swift",
    "100:takedown",
    "100:taunt",
    "100:thief",
    "100:throatchop",
    "100:thunder",
    "100:thunderbolt",
    "100:toxic",
    "100:uproar",
    "100:uturn",
    "100:watergun",
    "100:waterpulse",
    "100:zapcannon"
  ],
  "labels": [
    "gen1",
    "kanto_regional"
  ],
  "pokedex": [
    "cobblemon.species.persian.desc"
  ],
  "preEvolution": "meowth",
  "evolutions": [],
  "baseScale": 0.8,
  "hitbox": {
    "width": 1,
    "height": 1.2,
    "fixed": false
  },
  "baseFriendship": 50,
  "evYield": {
    "hp": 0,
    "attack": 0,
    "defence": 0,
    "special_attack": 0,
    "special_defence": 0,
    "speed": 2
  },
  "height": 10,
  "weight": 320,
  "aspects": [],
  "cannotDynamax": false
}