{
  "implemented": true,
  "name": "Pidgey",
  "nationalPokedexNumber": 16,
  "primaryType": "normal",
  "secondaryType": "flying",
  "abilities": [
    "keeneye",
    "tangledfeet",
    "h:bigpecks"
  ],
  "baseStats": {
    "hp": 40,
    "attack": 45,
    "defence": 40,
    "special_attack": 35,
    "special_defence": 35,
    "speed": 56
  },
  "catchRate": 255,
  "maleRatio": 0.5,
  "shoulderMountable": true,
  "shoulderEffects": [
    "slow_fall"
  ],
  "baseExperienceYield": 50,
  "experienceGroup": "medium_slow",
  "eggCycles": 15,
  "eggGroups": [
    "flying"
  ],
  "behaviour": {
    "moving": {
      "fly": {
        "canFly": true
      }
    },
    "resting": {
      "canSleep": true,
      "willSleepOnBed": false,
      "depth": "normal",
      "light": "0-4"
    }
  },
  "drops": {
    "amount": "2",
    "entries": [
      {
        "item": "minecraft:feather",
        "percentage": 50
      },
      {
        "item": "minecraft:chicken"
      }
    ]
  },
  "moves": [
    "1:tackle",
    "5:sandattack",
    "9:gust",
    "13:quickattack",
    "19:whirlwind",
    "21:twister",
    "25:wingattack",
    "31:featherdance",
    "37:roost",
    "39:agility",
    "41:tailwind",
    "47:mirrormove",
    "49:airslash",
    "53:hurricane",
    "100:aircutter",
    "100:airslash",
    "100:bravebird",
    "100:defog",
    "100:feintattack",
    "100:foresight",
    "100:pursuit",
    "100:steelwing",
    "100:uproar",
    "100:aerialace",
    "100:attract",
    "100:captivate",
    "100:confide",
    "100:defog",
    "100:doubleteam",
    "100:endure",
    "100:facade",
    "100:fly",
    "100:frustration",
    "100:hiddenpower",
    "100:naturalgift",
    "100:pluck",
    "100:protect",
    "100:raindance",
    "100:rest",
    "100:return",
    "100:roost",
    "100:round",
    "100:secretpower",
    "100:sleeptalk",
    "100:steelwing",
    "100:substitute",
    "100:sunnyday",
    "100:swagger",
    "100:thief",
    "100:toxic",
    "100:uturn",
    "100:workup",
    "100:agility",
    "100:aircutter",
    "100:airslash",
    "100:attract",
    "100:bide",
    "100:curse",
    "100:defog",
    "100:detect",
    "100:doubleedge",
    "100:doubleteam",
    "100:endure",
    "100:facade",
    "100:feintattack",
    "100:fly",
    "100:foresight",
    "100:frustration",
    "100:gust",
    "100:headbutt",
    "100:heatwave",
    "100:hiddenpower",
    "100:mimic",
    "100:mirrormove",
    "100:mudslap",
    "100:ominouswind",
    "100:protect",
    "100:pursuit",
    "100:quickattack",
    "100:rage",
    "100:razorwind",
    "100:reflect",
    "100:rest",
    "100:return",
    "100:roost",
    "100:sandattack",
    "100:secretpower",
    "100:skyattack",
    "100:sleeptalk",
    "100:snore",
    "100:steelwing",
    "100:substitute",
    "100:sunnyday",
    "100:swagger",
    "100:swift",
    "100:tackle",
    "100:tailwind",
    "100:takedown",
    "100:thief",
    "100:toxic",
    "100:twister",
    "100:uproar",
    "100:uturn",
    "100:whirlwind",
    "100:wingattack"
  ],
  "labels": [
    "gen1"
  ],
  "pokedex": [
    "cobblemon.species.pidgey.desc"
  ],
  "evolutions": [
    {
      "id": "pidgey_pidgeotto",
      "variant": "level_up",
      "result": "pidgeotto",
      "consumeHeldItem": false,
      "learnableMoves": [],
      "requirements": [
        {
          "variant": "level",
          "minLevel": 18
        }
      ]
    }
  ],
  "baseScale": 0.8,
  "hitbox": {
    "width": 0.5,
    "height": 0.7,
    "fixed": false
  },
  "baseFriendship": 70,
  "evYield": {
    "hp": 0,
    "attack": 0,
    "defence": 0,
    "special_attack": 0,
    "special_defence": 0,
    "speed": 1
  },
  "height": 3,
  "weight": 18,
  "aspects": [],
  "cannotDynamax": false
}