{
  "implemented": true,
  "name": "Pidgeot",
  "nationalPokedexNumber": 18,
  "primaryType": "normal",
  "secondaryType": "flying",
  "abilities": [
    "keeneye",
    "tangledfeet",
    "h:bigpecks"
  ],
  "baseStats": {
    "hp": 83,
    "attack": 80,
    "defence": 75,
    "special_attack": 70,
    "special_defence": 70,
    "speed": 101
  },
  "catchRate": 45,
  "maleRatio": 0.5,
  "shoulderMountable": false,
  "forms": [
    {
      "name": "Mega",
      "primaryType": "normal",
      "secondaryType": "flying",
      "abilities": [
        "noguard"
      ],
      "baseStats": {
        "hp": 83,
        "attack": 80,
        "defence": 80,
        "special_attack": 135,
        "special_defence": 80,
        "speed": 121
      },
      "catchRate": 45,
      "maleRatio": 0.5,
      "baseExperienceYield": 261,
      "baseFriendship": 70,
      "evYield": {
        "hp": 0,
        "attack": 0,
        "defence": 0,
        "special_attack": 0,
        "special_defence": 0,
        "speed": 3
      },
      "experienceGroup": "medium_slow",
      "eggCycles": 15,
      "eggGroups": [
        "flying"
      ],
      "moves": [],
      "labels": [
        "gen6",
        "mega"
      ],
      "aspects": [
        "mega"
      ],
      "height": 22,
      "weight": 505,
      "evolutions": [],
      "cannotDynamax": false,
      "battleOnly": true
    }
  ],
  "baseExperienceYield": 216,
  "experienceGroup": "medium_slow",
  "eggCycles": 15,
  "eggGroups": [
    "flying"
  ],
  "behaviour": {
    "resting": {
      "canSleep": true,
      "willSleepOnBed": false,
      "depth": "normal",
      "light": "0-4"
    },
    "moving": {
      "fly": {
        "canFly": true
      }
    }
  },
  "drops": {
    "amount": "3",
    "entries": [
      {
        "item": "minecraft:feather",
        "quantityRange": "1-3",
        "percentage": 75
      },
      {
        "item": "minecraft:chicken"
      },
      {
        "item": "cobblemon:sharp_beak",
        "percentage": 5
      }
    ]
  },
  "moves": [
    "1:gust",
    "1:quickattack",
    "1:sandattack",
    "1:tackle",
    "20:whirlwind",
    "22:twister",
    "27:wingattack",
    "34:featherdance",
    "44:roost",
    "48:agility",
    "50:tailwind",
    "62:airslash",
    "62:mirrormove",
    "68:hurricane",
    "100:aerialace",
    "100:attract",
    "100:captivate",
    "100:confide",
    "100:defog",
    "100:doubleteam",
    "100:endure",
    "100:facade",
    "100:fly",
    "100:frustration",
    "100:gigaimpact",
    "100:hiddenpower",
    "100:hyperbeam",
    "100:naturalgift",
    "100:pluck",
    "100:protect",
    "100:raindance",
    "100:rest",
    "100:return",
    "100:roost",
    "100:round",
    "100:secretpower",
    "100:sleeptalk",
    "100:steelwing",
    "100:substitute",
    "100:sunnyday",
    "100:swagger",
    "100:thief",
    "100:toxic",
    "100:uturn",
    "100:workup",
    "100:agility",
    "100:aircutter",
    "100:airslash",
    "100:attract",
    "100:bide",
    "100:curse",
    "100:defog",
    "100:detect",
    "100:doubleedge",
    "100:doubleteam",
    "100:endure",
    "100:facade",
    "100:fly",
    "100:frustration",
    "100:gust",
    "100:headbutt",
    "100:heatwave",
    "100:hiddenpower",
    "100:hyperbeam",
    "100:laserfocus",
    "100:mimic",
    "100:mirrormove",
    "100:mudslap",
    "100:ominouswind",
    "100:protect",
    "100:quickattack",
    "100:rage",
    "100:razorwind",
    "100:reflect",
    "100:rest",
    "100:return",
    "100:roost",
    "100:sandattack",
    "100:skyattack",
    "100:sleeptalk",
    "100:snore",
    "100:steelwing",
    "100:substitute",
    "100:sunnyday",
    "100:swagger",
    "100:swift",
    "100:tackle",
    "100:tailwind",
    "100:takedown",
    "100:thief",
    "100:toxic",
    "100:twister",
    "100:uproar",
    "100:uturn",
    "100:whirlwind",
    "100:wingattack"
  ],
  "labels": [
    "gen1"
  ],
  "pokedex": [
    "cobblemon.species.pidgeot.desc"
  ],
  "preEvolution": "pidgeotto",
  "evolutions": [],
  "baseScale": 1.7,
  "hitbox": {
    "width": 0.8,
    "height": 1,
    "fixed": false
  },
  "baseFriendship": 70,
  "evYield": {
    "hp": 0,
    "attack": 0,
    "defence": 0,
    "special_attack": 0,
    "special_defence": 0,
    "speed": 3
  },
  "height": 15,
  "weight": 395,
  "aspects": [],
  "cannotDynamax": false
}