{
  "implemented": true,
  "name": "Pikachu",
  "nationalPokedexNumber": 25,
  "primaryType": "electric",
  "abilities": [
    "static",
    "h:lightningrod"
  ],
  "baseStats": {
    "hp": 35,
    "attack": 55,
    "defence": 40,
    "special_attack": 50,
    "special_defence": 50,
    "speed": 90
  },
  "catchRate": 190,
  "maleRatio": 0.5,
  "shoulderMountable": true,
  "shoulderEffects": [
    "speed"
  ],
  "forms": [
    {
      "name": "Cosplay",
      "primaryType": "electric",
      "abilities": [
        "lightningrod"
      ],
      "baseStats": {
        "hp": 35,
        "attack": 55,
        "defence": 40,
        "special_attack": 50,
        "special_defence": 50,
        "speed": 90
      },
      "catchRate": 190,
      "maleRatio": 0,
      "baseExperienceYield": 112,
      "baseFriendship": 50,
      "evYield": {
        "hp": 0,
        "attack": 0,
        "defence": 0,
        "special_attack": 0,
        "special_defence": 0,
        "speed": 2
      },
      "experienceGroup": "medium_fast",
      "eggCycles": 10,
      "eggGroups": [
        "undiscovered"
      ],
      "moves": [
        "1:tailwhip",
        "1:thundershock",
        "5:growl",
        "7:playnice",
        "10:quickattack",
        "13:electroball",
        "18:thunderwave",
        "21:feint",
        "23:doubleteam",
        "26:spark",
        "29:nuzzle",
        "34:discharge",
        "37:slam",
        "42:thunderbolt",
        "45:agility",
        "50:wildcharge",
        "53:lightscreen",
        "58:thunder",
        "100:attract",
        "100:brickbreak",
        "100:chargebeam",
        "100:confide",
        "100:dig",
        "100:doubleteam",
        "100:echoedvoice",
        "100:facade",
        "100:flash",
        "100:fling",
        "100:frustration",
        "100:grassknot",
        "100:hiddenpower",
        "100:lightscreen",
        "100:protect",
        "100:raindance",
        "100:rest",
        "100:return",
        "100:rocksmash",
        "100:round",
        "100:secretpower",
        "100:sleeptalk",
        "100:strength",
        "100:substitute",
        "100:swagger",
        "100:thunder",
        "100:thunderbolt",
        "100:thunderwave",
        "100:toxic",
        "100:voltswitch",
        "100:wildcharge",
        "100:covet",
        "100:electroball",
        "100:electroweb",
        "100:focuspunch",
        "100:helpinghand",
        "100:irontail",
        "100:knockoff",
        "100:magnetrise",
        "100:quickattack",
        "100:shockwave",
        "100:signalbeam",
        "100:snore",
        "100:thunderpunch",
        "100:thundershock",
        "100:thunderwave"
      ],
      "labels": [
        "gen6"
      ],
      "aspects": [
        "cosplay"
      ],
      "height": 4,
      "weight": 60,
      "evolutions": [],
      "cannotDynamax": false,
      "battleOnly": false
    },
    {
      "name": "Rock-Star",
      "primaryType": "electric",
      "abilities": [
        "lightningrod"
      ],
      "baseStats": {
        "hp": 35,
        "attack": 55,
        "defence": 40,
        "special_attack": 50,
        "special_defence": 50,
        "speed": 90
      },
      "catchRate": 190,
      "maleRatio": 0,
      "baseExperienceYield": 112,
      "baseFriendship": 50,
      "evYield": {
        "hp": 0,
        "attack": 0,
        "defence": 0,
        "special_attack": 0,
        "special_defence": 0,
        "speed": 2
      },
      "experienceGroup": "medium_fast",
      "eggCycles": 10,
      "eggGroups": [
        "undiscovered"
      ],
      "moves": [
        "form_change:meteormash"
      ],
      "labels": [
        "gen6"
      ],
      "aspects": [
        "rock-star"
      ],
      "height": 4,
      "weight": 60,
      "evolutions": [],
      "cannotDynamax": false,
      "battleOnly": false
    },
    {
      "name": "Belle",
      "primaryType": "electric",
      "abilities": [
        "lightningrod"
      ],
      "baseStats": {
        "hp": 35,
        "attack": 55,
        "defence": 40,
        "special_attack": 50,
        "special_defence": 50,
        "speed": 90
      },
      "catchRate": 190,
      "maleRatio": 0,
      "baseExperienceYield": 112,
      "baseFriendship": 50,
      "evYield": {
        "hp": 0,
        "attack": 0,
        "defence": 0,
        "special_attack": 0,
        "special_defence": 0,
        "speed": 2
      },
      "experienceGroup": "medium_fast",
      "eggCycles": 10,
      "eggGroups": [
        "undiscovered"
      ],
      "moves": [
        "form_change:iciclecrash"
      ],
      "labels": [
        "gen6"
      ],
      "aspects": [
        "belle"
      ],
      "height": 4,
      "weight": 60,
      "evolutions": [],
      "cannotDynamax": false,
      "battleOnly": false
    },
    {
      "name": "Pop-Star",
      "primaryType": "electric",
      "abilities": [
        "lightningrod"
      ],
      "baseStats": {
        "hp": 35,
        "attack": 55,
        "defence": 40,
        "special_attack": 50,
        "special_defence": 50,
        "speed": 90
      },
      "catchRate": 190,
      "maleRatio": 0,
      "baseExperienceYield": 112,
      "baseFriendship": 50,
      "evYield": {
        "hp": 0,
        "attack": 0,
        "defence": 0,
        "special_attack": 0,
        "special_defence": 0,
        "speed": 2
      },
      "experienceGroup": "medium_fast",
      "eggCycles": 10,
      "eggGroups": [
        "undiscovered"
      ],
      "moves": [
        "form_change:drainingkiss"
      ],
      "labels": [
        "gen6"
      ],
      "aspects": [
        "pop-star"
      ],
      "height": 4,
      "weight": 60,
      "evolutions": [],
      "cannotDynamax": false,
      "battleOnly": false
    },
    {
      "name": "PhD",
      "primaryType": "electric",
      "abilities": [
        "lightningrod"
      ],
      "baseStats": {
        "hp": 35,
        "attack": 55,
        "defence": 40,
        "special_attack": 50,
        "special_defence": 50,
        "speed": 90
      },
      "catchRate": 190,
      "maleRatio": 0,
      "baseExperienceYield": 112,
      "baseFriendship": 50,
      "evYield": {
        "hp": 0,
        "attack": 0,
        "defence": 0,
        "special_attack": 0,
        "special_defence": 0,
        "speed": 2
      },
      "experienceGroup": "medium_fast",
      "eggCycles": 10,
      "eggGroups": [
        "undiscovered"
      ],
      "moves": [
        "form_change:electricterrain"
      ],
      "labels": [
        "gen6"
      ],
      "aspects": [
        "phd"
      ],
      "height": 4,
      "weight": 60,
      "evolutions": [],
      "cannotDynamax": false,
      "battleOnly": false
    },
    {
      "name": "Libre",
      "primaryType": "electric",
      "abilities": [
        "lightningrod"
      ],
      "baseStats": {
        "hp": 35,
        "attack": 55,
        "defence": 40,
        "special_attack": 50,
        "special_defence": 50,
        "speed": 90
      },
      "catchRate": 190,
      "maleRatio": 0,
      "baseExperienceYield": 112,
      "baseFriendship": 50,
      "evYield": {
        "hp": 0,
        "attack": 0,
        "defence": 0,
        "special_attack": 0,
        "special_defence": 0,
        "speed": 2
      },
      "experienceGroup": "medium_fast",
      "eggCycles": 10,
      "eggGroups": [
        "undiscovered"
      ],
      "moves": [
        "form_change:flyingpress"
      ],
      "labels": [
        "gen6"
      ],
      "aspects": [
        "libre"
      ],
      "height": 4,
      "weight": 60,
      "evolutions": [],
      "cannotDynamax": false,
      "battleOnly": false
    },
    {
      "name": "Original",
      "primaryType": "electric",
      "abilities": [
        "static",
        "h:lightningrod"
      ],
      "baseStats": {
        "hp": 35,
        "attack": 55,
        "defence": 40,
        "special_attack": 50,
        "special_defence": 50,
        "speed": 90
      },
      "catchRate": 190,
      "maleRatio": 1,
      "baseExperienceYield": 112,
      "baseFriendship": 50,
      "evYield": {
        "hp": 0,
        "attack": 0,
        "defence": 0,
        "special_attack": 0,
        "special_defence": 0,
        "speed": 2
      },
      "experienceGroup": "medium_fast",
      "eggCycles": 10,
      "eggGroups": [
        "undiscovered"
      ],
      "moves": [
        "1:charm",
        "1:nastyplot",
        "1:sweetkiss",
        "1:tailwhip",
        "1:thundershock",
        "5:growl",
        "7:playnice",
        "10:quickattack",
        "13:electroball",
        "18:thunderwave",
        "21:feint",
        "23:doubleteam",
        "26:spark",
        "28:irontail",
        "29:nuzzle",
        "34:discharge",
        "37:slam",
        "42:thunderbolt",
        "45:agility",
        "50:wildcharge",
        "53:lightscreen",
        "58:thunder",
        "100:charge",
        "100:disarmingvoice",
        "100:fakeout",
        "100:flail",
        "100:present",
        "100:tickle",
        "100:wish",
        "100:agility",
        "100:attract",
        "100:bodyslam",
        "100:brickbreak",
        "100:chargebeam",
        "100:charm",
        "100:confide",
        "100:dig",
        "100:disarmingvoice",
        "100:doubleteam",
        "100:drainingkiss",
        "100:echoedvoice",
        "100:eerieimpulse",
        "100:electricterrain",
        "100:electroball",
        "100:electroweb",
        "100:encore",
        "100:endure",
        "100:facade",
        "100:faketears",
        "100:fling",
        "100:frustration",
        "100:grassknot",
        "100:helpinghand",
        "100:hiddenpower",
        "100:irontail",
        "100:lightscreen",
        "100:megakick",
        "100:megapunch",
        "100:nastyplot",
        "100:payday",
        "100:playrough",
        "100:protect",
        "100:raindance",
        "100:reflect",
        "100:rest",
        "100:return",
        "100:reversal",
        "100:round",
        "100:sleeptalk",
        "100:snore",
        "100:substitute",
        "100:surf",
        "100:swagger",
        "100:swift",
        "100:takedown",
        "100:terablast",
        "100:thief",
        "100:thunder",
        "100:thunderbolt",
        "100:thunderpunch",
        "100:thunderwave",
        "100:toxic",
        "100:trailblaze",
        "100:uproar",
        "100:voltswitch",
        "100:wildcharge",
        "100:agility",
        "100:covet",
        "100:electroweb",
        "100:focuspunch",
        "100:helpinghand",
        "100:irontail",
        "100:knockoff",
        "100:laserfocus",
        "100:magnetrise",
        "100:quickattack",
        "100:risingvoltage",
        "100:shockwave",
        "100:signalbeam",
        "100:snore",
        "100:thunder",
        "100:thunderbolt",
        "100:thunderpunch",
        "100:volttackle"
      ],
      "labels": [
        "gen7"
      ],
      "aspects": [
        "original"
      ],
      "height": 4,
      "weight": 60,
      "evolutions": [],
      "cannotDynamax": false,
      "battleOnly": false
    },
    {
      "name": "Hoenn",
      "primaryType": "electric",
      "abilities": [
        "static",
        "h:lightningrod"
      ],
      "baseStats": {
        "hp": 35,
        "attack": 55,
        "defence": 40,
        "special_attack": 50,
        "special_defence": 50,
        "speed": 90
      },
      "catchRate": 190,
      "maleRatio": 1,
      "baseExperienceYield": 112,
      "baseFriendship": 50,
      "evYield": {
        "hp": 0,
        "attack": 0,
        "defence": 0,
        "special_attack": 0,
        "special_defence": 0,
        "speed": 2
      },
      "experienceGroup": "medium_fast",
      "eggCycles": 10,
      "eggGroups": [
        "undiscovered"
      ],
      "moves": [
        "1:charm",
        "1:nastyplot",
        "1:sweetkiss",
        "1:tailwhip",
        "1:thundershock",
        "5:growl",
        "7:playnice",
        "10:quickattack",
        "13:electroball",
        "18:thunderwave",
        "21:feint",
        "23:doubleteam",
        "26:spark",
        "28:irontail",
        "29:nuzzle",
        "34:discharge",
        "37:slam",
        "42:thunderbolt",
        "45:agility",
        "50:wildcharge",
        "53:lightscreen",
        "58:thunder",
        "100:charge",
        "100:disarmingvoice",
        "100:fakeout",
        "100:flail",
        "100:present",
        "100:tickle",
        "100:wish",
        "100:agility",
        "100:attract",
        "100:bodyslam",
        "100:brickbreak",
        "100:chargebeam",
        "100:charm",
        "100:confide",
        "100:dig",
        "100:disarmingvoice",
        "100:doubleteam",
        "100:drainingkiss",
        "100:echoedvoice",
        "100:eerieimpulse",
        "100:electricterrain",
        "100:electroball",
        "100:electroweb",
        "100:encore",
        "100:endure",
        "100:facade",
        "100:faketears",
        "100:fling",
        "100:frustration",
        "100:grassknot",
        "100:helpinghand",
        "100:hiddenpower",
        "100:irontail",
        "100:lightscreen",
        "100:megakick",
        "100:megapunch",
        "100:nastyplot",
        "100:payday",
        "100:playrough",
        "100:protect",
        "100:raindance",
        "100:reflect",
        "100:rest",
        "100:return",
        "100:reversal",
        "100:round",
        "100:sleeptalk",
        "100:snore",
        "100:substitute",
        "100:surf",
        "100:swagger",
        "100:swift",
        "100:takedown",
        "100:terablast",
        "100:thief",
        "100:thunder",
        "100:thunderbolt",
        "100:thunderpunch",
        "100:thunderwave",
        "100:toxic",
        "100:trailblaze",
        "100:uproar",
        "100:voltswitch",
        "100:wildcharge",
        "100:covet",
        "100:electroweb",
        "100:focuspunch",
        "100:helpinghand",
        "100:irontail",
        "100:knockoff",
        "100:laserfocus",
        "100:magnetrise",
        "100:quickattack",
        "100:risingvoltage",
        "100:shockwave",
        "100:signalbeam",
        "100:snore",
        "100:thunder",
        "100:thunderbolt",
        "100:thunderpunch",
        "100:volttackle"
      ],
      "labels": [
        "gen7"
      ],
      "aspects": [
        "hoenn"
      ],
      "height": 4,
      "weight": 60,
      "evolutions": [],
      "cannotDynamax": false,
      "battleOnly": false
    },
    {
      "name": "Sinnoh",
      "primaryType": "electric",
      "abilities": [
        "static",
        "h:lightningrod"
      ],
      "baseStats": {
        "hp": 35,
        "attack": 55,
        "defence": 40,
        "special_attack": 50,
        "special_defence": 50,
        "speed": 90
      },
      "catchRate": 190,
      "maleRatio": 1,
      "baseExperienceYield": 112,
      "baseFriendship": 50,
      "evYield": {
        "hp": 0,
        "attack": 0,
        "defence": 0,
        "special_attack": 0,
        "special_defence": 0,
        "speed": 2
      },
      "experienceGroup": "medium_fast",
      "eggCycles": 10,
      "eggGroups": [
        "undiscovered"
      ],
      "moves": [
        "1:charm",
        "1:nastyplot",
        "1:sweetkiss",
        "1:tailwhip",
        "1:thundershock",
        "5:growl",
        "7:playnice",
        "10:quickattack",
        "13:electroball",
        "18:thunderwave",
        "21:feint",
        "23:doubleteam",
        "26:spark",
        "28:irontail",
        "29:nuzzle",
        "34:discharge",
        "37:slam",
        "42:thunderbolt",
        "45:agility",
        "50:wildcharge",
        "53:lightscreen",
        "58:thunder",
        "100:charge",
        "100:disarmingvoice",
        "100:fakeout",
        "100:flail",
        "100:present",
        "100:tickle",
        "100:wish",
        "100:agility",
        "100:attract",
        "100:bodyslam",
        "100:brickbreak",
        "100:chargebeam",
        "100:charm",
        "100:confide",
        "100:dig",
        "100:disarmingvoice",
        "100:doubleteam",
        "100:drainingkiss",
        "100:echoedvoice",
        "100:eerieimpulse",
        "100:electricterrain",
        "100:electroball",
        "100:electroweb",
        "100:encore",
        "100:endure",
        "100:facade",
        "100:faketears",
        "100:fling",
        "100:frustration",
        "100:grassknot",
        "100:helpinghand",
        "100:hiddenpower",
        "100:irontail",
        "100:lightscreen",
        "100:megakick",
        "100:megapunch",
        "100:nastyplot",
        "100:payday",
        "100:playrough",
        "100:protect",
        "100:raindance",
        "100:reflect",
        "100:rest",
        "100:return",
        "100:reversal",
        "100:round",
        "100:sleeptalk",
        "100:snore",
        "100:substitute",
        "100:surf",
        "100:swagger",
        "100:swift",
        "100:takedown",
        "100:terablast",
        "100:thief",
        "100:thunder",
        "100:thunderbolt",
        "100:thunderpunch",
        "100:thunderwave",
        "100:toxic",
        "100:trailblaze",
        "100:uproar",
        "100:voltswitch",
        "100:wildcharge",
        "100:covet",
        "100:electroweb",
        "100:focuspunch",
        "100:helpinghand",
        "100:irontail",
        "100:knockoff",
        "100:laserfocus",
        "100:magnetrise",
        "100:quickattack",
        "100:risingvoltage",
        "100:shockwave",
        "100:signalbeam",
        "100:snore",
        "100:thunderbolt",
        "100:thunderpunch",
        "100:volttackle"
      ],
      "labels": [
        "gen7"
      ],
      "aspects": [
        "sinnoh"
      ],
      "height": 4,
      "weight": 60,
      "evolutions": [],
      "cannotDynamax": false,
      "battleOnly": false
    },
    {
      "name": "Unova",
      "primaryType": "electric",
      "abilities": [
        "static",
        "h:lightningrod"
      ],
      "baseStats": {
        "hp": 35,
        "attack": 55,
        "defence": 40,
        "special_attack": 50,
        "special_defence": 50,
        "speed": 90
      },
      "catchRate": 190,
      "maleRatio": 1,
      "baseExperienceYield": 112,
      "baseFriendship": 50,
      "evYield": {
        "hp": 0,
        "attack": 0,
        "defence": 0,
        "special_attack": 0,
        "special_defence": 0,
        "speed": 2
      },
      "experienceGroup": "medium_fast",
      "eggCycles": 10,
      "eggGroups": [
        "undiscovered"
      ],
      "moves": [
        "1:charm",
        "1:nastyplot",
        "1:sweetkiss",
        "1:tailwhip",
        "1:thundershock",
        "5:growl",
        "7:playnice",
        "10:quickattack",
        "13:electroball",
        "18:thunderwave",
        "21:feint",
        "23:doubleteam",
        "26:spark",
        "28:irontail",
        "29:nuzzle",
        "34:discharge",
        "37:slam",
        "42:thunderbolt",
        "45:agility",
        "50:wildcharge",
        "53:lightscreen",
        "58:thunder",
        "100:charge",
        "100:disarmingvoice",
        "100:fakeout",
        "100:flail",
        "100:present",
        "100:tickle",
        "100:wish",
        "100:agility",
        "100:attract",
        "100:bodyslam",
        "100:brickbreak",
        "100:chargebeam",
        "100:charm",
        "100:confide",
        "100:dig",
        "100:disarmingvoice",
        "100:doubleteam",
        "100:drainingkiss",
        "100:echoedvoice",
        "100:eerieimpulse",
        "100:electricterrain",
        "100:electroball",
        "100:electroweb",
        "100:encore",
        "100:endure",
        "100:facade",
        "100:faketears",
        "100:fling",
        "100:frustration",
        "100:grassknot",
        "100:helpinghand",
        "100:hiddenpower",
        "100:irontail",
        "100:lightscreen",
        "100:megakick",
        "100:megapunch",
        "100:nastyplot",
        "100:payday",
        "100:playrough",
        "100:protect",
        "100:raindance",
        "100:reflect",
        "100:rest",
        "100:return",
        "100:reversal",
        "100:round",
        "100:sleeptalk",
        "100:snore",
        "100:substitute",
        "100:surf",
        "100:swagger",
        "100:swift",
        "100:takedown",
        "100:terablast",
        "100:thief",
        "100:thunder",
        "100:thunderbolt",
        "100:thunderpunch",
        "100:thunderwave",
        "100:toxic",
        "100:trailblaze",
        "100:uproar",
        "100:voltswitch",
        "100:wildcharge",
        "100:covet",
        "100:electroweb",
        "100:focuspunch",
        "100:helpinghand",
        "100:irontail",
        "100:knockoff",
        "100:laserfocus",
        "100:magnetrise",
        "100:quickattack",
        "100:risingvoltage",
        "100:shockwave",
        "100:signalbeam",
        "100:snore",
        "100:thunderbolt",
        "100:thunderpunch",
        "100:volttackle"
      ],
      "labels": [
        "gen7"
      ],
      "aspects": [
        "unova"
      ],
      "height": 4,
      "weight": 60,
      "evolutions": [],
      "cannotDynamax": false,
      "battleOnly": false
    },
    {
      "name": "Kalos",
      "primaryType": "electric",
      "abilities": [
        "static",
        "h:lightningrod"
      ],
      "baseStats": {
        "hp": 35,
        "attack": 55,
        "defence": 40,
        "special_attack": 50,
        "special_defence": 50,
        "speed": 90
      },
      "catchRate": 190,
      "maleRatio": 1,
      "baseExperienceYield": 112,
      "baseFriendship": 50,
      "evYield": {
        "hp": 0,
        "attack": 0,
        "defence": 0,
        "special_attack": 0,
        "special_defence": 0,
        "speed": 2
      },
      "experienceGroup": "medium_fast",
      "eggCycles": 10,
      "eggGroups": [
        "undiscovered"
      ],
      "moves": [
        "1:charm",
        "1:nastyplot",
        "1:sweetkiss",
        "1:tailwhip",
        "1:thundershock",
        "5:growl",
        "7:playnice",
        "10:quickattack",
        "13:electroball",
        "18:thunderwave",
        "21:feint",
        "23:doubleteam",
        "26:spark",
        "28:irontail",
        "29:nuzzle",
        "34:discharge",
        "37:slam",
        "42:thunderbolt",
        "45:agility",
        "50:wildcharge",
        "53:lightscreen",
        "58:thunder",
        "100:charge",
        "100:disarmingvoice",
        "100:fakeout",
        "100:flail",
        "100:present",
        "100:tickle",
        "100:wish",
        "100:agility",
        "100:attract",
        "100:bodyslam",
        "100:brickbreak",
        "100:chargebeam",
        "100:charm",
        "100:confide",
        "100:dig",
        "100:disarmingvoice",
        "100:doubleteam",
        "100:drainingkiss",
        "100:echoedvoice",
        "100:eerieimpulse",
        "100:electricterrain",
        "100:electroball",
        "100:electroweb",
        "100:encore",
        "100:endure",
        "100:facade",
        "100:faketears",
        "100:fling",
        "100:frustration",
        "100:grassknot",
        "100:helpinghand",
        "100:hiddenpower",
        "100:irontail",
        "100:lightscreen",
        "100:megakick",
        "100:megapunch",
        "100:nastyplot",
        "100:payday",
        "100:playrough",
        "100:protect",
        "100:raindance",
        "100:reflect",
        "100:rest",
        "100:return",
        "100:reversal",
        "100:round",
        "100:sleeptalk",
        "100:snore",
        "100:substitute",
        "100:surf",
        "100:swagger",
        "100:swift",
        "100:takedown",
        "100:terablast",
        "100:thief",
        "100:thunder",
        "100:thunderbolt",
        "100:thunderpunch",
        "100:thunderwave",
        "100:toxic",
        "100:trailblaze",
        "100:uproar",
        "100:voltswitch",
        "100:wildcharge",
        "100:covet",
        "100:electroball",
        "100:electroweb",
        "100:focuspunch",
        "100:helpinghand",
        "100:irontail",
        "100:knockoff",
        "100:laserfocus",
        "100:magnetrise",
        "100:quickattack",
        "100:risingvoltage",
        "100:shockwave",
        "100:signalbeam",
        "100:snore",
        "100:thunderbolt",
        "100:thunderpunch",
        "100:volttackle"
      ],
      "labels": [
        "gen7"
      ],
      "aspects": [
        "kalos"
      ],
      "height": 4,
      "weight": 60,
      "evolutions": [],
      "cannotDynamax": false,
      "battleOnly": false
    },
    {
      "name": "Alola",
      "primaryType": "electric",
      "abilities": [
        "static",
        "h:lightningrod"
      ],
      "baseStats": {
        "hp": 35,
        "attack": 55,
        "defence": 40,
        "special_attack": 50,
        "special_defence": 50,
        "speed": 90
      },
      "catchRate": 190,
      "maleRatio": 1,
      "baseExperienceYield": 112,
      "baseFriendship": 50,
      "evYield": {
        "hp": 0,
        "attack": 0,
        "defence": 0,
        "special_attack": 0,
        "special_defence": 0,
        "speed": 2
      },
      "experienceGroup": "medium_fast",
      "eggCycles": 10,
      "eggGroups": [
        "undiscovered"
      ],
      "moves": [
        "1:charm",
        "1:nastyplot",
        "1:sweetkiss",
        "1:tailwhip",
        "1:thundershock",
        "5:growl",
        "7:playnice",
        "10:quickattack",
        "13:electroball",
        "18:thunderwave",
        "21:feint",
        "23:doubleteam",
        "26:spark",
        "28:irontail",
        "29:nuzzle",
        "34:discharge",
        "37:slam",
        "42:thunderbolt",
        "45:agility",
        "50:wildcharge",
        "53:lightscreen",
        "58:thunder",
        "100:charge",
        "100:disarmingvoice",
        "100:fakeout",
        "100:flail",
        "100:present",
        "100:tickle",
        "100:wish",
        "100:agility",
        "100:attract",
        "100:bodyslam",
        "100:brickbreak",
        "100:chargebeam",
        "100:charm",
        "100:confide",
        "100:dig",
        "100:disarmingvoice",
        "100:doubleteam",
        "100:drainingkiss",
        "100:echoedvoice",
        "100:eerieimpulse",
        "100:electricterrain",
        "100:electroball",
        "100:electroweb",
        "100:encore",
        "100:endure",
        "100:facade",
        "100:faketears",
        "100:fling",
        "100:frustration",
        "100:grassknot",
        "100:helpinghand",
        "100:hiddenpower",
        "100:irontail",
        "100:lightscreen",
        "100:megakick",
        "100:megapunch",
        "100:nastyplot",
        "100:payday",
        "100:playrough",
        "100:protect",
        "100:raindance",
        "100:reflect",
        "100:rest",
        "100:return",
        "100:reversal",
        "100:round",
        "100:sleeptalk",
        "100:snore",
        "100:substitute",
        "100:surf",
        "100:swagger",
        "100:swift",
        "100:takedown",
        "100:terablast",
        "100:thief",
        "100:thunder",
        "100:thunderbolt",
        "100:thunderpunch",
        "100:thunderwave",
        "100:toxic",
        "100:trailblaze",
        "100:uproar",
        "100:voltswitch",
        "100:wildcharge",
        "100:covet",
        "100:electroball",
        "100:electroweb",
        "100:focuspunch",
        "100:helpinghand",
        "100:irontail",
        "100:knockoff",
        "100:laserfocus",
        "100:magnetrise",
        "100:quickattack",
        "100:risingvoltage",
        "100:shockwave",
        "100:signalbeam",
        "100:snore",
        "100:thunderbolt",
        "100:thunderpunch",
        "100:volttackle"
      ],
      "labels": [
        "gen7",
        "alola_regional"
      ],
      "aspects": [
        "alolan"
      ],
      "height": 4,
      "weight": 60,
      "evolutions": [],
      "cannotDynamax": false,
      "battleOnly": false
    },
    {
      "name": "Partner",
      "primaryType": "electric",
      "abilities": [
        "static",
        "h:lightningrod"
      ],
      "baseStats": {
        "hp": 35,
        "attack": 55,
        "defence": 40,
        "special_attack": 50,
        "special_defence": 50,
        "speed": 90
      },
      "catchRate": 190,
      "maleRatio": 1,
      "baseExperienceYield": 112,
      "baseFriendship": 50,
      "evYield": {
        "hp": 0,
        "attack": 0,
        "defence": 0,
        "special_attack": 0,
        "special_defence": 0,
        "speed": 2
      },
      "experienceGroup": "medium_fast",
      "eggCycles": 10,
      "eggGroups": [
        "undiscovered"
      ],
      "moves": [
        "1:charm",
        "1:nastyplot",
        "1:sweetkiss",
        "1:tailwhip",
        "1:thundershock",
        "5:growl",
        "7:playnice",
        "10:quickattack",
        "13:electroball",
        "18:thunderwave",
        "21:feint",
        "23:doubleteam",
        "26:spark",
        "28:irontail",
        "29:nuzzle",
        "34:discharge",
        "37:slam",
        "42:thunderbolt",
        "45:agility",
        "50:wildcharge",
        "53:lightscreen",
        "58:thunder",
        "100:charge",
        "100:disarmingvoice",
        "100:fakeout",
        "100:flail",
        "100:present",
        "100:tickle",
        "100:wish",
        "100:agility",
        "100:attract",
        "100:bodyslam",
        "100:brickbreak",
        "100:chargebeam",
        "100:charm",
        "100:confide",
        "100:dig",
        "100:disarmingvoice",
        "100:doubleteam",
        "100:drainingkiss",
        "100:echoedvoice",
        "100:eerieimpulse",
        "100:electricterrain",
        "100:electroball",
        "100:electroweb",
        "100:encore",
        "100:endure",
        "100:facade",
        "100:faketears",
        "100:fling",
        "100:frustration",
        "100:grassknot",
        "100:helpinghand",
        "100:hiddenpower",
        "100:irontail",
        "100:lightscreen",
        "100:megakick",
        "100:megapunch",
        "100:nastyplot",
        "100:payday",
        "100:playrough",
        "100:protect",
        "100:raindance",
        "100:reflect",
        "100:rest",
        "100:return",
        "100:reversal",
        "100:round",
        "100:sleeptalk",
        "100:snore",
        "100:substitute",
        "100:surf",
        "100:swagger",
        "100:swift",
        "100:takedown",
        "100:terablast",
        "100:thief",
        "100:thunder",
        "100:thunderbolt",
        "100:thunderpunch",
        "100:thunderwave",
        "100:toxic",
        "100:trailblaze",
        "100:uproar",
        "100:voltswitch",
        "100:wildcharge",
        "100:covet",
        "100:electroweb",
        "100:focuspunch",
        "100:helpinghand",
        "100:irontail",
        "100:knockoff",
        "100:laserfocus",
        "100:magnetrise",
        "100:quickattack",
        "100:risingvoltage",
        "100:shockwave",
        "100:signalbeam",
        "100:snore",
        "100:thunder",
        "100:thunderbolt",
        "100:thunderpunch",
        "100:volttackle"
      ],
      "labels": [
        "gen7"
      ],
      "aspects": [
        "partner"
      ],
      "height": 4,
      "weight": 60,
      "evolutions": [],
      "cannotDynamax": false,
      "battleOnly": false
    },
    {
      "name": "Starter",
      "primaryType": "electric",
      "abilities": [
        "static",
        "h:lightningrod"
      ],
      "baseStats": {
        "hp": 45,
        "attack": 80,
        "defence": 50,
        "special_attack": 75,
        "special_defence": 60,
        "speed": 120
      },
      "catchRate": 190,
      "maleRatio": 0.5,
      "baseExperienceYield": 86,
      "baseFriendship": 50,
      "evYield": {
        "hp": 0,
        "attack": 0,
        "defence": 0,
        "special_attack": 0,
        "special_defence": 0,
        "speed": 2
      },
      "experienceGroup": "medium_fast",
      "eggCycles": 10,
      "eggGroups": [
        "undiscovered"
      ],
      "moves": [
        "1:growl",
        "1:thundershock",
        "3:tailwhip",
        "6:quickattack",
        "9:doublekick",
        "12:doubleteam",
        "15:thunderwave",
        "18:lightscreen",
        "21:thunderbolt",
        "24:slam",
        "27:agility",
        "30:thunder",
        "100:brickbreak",
        "100:calmmind",
        "100:dig",
        "100:facade",
        "100:headbutt",
        "100:helpinghand",
        "100:irontail",
        "100:lightscreen",
        "100:payday",
        "100:protect",
        "100:reflect",
        "100:rest",
        "100:seismictoss",
        "100:substitute",
        "100:thunder",
        "100:thunderbolt",
        "100:thunderpunch",
        "100:thunderwave",
        "100:toxic",
        "100:agility",
        "100:brickbreak",
        "100:calmmind",
        "100:dig",
        "100:doublekick",
        "100:doubleteam",
        "100:facade",
        "100:floatyfall",
        "100:growl",
        "100:headbutt",
        "100:helpinghand",
        "100:irontail",
        "100:lightscreen",
        "100:payday",
        "100:pikapapow",
        "100:protect",
        "100:quickattack",
        "100:reflect",
        "100:rest",
        "100:seismictoss",
        "100:slam",
        "100:splishysplash",
        "100:substitute",
        "100:tailwhip",
        "100:thunder",
        "100:thunderbolt",
        "100:thunderpunch",
        "100:thundershock",
        "100:thunderwave",
        "100:toxic",
        "100:zippyzap"
      ],
      "labels": [
        "gen7"
      ],
      "aspects": [
        "starter"
      ],
      "height": 4,
      "weight": 60,
      "evolutions": [],
      "cannotDynamax": false,
      "battleOnly": false
    },
    {
      "name": "Gmax",
      "primaryType": "electric",
      "abilities": [
        "static",
        "h:lightningrod"
      ],
      "baseStats": {
        "hp": 35,
        "attack": 55,
        "defence": 40,
        "special_attack": 50,
        "special_defence": 50,
        "speed": 90
      },
      "catchRate": 190,
      "maleRatio": 0.5,
      "baseExperienceYield": 112,
      "baseFriendship": 50,
      "evYield": {
        "hp": 0,
        "attack": 0,
        "defence": 0,
        "special_attack": 0,
        "special_defence": 0,
        "speed": 2
      },
      "experienceGroup": "medium_fast",
      "eggCycles": 10,
      "eggGroups": [
        "field",
        "fairy"
      ],
      "moves": [],
      "labels": [
        "gen8",
        "gmax"
      ],
      "aspects": [
        "gmax"
      ],
      "height": 210,
      "weight": 0,
      "evolutions": [],
      "cannotDynamax": false,
      "battleOnly": false
    },
    {
      "name": "World",
      "primaryType": "electric",
      "abilities": [
        "static",
        "h:lightningrod"
      ],
      "baseStats": {
        "hp": 35,
        "attack": 55,
        "defence": 40,
        "special_attack": 50,
        "special_defence": 50,
        "speed": 90
      },
      "catchRate": 190,
      "maleRatio": 1,
      "baseExperienceYield": 112,
      "baseFriendship": 50,
      "evYield": {
        "hp": 0,
        "attack": 0,
        "defence": 0,
        "special_attack": 0,
        "special_defence": 0,
        "speed": 2
      },
      "experienceGroup": "medium_fast",
      "eggCycles": 10,
      "eggGroups": [
        "undiscovered"
      ],
      "moves": [
        "1:charm",
        "1:growl",
        "1:nastyplot",
        "1:nuzzle",
        "1:playnice",
        "1:quickattack",
        "1:sweetkiss",
        "1:tailwhip",
        "1:thundershock",
        "4:thunderwave",
        "8:doubleteam",
        "12:electroball",
        "16:feint",
        "20:spark",
        "24:agility",
        "28:irontail",
        "28:slam",
        "32:discharge",
        "36:thunderbolt",
        "40:lightscreen",
        "44:thunder",
        "100:charge",
        "100:disarmingvoice",
        "100:fakeout",
        "100:flail",
        "100:present",
        "100:tickle",
        "100:wish",
        "100:agility",
        "100:attract",
        "100:bodyslam",
        "100:brickbreak",
        "100:chargebeam",
        "100:charm",
        "100:dig",
        "100:disarmingvoice",
        "100:drainingkiss",
        "100:eerieimpulse",
        "100:electricterrain",
        "100:electroball",
        "100:electroweb",
        "100:encore",
        "100:endure",
        "100:facade",
        "100:faketears",
        "100:fling",
        "100:grassknot",
        "100:helpinghand",
        "100:irontail",
        "100:lightscreen",
        "100:megakick",
        "100:megapunch",
        "100:nastyplot",
        "100:payday",
        "100:playrough",
        "100:protect",
        "100:raindance",
        "100:reflect",
        "100:rest",
        "100:reversal",
        "100:round",
        "100:sleeptalk",
        "100:snore",
        "100:substitute",
        "100:surf",
        "100:swift",
        "100:takedown",
        "100:terablast",
        "100:thief",
        "100:thunder",
        "100:thunderbolt",
        "100:thunderpunch",
        "100:thunderwave",
        "100:trailblaze",
        "100:uproar",
        "100:voltswitch",
        "100:wildcharge",
        "100:electroweb",
        "100:irontail",
        "100:quickattack",
        "100:risingvoltage",
        "100:thunderbolt",
        "100:volttackle"
      ],
      "labels": [
        "gen8"
      ],
      "aspects": [
        "world"
      ],
      "height": 4,
      "weight": 60,
      "evolutions": [],
      "cannotDynamax": false,
      "battleOnly": false
    }
  ],
  "baseExperienceYield": 112,
  "experienceGroup": "medium_fast",
  "eggCycles": 10,
  "eggGroups": [
    "field",
    "fairy"
  ],
  "moves": [
    "1:charm",
    "1:growl",
    "1:nastyplot",
    "1:sweetkiss",
    "1:thundershock",
    "6:tailwhip",
    "7:playnice",
    "8:thunderwave",
    "11:quickattack",
    "15:doubleteam",
    "18:electroball",
    "20:slam",
    "23:nuzzle",
    "26:spark",
    "26:thunderbolt",
    "28:irontail",
    "29:feint",
    "33:agility",
    "37:discharge",
    "41:thunder",
    "50:lightscreen",
    "50:wildcharge",
    "100:agility",
    "100:attract",
    "100:bodyslam",
    "100:brickbreak",
    "100:captivate",
    "100:chargebeam",
    "100:charm",
    "100:confide",
    "100:dig",
    "100:disarmingvoice",
    "100:doubleteam",
    "100:drainingkiss",
    "100:echoedvoice",
    "100:eerieimpulse",
    "100:electricterrain",
    "100:electroball",
    "100:electroweb",
    "100:encore",
    "100:endure",
    "100:facade",
    "100:faketears",
    "100:flash",
    "100:fling",
    "100:focuspunch",
    "100:frustration",
    "100:grassknot",
    "100:helpinghand",
    "100:hiddenpower",
    "100:irontail",
    "100:lightscreen",
    "100:megakick",
    "100:megapunch",
    "100:nastyplot",
    "100:naturalgift",
    "100:payday",
    "100:playrough",
    "100:protect",
    "100:raindance",
    "100:reflect",
    "100:rest",
    "100:return",
    "100:reversal",
    "100:rocksmash",
    "100:round",
    "100:secretpower",
    "100:shockwave",
    "100:sleeptalk",
    "100:snore",
    "100:strength",
    "100:substitute",
    "100:surf",
    "100:swagger",
    "100:swift",
    "100:takedown",
    "100:terablast",
    "100:thief",
    "100:thunder",
    "100:thunderbolt",
    "100:thunderpunch",
    "100:thunderwave",
    "100:toxic",
    "100:trailblaze",
    "100:uproar",
    "100:voltswitch",
    "100:wildcharge",
    "100:agility",
    "100:attract",
    "100:bestow",
    "100:bide",
    "100:bodyslam",
    "100:brickbreak",
    "100:calmmind",
    "100:celebrate",
    "100:charm",
    "100:counter",
    "100:covet",
    "100:curse",
    "100:defensecurl",
    "100:detect",
    "100:dig",
    "100:discharge",
    "100:doubleedge",
    "100:doublekick",
    "100:doubleteam",
    "100:dynamicpunch",
    "100:electroball",
    "100:electroweb",
    "100:encore",
    "100:endeavor",
    "100:endure",
    "100:extremespeed",
    "100:facade",
    "100:fakeout",
    "100:feint",
    "100:flash",
    "100:fly",
    "100:focuspunch",
    "100:frustration",
    "100:grassknot",
    "100:growl",
    "100:happyhour",
    "100:headbutt",
    "100:heartstamp",
    "100:helpinghand",
    "100:hiddenpower",
    "100:holdhands",
    "100:irontail",
    "100:knockoff",
    "100:laserfocus",
    "100:lastresort",
    "100:lightscreen",
    "100:magnetrise",
    "100:megakick",
    "100:megapunch",
    "100:mimic",
    "100:mudslap",
    "100:nuzzle",
    "100:payday",
    "100:playnice",
    "100:present",
    "100:protect",
    "100:quickattack",
    "100:rage",
    "100:raindance",
    "100:reflect",
    "100:refresh",
    "100:rest",
    "100:return",
    "100:risingvoltage",
    "100:rollout",
    "100:seismictoss",
    "100:shockwave",
    "100:signalbeam",
    "100:sing",
    "100:skullbash",
    "100:slam",
    "100:sleeptalk",
    "100:snore",
    "100:strength",
    "100:submission",
    "100:substitute",
    "100:surf",
    "100:swagger",
    "100:sweetkiss",
    "100:sweetscent",
    "100:swift",
    "100:tailwhip",
    "100:takedown",
    "100:teeterdance",
    "100:thunder",
    "100:thunderbolt",
    "100:thunderpunch",
    "100:thundershock",
    "100:thunderwave",
    "100:toxic",
    "100:voltswitch",
    "100:volttackle",
    "100:wish",
    "100:yawn",
    "100:zapcannon"
  ],
  "labels": [
    "gen1",
    "kanto_regional"
  ],
  "pokedex": [
    "cobblemon.species.pikachu.desc"
  ],
  "preEvolution": "pichu",
  "evolutions": [
    {
      "id": "pikachu_raichu",
      "variant": "item_interact",
      "result": "raichu",
      "consumeHeldItem": false,
      "learnableMoves": [
        "thunderpunch"
      ],
      "requirements": [],
      "requiredContext": "cobblemon:thunder_stone"
    },
    {
      "id": "pikachu_raichu",
      "variant": "item_interact",
      "result": "raichu form=alola",
      "consumeHeldItem": false,
      "learnableMoves": [
        "psychic"
      ],
      "requirements": [],
      "requiredContext": "cobblemon:thunder_stone"
    }
  ],
  "baseScale": 0.5,
  "hitbox": {
    "width": 0.7,
    "height": 1.3,
    "fixed": false
  },
  "baseFriendship": 50,
  "evYield": {
    "hp": 0,
    "attack": 0,
    "defence": 0,
    "special_attack": 0,
    "special_defence": 0,
    "speed": 2
  },
  "height": 4,
  "weight": 60,
  "aspects": [],
  "cannotDynamax": false
}