{
  "implemented": true,
  "name": "Pinsir",
  "nationalPokedexNumber": 127,
  "primaryType": "bug",
  "abilities": [
    "hypercutter",
    "moldbreaker",
    "h:moxie"
  ],
  "baseStats": {
    "hp": 65,
    "attack": 125,
    "defence": 100,
    "special_attack": 55,
    "special_defence": 70,
    "speed": 85
  },
  "catchRate": 45,
  "maleRatio": 0.5,
  "shoulderMountable": false,
  "forms": [
    {
      "name": "Mega",
      "primaryType": "bug",
      "secondaryType": "flying",
      "abilities": [
        "aerilate"
      ],
      "baseStats": {
        "hp": 65,
        "attack": 155,
        "defence": 120,
        "special_attack": 65,
        "special_defence": 90,
        "speed": 105
      },
      "catchRate": 45,
      "maleRatio": 0.5,
      "baseExperienceYield": 210,
      "baseFriendship": 50,
      "evYield": {
        "hp": 0,
        "attack": 2,
        "defence": 0,
        "special_attack": 0,
        "special_defence": 0,
        "speed": 0
      },
      "experienceGroup": "slow",
      "eggCycles": 25,
      "eggGroups": [
        "bug"
      ],
      "moves": [],
      "labels": [
        "gen6",
        "mega"
      ],
      "aspects": [
        "mega"
      ],
      "height": 17,
      "weight": 590,
      "evolutions": [],
      "cannotDynamax": false,
      "battleOnly": true
    }
  ],
  "baseExperienceYield": 175,
  "experienceGroup": "slow",
  "eggCycles": 25,
  "eggGroups": [
    "bug"
  ],
  "moves": [
    "1:focusenergy",
    "1:visegrip",
    "7:bind",
    "13:seismictoss",
    "16:bugbite",
    "19:harden",
    "22:doublehit",
    "25:revenge",
    "25:vitalthrow",
    "30:xscissor",
    "31:brickbreak",
    "33:stormthrow",
    "35:thrash",
    "36:strength",
    "37:guillotine",
    "43:submission",
    "49:swordsdance",
    "52:superpower",
    "100:bugbite",
    "100:closecombat",
    "100:falseswipe",
    "100:feint",
    "100:feintattack",
    "100:flail",
    "100:furyattack",
    "100:mefirst",
    "100:quickattack",
    "100:superpower",
    "100:thrash",
    "100:attract",
    "100:bodyslam",
    "100:brickbreak",
    "100:brutalswing",
    "100:bulkup",
    "100:bulldoze",
    "100:captivate",
    "100:closecombat",
    "100:confide",
    "100:cut",
    "100:dig",
    "100:doubleteam",
    "100:earthquake",
    "100:endure",
    "100:facade",
    "100:falseswipe",
    "100:fling",
    "100:focusblast",
    "100:focusenergy",
    "100:focuspunch",
    "100:frustration",
    "100:gigaimpact",
    "100:helpinghand",
    "100:hiddenpower",
    "100:highhorsepower",
    "100:hyperbeam",
    "100:irondefense",
    "100:naturalgift",
    "100:protect",
    "100:raindance",
    "100:rest",
    "100:return",
    "100:revenge",
    "100:reversal",
    "100:rockclimb",
    "100:rockslide",
    "100:rocksmash",
    "100:rocktomb",
    "100:round",
    "100:secretpower",
    "100:sleeptalk",
    "100:smackdown",
    "100:snore",
    "100:stealthrock",
    "100:stoneedge",
    "100:strength",
    "100:strugglebug",
    "100:substitute",
    "100:sunnyday",
    "100:superpower",
    "100:swagger",
    "100:swordsdance",
    "100:thief",
    "100:throatchop",
    "100:toxic",
    "100:xscissor",
    "100:attract",
    "100:bide",
    "100:bind",
    "100:bodyslam",
    "100:brickbreak",
    "100:bugbite",
    "100:bulkup",
    "100:closecombat",
    "100:curse",
    "100:cut",
    "100:dig",
    "100:doubleedge",
    "100:doubleteam",
    "100:earthquake",
    "100:endure",
    "100:facade",
    "100:falseswipe",
    "100:feint",
    "100:flail",
    "100:focusenergy",
    "100:focuspunch",
    "100:frustration",
    "100:furyattack",
    "100:furycutter",
    "100:guillotine",
    "100:harden",
    "100:headbutt",
    "100:helpinghand",
    "100:hiddenpower",
    "100:hyperbeam",
    "100:irondefense",
    "100:knockoff",
    "100:mefirst",
    "100:mimic",
    "100:outrage",
    "100:protect",
    "100:quickattack",
    "100:rage",
    "100:rest",
    "100:return",
    "100:rockslide",
    "100:rocksmash",
    "100:seismictoss",
    "100:slash",
    "100:sleeptalk",
    "100:snore",
    "100:stealthrock",
    "100:stoneedge",
    "100:strength",
    "100:stringshot",
    "100:submission",
    "100:substitute",
    "100:sunnyday",
    "100:superpower",
    "100:swagger",
    "100:swordsdance",
    "100:takedown",
    "100:thief",
    "100:thrash",
    "100:throatchop",
    "100:toxic",
    "100:visegrip",
    "100:xscissor"
  ],
  "labels": [
    "gen1"
  ],
  "pokedex": [
    "cobblemon.species.pinsir.desc"
  ],
  "evolutions": [],
  "baseScale": 0.75,
  "hitbox": {
    "width": 1,
    "height": 1.45,
    "fixed": false
  },
  "baseFriendship": 50,
  "evYield": {
    "hp": 0,
    "attack": 2,
    "defence": 0,
    "special_attack": 0,
    "special_defence": 0,
    "speed": 0
  },
  "height": 15,
  "weight": 550,
  "aspects": [],
  "cannotDynamax": false
}