{
  "implemented": true,
  "name": "Poliwrath",
  "nationalPokedexNumber": 62,
  "primaryType": "water",
  "secondaryType": "fighting",
  "abilities": [
    "waterabsorb",
    "damp",
    "h:swiftswim"
  ],
  "baseStats": {
    "hp": 90,
    "attack": 95,
    "defence": 95,
    "special_attack": 70,
    "special_defence": 90,
    "speed": 70
  },
  "catchRate": 45,
  "maleRatio": 0.5,
  "shoulderMountable": false,
  "baseExperienceYield": 255,
  "experienceGroup": "medium_slow",
  "eggCycles": 20,
  "eggGroups": [
    "water_1"
  ],
  "behaviour": {
    "moving": {
      "swim": {
        "canSwimInWater": true,
        "canBreatheUnderwater": true
      }
    },
    "resting": {
      "canSleep": true,
      "willSleepOnBed": false,
      "depth": "normal",
      "light": "0-4"
    }
  },
  "moves": [
    "1:bellydrum",
    "1:bodyslam",
    "1:bubblebeam",
    "1:doubleedge",
    "1:doubleslap",
    "1:earthpower",
    "1:hydropump",
    "1:hypnosis",
    "1:mudshot",
    "1:pound",
    "1:raindance",
    "1:submission",
    "1:watergun",
    "43:dynamicpunch",
    "51:mindreader",
    "53:circlethrow",
    "100:attract",
    "100:blizzard",
    "100:bodyslam",
    "100:brickbreak",
    "100:bulkup",
    "100:bulldoze",
    "100:captivate",
    "100:closecombat",
    "100:confide",
    "100:darkestlariat",
    "100:dig",
    "100:dive",
    "100:doubleteam",
    "100:drainpunch",
    "100:earthpower",
    "100:earthquake",
    "100:encore",
    "100:endure",
    "100:facade",
    "100:fling",
    "100:focusblast",
    "100:focuspunch",
    "100:frustration",
    "100:gigaimpact",
    "100:hail",
    "100:helpinghand",
    "100:hiddenpower",
    "100:highhorsepower",
    "100:hydropump",
    "100:hyperbeam",
    "100:icebeam",
    "100:icepunch",
    "100:icywind",
    "100:liquidation",
    "100:lowsweep",
    "100:megakick",
    "100:megapunch",
    "100:metronome",
    "100:muddywater",
    "100:mudshot",
    "100:naturalgift",
    "100:payback",
    "100:poisonjab",
    "100:poweruppunch",
    "100:protect",
    "100:psychic",
    "100:raindance",
    "100:rest",
    "100:return",
    "100:reversal",
    "100:rockclimb",
    "100:rockslide",
    "100:rocksmash",
    "100:rocktomb",
    "100:round",
    "100:scald",
    "100:secretpower",
    "100:sleeptalk",
    "100:snore",
    "100:strength",
    "100:substitute",
    "100:superpower",
    "100:surf",
    "100:swagger",
    "100:thief",
    "100:throatchop",
    "100:toxic",
    "100:waterfall",
    "100:waterpulse",
    "100:whirlpool",
    "100:workup",
    "100:attract",
    "100:bide",
    "100:blizzard",
    "100:bodyslam",
    "100:brickbreak",
    "100:bubble",
    "100:bubblebeam",
    "100:bulkup",
    "100:coaching",
    "100:counter",
    "100:curse",
    "100:defensecurl",
    "100:detect",
    "100:dig",
    "100:dive",
    "100:doubleedge",
    "100:doubleslap",
    "100:doubleteam",
    "100:dualchop",
    "100:dynamicpunch",
    "100:earthquake",
    "100:endeavor",
    "100:endure",
    "100:facade",
    "100:fissure",
    "100:focuspunch",
    "100:frustration",
    "100:haze",
    "100:headbutt",
    "100:helpinghand",
    "100:hiddenpower",
    "100:hydropump",
    "100:hyperbeam",
    "100:hypnosis",
    "100:icebeam",
    "100:icepunch",
    "100:icywind",
    "100:megakick",
    "100:megapunch",
    "100:metronome",
    "100:mimic",
    "100:mindreader",
    "100:mist",
    "100:mudslap",
    "100:poisonjab",
    "100:pound",
    "100:protect",
    "100:psychic",
    "100:psywave",
    "100:rage",
    "100:raindance",
    "100:rest",
    "100:return",
    "100:rockslide",
    "100:rocksmash",
    "100:scald",
    "100:seismictoss",
    "100:skullbash",
    "100:sleeptalk",
    "100:snore",
    "100:strength",
    "100:submission",
    "100:substitute",
    "100:superpower",
    "100:surf",
    "100:swagger",
    "100:takedown",
    "100:thief",
    "100:throatchop",
    "100:toxic",
    "100:vacuumwave",
    "100:waterfall",
    "100:watergun",
    "100:waterpulse",
    "100:whirlpool"
  ],
  "labels": [
    "gen1"
  ],
  "pokedex": [
    "cobblemon.species.poliwrath.desc"
  ],
  "preEvolution": "poliwhirl",
  "evolutions": [],
  "baseScale": 1.1,
  "hitbox": {
    "width": 1,
    "height": 1.3,
    "fixed": false
  },
  "baseFriendship": 50,
  "evYield": {
    "hp": 0,
    "attack": 0,
    "defence": 3,
    "special_attack": 0,
    "special_defence": 0,
    "speed": 0
  },
  "height": 13,
  "weight": 540,
  "aspects": [],
  "cannotDynamax": false
}