{
  "implemented": true,
  "name": "Raticate",
  "nationalPokedexNumber": 20,
  "primaryType": "normal",
  "abilities": [
    "runaway",
    "guts",
    "h:hustle"
  ],
  "baseStats": {
    "hp": 55,
    "attack": 81,
    "defence": 60,
    "special_attack": 50,
    "special_defence": 70,
    "speed": 97
  },
  "behaviour": {
    "resting": {
      "canSleep": true,
      "willSleepOnBed": false,
      "depth": "normal",
      "light": "0-4"
    }
  },
  "features": [
    "alolan"
  ],
  "catchRate": 127,
  "maleRatio": 0.5,
  "shoulderMountable": false,
  "forms": [
    {
      "name": "Alola",
      "primaryType": "dark",
      "secondaryType": "normal",
      "abilities": [
        "gluttony",
        "hustle",
        "h:thickfat"
      ],
      "baseStats": {
        "hp": 75,
        "attack": 71,
        "defence": 70,
        "special_attack": 40,
        "special_defence": 80,
        "speed": 77
      },
      "catchRate": 127,
      "maleRatio": 0.5,
      "baseExperienceYield": 145,
      "baseFriendship": 70,
      "evYield": {
        "hp": 0,
        "attack": 0,
        "defence": 0,
        "special_attack": 0,
        "special_defence": 0,
        "speed": 2
      },
      "experienceGroup": "medium_fast",
      "eggCycles": 15,
      "eggGroups": [
        "field"
      ],
      "moves": [
        "1:focusenergy",
        "1:quickattack",
        "1:scaryface",
        "1:swordsdance",
        "1:tackle",
        "1:tailwhip",
        "10:bite",
        "13:pursuit",
        "16:hyperfang",
        "19:assurance",
        "24:crunch",
        "29:suckerpunch",
        "34:superfang",
        "39:doubleedge",
        "44:endeavor",
        "100:attract",
        "100:blizzard",
        "100:bulkup",
        "100:confide",
        "100:darkpulse",
        "100:doubleteam",
        "100:embargo",
        "100:facade",
        "100:frustration",
        "100:gigaimpact",
        "100:grassknot",
        "100:hiddenpower",
        "100:hyperbeam",
        "100:icebeam",
        "100:protect",
        "100:quash",
        "100:raindance",
        "100:rest",
        "100:return",
        "100:roar",
        "100:round",
        "100:shadowball",
        "100:shadowclaw",
        "100:sleeptalk",
        "100:sludgebomb",
        "100:sludgewave",
        "100:snarl",
        "100:substitute",
        "100:sunnyday",
        "100:swagger",
        "100:swordsdance",
        "100:taunt",
        "100:thief",
        "100:torment",
        "100:toxic",
        "100:uturn",
        "100:venoshock",
        "100:bite",
        "100:blizzard",
        "100:bulkup",
        "100:counter",
        "100:covet",
        "100:crunch",
        "100:darkpulse",
        "100:dig",
        "100:doubleedge",
        "100:endeavor",
        "100:facade",
        "100:focusenergy",
        "100:furyswipes",
        "100:headbutt",
        "100:hyperbeam",
        "100:hyperfang",
        "100:icebeam",
        "100:icywind",
        "100:irontail",
        "100:knockoff",
        "100:lastresort",
        "100:protect",
        "100:quickattack",
        "100:rest",
        "100:shadowball",
        "100:shockwave",
        "100:sludgebomb",
        "100:snatch",
        "100:snore",
        "100:stompingtantrum",
        "100:substitute",
        "100:suckerpunch",
        "100:superfang",
        "100:swordsdance",
        "100:tackle",
        "100:tailwhip",
        "100:taunt",
        "100:throatchop",
        "100:toxic",
        "100:uproar",
        "100:uturn",
        "100:zenheadbutt"
      ],
      "labels": [
        "gen7",
        "alola_regional"
      ],
      "aspects": [
        "alolan"
      ],
      "height": 7,
      "weight": 255,
      "preEvolution": "rattata form=alola",
      "evolutions": [],
      "cannotDynamax": false,
      "battleOnly": false
    },
    {
      "name": "Alola-Totem",
      "primaryType": "dark",
      "secondaryType": "normal",
      "abilities": [
        "thickfat"
      ],
      "baseStats": {
        "hp": 75,
        "attack": 71,
        "defence": 70,
        "special_attack": 40,
        "special_defence": 80,
        "speed": 77
      },
      "catchRate": 127,
      "maleRatio": 0.5,
      "baseExperienceYield": 145,
      "baseFriendship": 70,
      "evYield": {
        "hp": 0,
        "attack": 0,
        "defence": 0,
        "special_attack": 0,
        "special_defence": 0,
        "speed": 2
      },
      "experienceGroup": "medium_fast",
      "eggCycles": 15,
      "eggGroups": [
        "field"
      ],
      "moves": [
        "1:focusenergy",
        "1:quickattack",
        "1:scaryface",
        "1:swordsdance",
        "1:tackle",
        "1:tailwhip",
        "10:bite",
        "13:pursuit",
        "16:hyperfang",
        "19:assurance",
        "24:crunch",
        "29:suckerpunch",
        "34:superfang",
        "39:doubleedge",
        "44:endeavor",
        "100:attract",
        "100:blizzard",
        "100:bulkup",
        "100:confide",
        "100:darkpulse",
        "100:doubleteam",
        "100:embargo",
        "100:facade",
        "100:frustration",
        "100:gigaimpact",
        "100:grassknot",
        "100:hiddenpower",
        "100:hyperbeam",
        "100:icebeam",
        "100:protect",
        "100:quash",
        "100:raindance",
        "100:rest",
        "100:return",
        "100:roar",
        "100:round",
        "100:shadowball",
        "100:shadowclaw",
        "100:sleeptalk",
        "100:sludgebomb",
        "100:sludgewave",
        "100:snarl",
        "100:substitute",
        "100:sunnyday",
        "100:swagger",
        "100:swordsdance",
        "100:taunt",
        "100:thief",
        "100:torment",
        "100:toxic",
        "100:uturn",
        "100:venoshock",
        "100:assurance",
        "100:bite",
        "100:covet",
        "100:endeavor",
        "100:hyperfang",
        "100:icywind",
        "100:irontail",
        "100:knockoff",
        "100:lastresort",
        "100:pursuit",
        "100:shockwave",
        "100:snatch",
        "100:snore",
        "100:stompingtantrum",
        "100:superfang",
        "100:throatchop",
        "100:uproar",
        "100:zenheadbutt"
      ],
      "labels": [
        "gen7",
        "totem"
      ],
      "aspects": [
        "alola-totem"
      ],
      "height": 14,
      "weight": 1050,
      "evolutions": [],
      "cannotDynamax": false,
      "battleOnly": false
    }
  ],
  "baseExperienceYield": 145,
  "experienceGroup": "medium_fast",
  "eggCycles": 15,
  "eggGroups": [
    "field"
  ],
  "moves": [
    "1:focusenergy",
    "1:quickattack",
    "1:swordsdance",
    "1:tackle",
    "1:tailwhip",
    "10:bite",
    "13:hyperfang",
    "19:suckerpunch",
    "20:scaryface",
    "24:crunch",
    "29:assurance",
    "30:pursuit",
    "39:doubleedge",
    "40:superfang",
    "50:endeavor",
    "100:attract",
    "100:blizzard",
    "100:captivate",
    "100:chargebeam",
    "100:confide",
    "100:cut",
    "100:dig",
    "100:doubleteam",
    "100:endure",
    "100:facade",
    "100:frustration",
    "100:gigaimpact",
    "100:grassknot",
    "100:hiddenpower",
    "100:hyperbeam",
    "100:icebeam",
    "100:irontail",
    "100:naturalgift",
    "100:pluck",
    "100:protect",
    "100:raindance",
    "100:rest",
    "100:retaliate",
    "100:return",
    "100:roar",
    "100:rocksmash",
    "100:round",
    "100:secretpower",
    "100:shadowball",
    "100:shockwave",
    "100:sleeptalk",
    "100:strength",
    "100:substitute",
    "100:sunnyday",
    "100:swagger",
    "100:swordsdance",
    "100:taunt",
    "100:thief",
    "100:thunder",
    "100:thunderbolt",
    "100:thunderwave",
    "100:toxic",
    "100:uturn",
    "100:wildcharge",
    "100:workup",
    "100:attract",
    "100:bide",
    "100:bite",
    "100:blizzard",
    "100:bodyslam",
    "100:bubblebeam",
    "100:counter",
    "100:covet",
    "100:crunch",
    "100:curse",
    "100:cut",
    "100:defensecurl",
    "100:dig",
    "100:doubleedge",
    "100:doubleteam",
    "100:endeavor",
    "100:endure",
    "100:facade",
    "100:focusenergy",
    "100:frustration",
    "100:furyswipes",
    "100:headbutt",
    "100:hiddenpower",
    "100:hyperbeam",
    "100:hyperfang",
    "100:icebeam",
    "100:icywind",
    "100:irontail",
    "100:lastresort",
    "100:mimic",
    "100:mudslap",
    "100:protect",
    "100:pursuit",
    "100:quickattack",
    "100:rage",
    "100:refresh",
    "100:rest",
    "100:return",
    "100:roar",
    "100:rocksmash",
    "100:scaryface",
    "100:shadowball",
    "100:shockwave",
    "100:skullbash",
    "100:sleeptalk",
    "100:snore",
    "100:stompingtantrum",
    "100:strength",
    "100:substitute",
    "100:suckerpunch",
    "100:sunnyday",
    "100:superfang",
    "100:swagger",
    "100:swift",
    "100:swordsdance",
    "100:tackle",
    "100:tailwhip",
    "100:takedown",
    "100:taunt",
    "100:thief",
    "100:throatchop",
    "100:thunder",
    "100:thunderbolt",
    "100:thunderwave",
    "100:toxic",
    "100:uproar",
    "100:uturn",
    "100:watergun",
    "100:zenheadbutt"
  ],
  "labels": [
    "gen1",
    "kanto_regional"
  ],
  "pokedex": [
    "cobblemon.species.raticate.desc"
  ],
  "preEvolution": "rattata",
  "evolutions": [],
  "baseScale": 0.8,
  "hitbox": {
    "width": 0.7,
    "height": 1.1,
    "fixed": false
  },
  "baseFriendship": 70,
  "evYield": {
    "hp": 0,
    "attack": 0,
    "defence": 0,
    "special_attack": 0,
    "special_defence": 0,
    "speed": 2
  },
  "height": 7,
  "weight": 185,
  "aspects": [],
  "cannotDynamax": false
}