{
  "implemented": true,
  "name": "Seadra",
  "nationalPokedexNumber": 117,
  "primaryType": "water",
  "abilities": [
    "poisonpoint",
    "sniper",
    "h:damp"
  ],
  "baseStats": {
    "hp": 55,
    "attack": 65,
    "defence": 95,
    "special_attack": 95,
    "special_defence": 45,
    "speed": 85
  },
  "catchRate": 75,
  "maleRatio": 0.5,
  "shoulderMountable": false,
  "baseExperienceYield": 154,
  "experienceGroup": "medium_fast",
  "eggCycles": 20,
  "eggGroups": [
    "water_1",
    "dragon"
  ],
  "behaviour": {
    "moving": {
      "swim": {
        "canSwimInWater": true,
        "canBreatheUnderwater": true
      }
    }
  },
  "drops": {
    "amount": "2",
    "entries": [
      {
        "item": "minecraft:prismarine_shard",
        "quantityRange": "1-2",
        "percentage": 66
      },
      {
        "item": "cobblemon:dragon_scale",
        "percentage": 5
      }
    ]
  },
  "moves": [
    "1:bubble",
    "1:leer",
    "1:smokescreen",
    "1:watergun",
    "14:focusenergy",
    "18:bubblebeam",
    "20:dragonbreath",
    "29:twister",
    "30:brine",
    "37:laserfocus",
    "40:agility",
    "51:hydropump",
    "57:dragonpulse",
    "62:dragondance",
    "65:raindance",
    "100:agility",
    "100:attract",
    "100:blizzard",
    "100:bounce",
    "100:brine",
    "100:captivate",
    "100:confide",
    "100:dive",
    "100:doubleteam",
    "100:dragondance",
    "100:dragonpulse",
    "100:endure",
    "100:facade",
    "100:flashcannon",
    "100:focusenergy",
    "100:frustration",
    "100:gigaimpact",
    "100:hail",
    "100:hiddenpower",
    "100:hydropump",
    "100:hyperbeam",
    "100:icebeam",
    "100:icywind",
    "100:liquidation",
    "100:muddywater",
    "100:naturalgift",
    "100:outrage",
    "100:protect",
    "100:raindance",
    "100:rest",
    "100:return",
    "100:round",
    "100:scald",
    "100:secretpower",
    "100:sleeptalk",
    "100:snore",
    "100:substitute",
    "100:surf",
    "100:swagger",
    "100:swift",
    "100:toxic",
    "100:waterfall",
    "100:waterpulse",
    "100:whirlpool",
    "100:agility",
    "100:attract",
    "100:bide",
    "100:blizzard",
    "100:bounce",
    "100:bubble",
    "100:bubblebeam",
    "100:clearsmog",
    "100:curse",
    "100:disable",
    "100:dive",
    "100:doubleedge",
    "100:doubleteam",
    "100:dragonbreath",
    "100:dragonpulse",
    "100:endure",
    "100:facade",
    "100:flashcannon",
    "100:flipturn",
    "100:focusenergy",
    "100:frustration",
    "100:headbutt",
    "100:hiddenpower",
    "100:hydropump",
    "100:hyperbeam",
    "100:icebeam",
    "100:icywind",
    "100:laserfocus",
    "100:leer",
    "100:mimic",
    "100:outrage",
    "100:protect",
    "100:rage",
    "100:raindance",
    "100:rest",
    "100:return",
    "100:scald",
    "100:scaleshot",
    "100:signalbeam",
    "100:skullbash",
    "100:sleeptalk",
    "100:smokescreen",
    "100:snore",
    "100:substitute",
    "100:surf",
    "100:swagger",
    "100:swift",
    "100:takedown",
    "100:toxic",
    "100:twister",
    "100:waterfall",
    "100:watergun",
    "100:waterpulse",
    "100:whirlpool"
  ],
  "labels": [
    "gen1"
  ],
  "pokedex": [
    "cobblemon.species.seadra.desc"
  ],
  "preEvolution": "horsea",
  "evolutions": [
    {
      "id": "seadra_kingdra",
      "variant": "trade",
      "result": "kingdra",
      "consumeHeldItem": true,
      "learnableMoves": [],
      "requirements": [
        {
          "variant": "held_item",
          "itemCondition": "cobblemon:dragon_scale"
        }
      ]
    }
  ],
  "baseScale": 0.8,
  "hitbox": {
    "width": 0.8,
    "height": 1.9,
    "fixed": false
  },
  "baseFriendship": 50,
  "evYield": {
    "hp": 0,
    "attack": 0,
    "defence": 1,
    "special_attack": 1,
    "special_defence": 0,
    "speed": 0
  },
  "height": 12,
  "weight": 250,
  "aspects": [],
  "cannotDynamax": false
}