{
  "implemented": true,
  "name": "Seaking",
  "nationalPokedexNumber": 119,
  "primaryType": "water",
  "abilities": [
    "swiftswim",
    "waterveil",
    "h:lightningrod"
  ],
  "baseStats": {
    "hp": 80,
    "attack": 92,
    "defence": 65,
    "special_attack": 65,
    "special_defence": 80,
    "speed": 68
  },
  "catchRate": 60,
  "maleRatio": 0.5,
  "shoulderMountable": false,
  "baseExperienceYield": 158,
  "experienceGroup": "medium_fast",
  "eggCycles": 20,
  "eggGroups": [
    "water_2"
  ],
  "behaviour": {
    "moving": {
      "canLook": false,
      "walk": {
        "avoidsLand": true
      },
      "swim": {
        "swimSpeed": 0.1,
        "canSwimInWater": true,
        "canBreatheUnderwater": true
      }
    }
  },
  "drops": {
    "amount": "2",
    "entries": [
      {
        "item": "minecraft:salmon"
      },
      {
        "item": "minecraft:bone_meal",
        "percentage": 10
      }
    ]
  },
  "moves": [
    "1:peck",
    "1:poisonjab",
    "1:supersonic",
    "1:tailwhip",
    "1:watersport",
    "15:hornattack",
    "17:waterpulse",
    "24:flail",
    "27:aquaring",
    "29:furyattack",
    "41:waterfall",
    "49:horndrill",
    "61:agility",
    "63:soak",
    "69:megahorn",
    "100:agility",
    "100:attract",
    "100:blizzard",
    "100:bodyslam",
    "100:bounce",
    "100:captivate",
    "100:confide",
    "100:dive",
    "100:doubleteam",
    "100:drillrun",
    "100:endure",
    "100:facade",
    "100:frustration",
    "100:gigaimpact",
    "100:hail",
    "100:hiddenpower",
    "100:hydropump",
    "100:hyperbeam",
    "100:icebeam",
    "100:icywind",
    "100:megahorn",
    "100:muddywater",
    "100:mudshot",
    "100:naturalgift",
    "100:poisonjab",
    "100:protect",
    "100:raindance",
    "100:rest",
    "100:return",
    "100:round",
    "100:scald",
    "100:secretpower",
    "100:sleeptalk",
    "100:smartstrike",
    "100:snore",
    "100:substitute",
    "100:surf",
    "100:swagger",
    "100:swift",
    "100:swordsdance",
    "100:throatchop",
    "100:toxic",
    "100:waterfall",
    "100:waterpulse",
    "100:whirlpool",
    "100:agility",
    "100:aquatail",
    "100:attract",
    "100:bide",
    "100:blizzard",
    "100:bounce",
    "100:bubblebeam",
    "100:curse",
    "100:dive",
    "100:doubleedge",
    "100:doubleteam",
    "100:drillrun",
    "100:endure",
    "100:facade",
    "100:flail",
    "100:flipturn",
    "100:frustration",
    "100:furyattack",
    "100:furycutter",
    "100:headbutt",
    "100:hiddenpower",
    "100:hornattack",
    "100:horndrill",
    "100:hyperbeam",
    "100:icebeam",
    "100:icywind",
    "100:knockoff",
    "100:megahorn",
    "100:mimic",
    "100:mudslap",
    "100:peck",
    "100:poisonjab",
    "100:protect",
    "100:psybeam",
    "100:quickattack",
    "100:rage",
    "100:raindance",
    "100:rest",
    "100:return",
    "100:scald",
    "100:scaleshot",
    "100:signalbeam",
    "100:skullbash",
    "100:sleeptalk",
    "100:snore",
    "100:substitute",
    "100:supersonic",
    "100:surf",
    "100:swagger",
    "100:swift",
    "100:tailwhip",
    "100:takedown",
    "100:throatchop",
    "100:toxic",
    "100:waterfall",
    "100:watergun",
    "100:waterpulse"
  ],
  "labels": [
    "gen1"
  ],
  "pokedex": [
    "cobblemon.species.seaking.desc"
  ],
  "preEvolution": "goldeen",
  "evolutions": [],
  "baseScale": 1.8,
  "hitbox": {
    "width": 0.7,
    "height": 0.6,
    "fixed": false
  },
  "baseFriendship": 50,
  "evYield": {
    "hp": 0,
    "attack": 2,
    "defence": 0,
    "special_attack": 0,
    "special_defence": 0,
    "speed": 0
  },
  "height": 13,
  "weight": 390,
  "aspects": [],
  "cannotDynamax": false
}