{
  "implemented": true,
  "name": "Seel",
  "nationalPokedexNumber": 86,
  "primaryType": "water",
  "abilities": [
    "thickfat",
    "hydration",
    "h:icebody"
  ],
  "baseStats": {
    "hp": 65,
    "attack": 45,
    "defence": 55,
    "special_attack": 45,
    "special_defence": 70,
    "speed": 45
  },
  "catchRate": 190,
  "maleRatio": 0.5,
  "shoulderMountable": false,
  "baseExperienceYield": 65,
  "experienceGroup": "medium_fast",
  "eggCycles": 20,
  "eggGroups": [
    "water_1",
    "field"
  ],
  "behaviour": {
    "moving": {
      "swim": {
        "canSwimInWater": true,
        "canBreatheUnderwater": true
      }
    }
  },
  "drops": {
    "amount": "1",
    "entries": [
      {
        "item": "minecraft:cod",
        "percentage": 50
      }
    ]
  },
  "moves": [
    "1:headbutt",
    "7:watersport",
    "9:growl",
    "13:encore",
    "17:iceshard",
    "17:icywind",
    "21:aurorabeam",
    "23:aquaring",
    "29:rest",
    "31:aquajet",
    "33:brine",
    "37:takedown",
    "41:dive",
    "41:icebeam",
    "43:aquatail",
    "49:safeguard",
    "53:hail",
    "100:belch",
    "100:disable",
    "100:encore",
    "100:entrainment",
    "100:fakeout",
    "100:horndrill",
    "100:iciclespear",
    "100:irontail",
    "100:lick",
    "100:perishsong",
    "100:signalbeam",
    "100:slam",
    "100:sleeptalk",
    "100:spitup",
    "100:stockpile",
    "100:swallow",
    "100:waterpulse",
    "100:attract",
    "100:blizzard",
    "100:brine",
    "100:captivate",
    "100:confide",
    "100:dive",
    "100:doubleteam",
    "100:echoedvoice",
    "100:endure",
    "100:facade",
    "100:fling",
    "100:frustration",
    "100:hail",
    "100:hiddenpower",
    "100:icebeam",
    "100:naturalgift",
    "100:protect",
    "100:raindance",
    "100:rest",
    "100:return",
    "100:round",
    "100:safeguard",
    "100:secretpower",
    "100:sleeptalk",
    "100:smartstrike",
    "100:substitute",
    "100:surf",
    "100:swagger",
    "100:thief",
    "100:toxic",
    "100:waterfall",
    "100:waterpulse",
    "100:whirlpool",
    "100:aquajet",
    "100:aquatail",
    "100:attract",
    "100:aurorabeam",
    "100:bide",
    "100:blizzard",
    "100:bodyslam",
    "100:bubblebeam",
    "100:curse",
    "100:disable",
    "100:dive",
    "100:doubleedge",
    "100:doubleteam",
    "100:drillrun",
    "100:encore",
    "100:endure",
    "100:facade",
    "100:frustration",
    "100:growl",
    "100:headbutt",
    "100:helpinghand",
    "100:hiddenpower",
    "100:horndrill",
    "100:icebeam",
    "100:iceshard",
    "100:iciclespear",
    "100:icywind",
    "100:irontail",
    "100:lick",
    "100:megahorn",
    "100:mimic",
    "100:payday",
    "100:peck",
    "100:perishsong",
    "100:protect",
    "100:rage",
    "100:raindance",
    "100:rest",
    "100:return",
    "100:safeguard",
    "100:signalbeam",
    "100:skullbash",
    "100:slam",
    "100:sleeptalk",
    "100:snore",
    "100:strength",
    "100:substitute",
    "100:surf",
    "100:swagger",
    "100:takedown",
    "100:toxic",
    "100:waterfall",
    "100:watergun",
    "100:waterpulse",
    "100:whirlpool"
  ],
  "labels": [
    "gen1"
  ],
  "pokedex": [
    "cobblemon.species.seel.desc"
  ],
  "evolutions": [
    {
      "id": "seel_dewgong",
      "variant": "level_up",
      "result": "dewgong",
      "consumeHeldItem": false,
      "learnableMoves": [],
      "requirements": [
        {
          "variant": "level",
          "minLevel": 34
        }
      ]
    }
  ],
  "baseScale": 1,
  "hitbox": {
    "width": 0.9,
    "height": 0.5,
    "fixed": false
  },
  "baseFriendship": 70,
  "evYield": {
    "hp": 0,
    "attack": 0,
    "defence": 0,
    "special_attack": 0,
    "special_defence": 1,
    "speed": 0
  },
  "height": 11,
  "weight": 900,
  "aspects": [],
  "cannotDynamax": false
}