{
  "implemented": true,
  "name": "Shellder",
  "nationalPokedexNumber": 90,
  "primaryType": "water",
  "abilities": [
    "shellarmor",
    "skilllink",
    "h:overcoat"
  ],
  "baseStats": {
    "hp": 30,
    "attack": 65,
    "defence": 100,
    "special_attack": 45,
    "special_defence": 25,
    "speed": 40
  },
  "catchRate": 190,
  "maleRatio": 0.5,
  "shoulderMountable": false,
  "baseExperienceYield": 61,
  "experienceGroup": "slow",
  "eggCycles": 20,
  "eggGroups": [
    "water_3"
  ],
  "behaviour": {
    "moving": {
      "swim": {
        "swimSpeed": 0.1,
        "canSwimInWater": false,
        "canBreatheUnderwater": true
      }
    }
  },
  "moves": [
    "1:tackle",
    "1:watergun",
    "1:withdraw",
    "8:iciclespear",
    "9:supersonic",
    "17:aurorabeam",
    "25:protect",
    "28:iceshard",
    "32:razorshell",
    "33:leer",
    "37:whirlpool",
    "40:irondefense",
    "41:clamp",
    "44:brine",
    "49:icebeam",
    "56:shellsmash",
    "61:hydropump",
    "100:aquaring",
    "100:avalanche",
    "100:barrier",
    "100:bubblebeam",
    "100:iciclespear",
    "100:lifedew",
    "100:mudshot",
    "100:rapidspin",
    "100:rockblast",
    "100:screech",
    "100:takedown",
    "100:twineedle",
    "100:waterpulse",
    "100:attract",
    "100:avalanche",
    "100:blizzard",
    "100:brine",
    "100:captivate",
    "100:chillingwater",
    "100:confide",
    "100:dive",
    "100:doubleteam",
    "100:endure",
    "100:explosion",
    "100:facade",
    "100:frustration",
    "100:hail",
    "100:helpinghand",
    "100:hiddenpower",
    "100:hydropump",
    "100:icebeam",
    "100:icespinner",
    "100:iciclespear",
    "100:icywind",
    "100:irondefense",
    "100:liquidation",
    "100:mudshot",
    "100:naturalgift",
    "100:payback",
    "100:protect",
    "100:raindance",
    "100:razorshell",
    "100:rest",
    "100:return",
    "100:rockblast",
    "100:round",
    "100:screech",
    "100:secretpower",
    "100:selfdestruct",
    "100:sleeptalk",
    "100:snore",
    "100:snowscape",
    "100:spikes",
    "100:substitute",
    "100:surf",
    "100:swagger",
    "100:swift",
    "100:takedown",
    "100:terablast",
    "100:toxic",
    "100:toxicspikes",
    "100:triattack",
    "100:waterfall",
    "100:waterpulse",
    "100:whirlpool",
    "100:attract",
    "100:aurorabeam",
    "100:barrier",
    "100:bide",
    "100:blizzard",
    "100:bubblebeam",
    "100:clamp",
    "100:curse",
    "100:dive",
    "100:doubleedge",
    "100:doubleteam",
    "100:endure",
    "100:explosion",
    "100:facade",
    "100:frustration",
    "100:headbutt",
    "100:hiddenpower",
    "100:hydropump",
    "100:icebeam",
    "100:iceshard",
    "100:iciclespear",
    "100:icywind",
    "100:irondefense",
    "100:leer",
    "100:liquidation",
    "100:mimic",
    "100:protect",
    "100:rage",
    "100:raindance",
    "100:rapidspin",
    "100:reflect",
    "100:refresh",
    "100:rest",
    "100:return",
    "100:screech",
    "100:selfdestruct",
    "100:shellsmash",
    "100:sleeptalk",
    "100:snore",
    "100:substitute",
    "100:supersonic",
    "100:surf",
    "100:swagger",
    "100:swift",
    "100:tackle",
    "100:takedown",
    "100:teleport",
    "100:toxic",
    "100:triattack",
    "100:watergun",
    "100:waterpulse",
    "100:whirlpool",
    "100:withdraw"
  ],
  "labels": [
    "gen1"
  ],
  "pokedex": [
    "cobblemon.species.shellder.desc"
  ],
  "evolutions": [
    {
      "id": "shellder_cloyster",
      "variant": "item_interact",
      "result": "cloyster",
      "consumeHeldItem": false,
      "learnableMoves": [
        "iciclespear"
      ],
      "requirements": [],
      "requiredContext": "cobblemon:water_stone"
    }
  ],
  "baseScale": 0.8,
  "hitbox": {
    "width": 0.6,
    "height": 0.5,
    "fixed": false
  },
  "baseFriendship": 50,
  "evYield": {
    "hp": 0,
    "attack": 0,
    "defence": 1,
    "special_attack": 0,
    "special_defence": 0,
    "speed": 0
  },
  "height": 3,
  "weight": 40,
  "aspects": [],
  "cannotDynamax": false
}