{
  "implemented": true,
  "name": "Slowpoke",
  "nationalPokedexNumber": 79,
  "primaryType": "water",
  "secondaryType": "psychic",
  "abilities": [
    "oblivious",
    "owntempo",
    "h:regenerator"
  ],
  "baseStats": {
    "hp": 90,
    "attack": 65,
    "defence": 65,
    "special_attack": 40,
    "special_defence": 40,
    "speed": 15
  },
  "catchRate": 190,
  "maleRatio": 0.5,
  "shoulderMountable": false,
  "forms": [
    {
      "name": "Galar",
      "primaryType": "psychic",
      "abilities": [
        "gluttony",
        "owntempo",
        "h:regenerator"
      ],
      "baseStats": {
        "hp": 90,
        "attack": 65,
        "defence": 65,
        "special_attack": 40,
        "special_defence": 40,
        "speed": 15
      },
      "catchRate": 190,
      "maleRatio": 0.5,
      "baseExperienceYield": 63,
      "baseFriendship": 50,
      "evYield": {
        "hp": 1,
        "attack": 0,
        "defence": 0,
        "special_attack": 0,
        "special_defence": 0,
        "speed": 0
      },
      "experienceGroup": "medium_fast",
      "eggCycles": 20,
      "eggGroups": [
        "monster",
        "water_1"
      ],
      "moves": [
        "1:curse",
        "1:tackle",
        "3:growl",
        "6:acid",
        "9:yawn",
        "12:confusion",
        "15:disable",
        "18:waterpulse",
        "21:headbutt",
        "24:zenheadbutt",
        "27:amnesia",
        "30:surf",
        "33:slackoff",
        "36:psychic",
        "39:psychup",
        "42:raindance",
        "45:healpulse",
        "100:belch",
        "100:bellydrum",
        "100:block",
        "100:stomp",
        "100:amnesia",
        "100:attract",
        "100:avalanche",
        "100:blizzard",
        "100:bodyslam",
        "100:brine",
        "100:bulldoze",
        "100:calmmind",
        "100:chillingwater",
        "100:dig",
        "100:dive",
        "100:earthquake",
        "100:endure",
        "100:facade",
        "100:fireblast",
        "100:flamethrower",
        "100:foulplay",
        "100:futuresight",
        "100:grassknot",
        "100:hail",
        "100:helpinghand",
        "100:hydropump",
        "100:icebeam",
        "100:icywind",
        "100:imprison",
        "100:irontail",
        "100:lightscreen",
        "100:liquidation",
        "100:mudshot",
        "100:payday",
        "100:protect",
        "100:psybeam",
        "100:psychic",
        "100:psychicterrain",
        "100:psyshock",
        "100:raindance",
        "100:rest",
        "100:round",
        "100:safeguard",
        "100:scald",
        "100:shadowball",
        "100:skillswap",
        "100:sleeptalk",
        "100:snore",
        "100:snowscape",
        "100:storedpower",
        "100:substitute",
        "100:sunnyday",
        "100:surf",
        "100:swift",
        "100:takedown",
        "100:terablast",
        "100:thunderwave",
        "100:triattack",
        "100:trick",
        "100:trickroom",
        "100:waterfall",
        "100:waterpulse",
        "100:weatherball",
        "100:whirlpool",
        "100:wonderroom",
        "100:zenheadbutt",
        "100:expandingforce"
      ],
      "labels": [
        "gen8",
        "galar_regional"
      ],
      "aspects": [
        "galarian"
      ],
      "height": 12,
      "weight": 360,
      "evolutions": [
        {
          "id": "slowpoke_slowbro",
          "variant": "item_interact",
          "result": "slowbro form=galar",
          "consumeHeldItem": false,
          "learnableMoves": [
            "shellsidearm"
          ],
          "requirements": [],
          "requiredContext": "cobblemon:galarica_cuff"
        },
        {
          "id": "slowpoke_slowking",
          "variant": "item_interact",
          "result": "slowking form=galar",
          "consumeHeldItem": false,
          "learnableMoves": [],
          "requirements": [],
          "requiredContext": "cobblemon:galarica_wreath"
        }
      ],
      "cannotDynamax": false,
      "battleOnly": false
    }
  ],
  "baseExperienceYield": 63,
  "experienceGroup": "medium_fast",
  "eggCycles": 20,
  "eggGroups": [
    "monster",
    "water_1"
  ],
  "behaviour": {
    "moving": {
      "swim": {
        "canSwimInWater": true,
        "canBreatheUnderwater": true
      }
    }
  },
  "moves": [
    "1:curse",
    "1:tackle",
    "1:yawn",
    "6:growl",
    "13:watergun",
    "17:confusion",
    "24:disable",
    "29:headbutt",
    "29:waterpulse",
    "30:surf",
    "34:zenheadbutt",
    "36:amnesia",
    "39:slackoff",
    "40:psychic",
    "47:psychup",
    "53:raindance",
    "58:healpulse",
    "100:belch",
    "100:bellydrum",
    "100:block",
    "100:futuresight",
    "100:mefirst",
    "100:mudsport",
    "100:safeguard",
    "100:sleeptalk",
    "100:snore",
    "100:stomp",
    "100:wonderroom",
    "100:zenheadbutt",
    "100:amnesia",
    "100:attract",
    "100:avalanche",
    "100:blizzard",
    "100:bodyslam",
    "100:brine",
    "100:bulldoze",
    "100:calmmind",
    "100:captivate",
    "100:chillingwater",
    "100:confide",
    "100:dig",
    "100:dive",
    "100:doubleteam",
    "100:dreameater",
    "100:earthquake",
    "100:echoedvoice",
    "100:endure",
    "100:facade",
    "100:fireblast",
    "100:flamethrower",
    "100:flash",
    "100:foulplay",
    "100:frustration",
    "100:futuresight",
    "100:grassknot",
    "100:hail",
    "100:helpinghand",
    "100:hiddenpower",
    "100:hydropump",
    "100:icebeam",
    "100:icywind",
    "100:imprison",
    "100:incinerate",
    "100:irontail",
    "100:lightscreen",
    "100:liquidation",
    "100:mudshot",
    "100:naturalgift",
    "100:payday",
    "100:protect",
    "100:psybeam",
    "100:psychic",
    "100:psychicterrain",
    "100:psychup",
    "100:psyshock",
    "100:raindance",
    "100:recycle",
    "100:rest",
    "100:return",
    "100:round",
    "100:safeguard",
    "100:scald",
    "100:secretpower",
    "100:shadowball",
    "100:skillswap",
    "100:sleeptalk",
    "100:snore",
    "100:snowscape",
    "100:storedpower",
    "100:strength",
    "100:substitute",
    "100:sunnyday",
    "100:surf",
    "100:swagger",
    "100:swift",
    "100:takedown",
    "100:telekinesis",
    "100:terablast",
    "100:thunderwave",
    "100:toxic",
    "100:triattack",
    "100:trick",
    "100:trickroom",
    "100:waterfall",
    "100:waterpulse",
    "100:weatherball",
    "100:whirlpool",
    "100:wonderroom",
    "100:zenheadbutt",
    "100:afteryou",
    "100:amnesia",
    "100:aquatail",
    "100:attract",
    "100:bellydrum",
    "100:bide",
    "100:blizzard",
    "100:block",
    "100:bodyslam",
    "100:brine",
    "100:bubblebeam",
    "100:calmmind",
    "100:confusion",
    "100:curse",
    "100:dig",
    "100:disable",
    "100:dive",
    "100:doubleedge",
    "100:doubleteam",
    "100:dreameater",
    "100:earthquake",
    "100:endure",
    "100:expandingforce",
    "100:facade",
    "100:fireblast",
    "100:fissure",
    "100:flamethrower",
    "100:flash",
    "100:frustration",
    "100:futuresight",
    "100:growl",
    "100:headbutt",
    "100:hiddenpower",
    "100:icebeam",
    "100:icywind",
    "100:irontail",
    "100:lightscreen",
    "100:magiccoat",
    "100:mimic",
    "100:mudslap",
    "100:nightmare",
    "100:payday",
    "100:protect",
    "100:psychic",
    "100:psychup",
    "100:psywave",
    "100:rage",
    "100:raindance",
    "100:recycle",
    "100:reflect",
    "100:rest",
    "100:return",
    "100:safeguard",
    "100:scald",
    "100:shadowball",
    "100:signalbeam",
    "100:skillswap",
    "100:skullbash",
    "100:sleeptalk",
    "100:snore",
    "100:stomp",
    "100:strength",
    "100:substitute",
    "100:sunnyday",
    "100:surf",
    "100:swagger",
    "100:swift",
    "100:tackle",
    "100:takedown",
    "100:telekinesis",
    "100:teleport",
    "100:thunderwave",
    "100:toxic",
    "100:triattack",
    "100:trick",
    "100:watergun",
    "100:waterpulse",
    "100:wonderroom",
    "100:yawn",
    "100:zapcannon",
    "100:zenheadbutt"
  ],
  "labels": [
    "gen1",
    "kanto_regional"
  ],
  "pokedex": [
    "cobblemon.species.slowpoke.desc"
  ],
  "evolutions": [
    {
      "id": "slowpoke_slowbro",
      "variant": "level_up",
      "result": "slowbro",
      "consumeHeldItem": false,
      "learnableMoves": [],
      "requirements": [
        {
          "variant": "level",
          "minLevel": 37
        }
      ]
    },
    {
      "id": "slowpoke_slowking",
      "variant": "trade",
      "result": "slowking",
      "consumeHeldItem": true,
      "learnableMoves": [],
      "requirements": [
        {
          "variant": "held_item",
          "itemCondition": "cobblemon:kings_rock"
        }
      ]
    }
  ],
  "baseScale": 0.75,
  "hitbox": {
    "width": 1.2,
    "height": 0.7,
    "fixed": false
  },
  "baseFriendship": 50,
  "evYield": {
    "hp": 1,
    "attack": 0,
    "defence": 0,
    "special_attack": 0,
    "special_defence": 0,
    "speed": 0
  },
  "height": 12,
  "weight": 360,
  "aspects": [],
  "cannotDynamax": false
}