{
  "implemented": true,
  "name": "Staryu",
  "nationalPokedexNumber": 120,
  "primaryType": "water",
  "abilities": [
    "illuminate",
    "naturalcure",
    "h:analytic"
  ],
  "baseStats": {
    "hp": 30,
    "attack": 45,
    "defence": 55,
    "special_attack": 70,
    "special_defence": 55,
    "speed": 85
  },
  "catchRate": 225,
  "maleRatio": -1,
  "shoulderMountable": false,
  "baseExperienceYield": 68,
  "experienceGroup": "slow",
  "eggCycles": 20,
  "eggGroups": [
    "water_3"
  ],
  "behaviour": {
    "moving": {
      "swim": {
        "swimSpeed": 0.3,
        "canSwimInWater": true,
        "canBreatheUnderwater": true
      }
    }
  },
  "moves": [
    "1:harden",
    "1:tackle",
    "6:watergun",
    "10:rapidspin",
    "13:psywave",
    "15:recover",
    "19:camouflage",
    "24:psybeam",
    "24:swift",
    "28:bubblebeam",
    "33:minimize",
    "36:brine",
    "37:gyroball",
    "37:lightscreen",
    "40:confuseray",
    "42:cosmicpower",
    "42:psychic",
    "44:surf",
    "46:hydropump",
    "46:powergem",
    "46:reflecttype",
    "100:blizzard",
    "100:brine",
    "100:confide",
    "100:cosmicpower",
    "100:dazzlinggleam",
    "100:dive",
    "100:doubleteam",
    "100:endure",
    "100:facade",
    "100:flash",
    "100:flashcannon",
    "100:frustration",
    "100:gyroball",
    "100:hail",
    "100:hiddenpower",
    "100:hydropump",
    "100:icebeam",
    "100:icywind",
    "100:lightscreen",
    "100:naturalgift",
    "100:powergem",
    "100:protect",
    "100:psychic",
    "100:psychup",
    "100:raindance",
    "100:recycle",
    "100:reflect",
    "100:rest",
    "100:return",
    "100:round",
    "100:scald",
    "100:secretpower",
    "100:sleeptalk",
    "100:snore",
    "100:substitute",
    "100:surf",
    "100:swagger",
    "100:swift",
    "100:thunder",
    "100:thunderbolt",
    "100:thunderwave",
    "100:toxic",
    "100:triattack",
    "100:waterfall",
    "100:waterpulse",
    "100:whirlpool",
    "100:attract",
    "100:bide",
    "100:blizzard",
    "100:bubblebeam",
    "100:confuseray",
    "100:cosmicpower",
    "100:curse",
    "100:dazzlinggleam",
    "100:dive",
    "100:doubleedge",
    "100:doubleteam",
    "100:endure",
    "100:facade",
    "100:flash",
    "100:flashcannon",
    "100:flipturn",
    "100:frustration",
    "100:gravity",
    "100:harden",
    "100:headbutt",
    "100:hiddenpower",
    "100:hydropump",
    "100:icebeam",
    "100:icywind",
    "100:lightscreen",
    "100:magiccoat",
    "100:mimic",
    "100:minimize",
    "100:painsplit",
    "100:protect",
    "100:psychic",
    "100:psychup",
    "100:psywave",
    "100:rage",
    "100:raindance",
    "100:rapidspin",
    "100:recover",
    "100:recycle",
    "100:reflect",
    "100:rest",
    "100:return",
    "100:rollout",
    "100:scald",
    "100:signalbeam",
    "100:skullbash",
    "100:sleeptalk",
    "100:snore",
    "100:substitute",
    "100:surf",
    "100:swagger",
    "100:swift",
    "100:tackle",
    "100:takedown",
    "100:teleport",
    "100:thunder",
    "100:thunderbolt",
    "100:thunderwave",
    "100:toxic",
    "100:triattack",
    "100:twister",
    "100:waterfall",
    "100:watergun",
    "100:waterpulse",
    "100:whirlpool",
    "100:zapcannon"
  ],
  "labels": [
    "gen1"
  ],
  "pokedex": [
    "cobblemon.species.staryu.desc"
  ],
  "evolutions": [
    {
      "id": "staryu_starmie",
      "variant": "item_interact",
      "result": "starmie",
      "consumeHeldItem": false,
      "learnableMoves": [],
      "requirements": [],
      "requiredContext": "cobblemon:water_stone"
    }
  ],
  "baseScale": 0.9,
  "hitbox": {
    "width": 0.8,
    "height": 1,
    "fixed": false
  },
  "baseFriendship": 50,
  "evYield": {
    "hp": 0,
    "attack": 0,
    "defence": 0,
    "special_attack": 0,
    "special_defence": 0,
    "speed": 1
  },
  "height": 8,
  "weight": 345,
  "aspects": [],
  "cannotDynamax": false
}