{
  "implemented": true,
  "name": "Venomoth",
  "nationalPokedexNumber": 49,
  "primaryType": "bug",
  "secondaryType": "poison",
  "abilities": [
    "shielddust",
    "tintedlens",
    "h:wonderskin"
  ],
  "baseStats": {
    "hp": 70,
    "attack": 65,
    "defence": 60,
    "special_attack": 90,
    "special_defence": 75,
    "speed": 90
  },
  "catchRate": 75,
  "maleRatio": 0.5,
  "shoulderMountable": false,
  "baseExperienceYield": 158,
  "experienceGroup": "medium_fast",
  "eggCycles": 20,
  "eggGroups": [
    "bug"
  ],
  "behaviour": {
    "moving": {
      "swim": {
        "canWalkOnWater": true
      },
      "fly": {
        "canFly": true
      }
    },
    "resting": {
      "canSleep": true,
      "willSleepOnBed": false,
      "depth": "normal",
      "light": "0-4"
    }
  },
  "drops": {
    "amount": "1",
    "entries": [
      {
        "item": "cobblemon:silver_powder",
        "percentage": 2.5
      }
    ]
  },
  "moves": [
    "1:disable",
    "1:foresight",
    "1:silverwind",
    "1:supersonic",
    "1:tackle",
    "17:confusion",
    "20:poisonpowder",
    "25:leechlife",
    "28:stunspore",
    "31:gust",
    "36:psybeam",
    "37:signalbeam",
    "41:zenheadbutt",
    "42:sleeppowder",
    "47:poisonfang",
    "52:psychic",
    "59:bugbuzz",
    "63:quiverdance",
    "100:acidspray",
    "100:acrobatics",
    "100:aerialace",
    "100:agility",
    "100:aircutter",
    "100:airslash",
    "100:attract",
    "100:batonpass",
    "100:bugbuzz",
    "100:captivate",
    "100:confide",
    "100:confuseray",
    "100:defog",
    "100:doubleteam",
    "100:endure",
    "100:energyball",
    "100:facade",
    "100:flash",
    "100:frustration",
    "100:gigadrain",
    "100:gigaimpact",
    "100:hiddenpower",
    "100:hyperbeam",
    "100:infestation",
    "100:leechlife",
    "100:naturalgift",
    "100:nightshade",
    "100:pounce",
    "100:protect",
    "100:psybeam",
    "100:psychic",
    "100:rest",
    "100:return",
    "100:roost",
    "100:round",
    "100:secretpower",
    "100:silverwind",
    "100:skillswap",
    "100:sleeptalk",
    "100:sludgebomb",
    "100:solarbeam",
    "100:strugglebug",
    "100:substitute",
    "100:sunnyday",
    "100:swagger",
    "100:swift",
    "100:takedown",
    "100:terablast",
    "100:thief",
    "100:toxic",
    "100:toxicspikes",
    "100:uturn",
    "100:venoshock",
    "100:zenheadbutt",
    "100:agility",
    "100:aircutter",
    "100:attract",
    "100:bide",
    "100:bugbite",
    "100:bugbuzz",
    "100:confusion",
    "100:curse",
    "100:defog",
    "100:disable",
    "100:doubleedge",
    "100:doubleteam",
    "100:dreameater",
    "100:endure",
    "100:facade",
    "100:flash",
    "100:foresight",
    "100:frustration",
    "100:gigadrain",
    "100:gust",
    "100:headbutt",
    "100:hiddenpower",
    "100:hyperbeam",
    "100:leechlife",
    "100:megadrain",
    "100:mimic",
    "100:ominouswind",
    "100:poisonpowder",
    "100:protect",
    "100:psybeam",
    "100:psychic",
    "100:psywave",
    "100:quiverdance",
    "100:rage",
    "100:razorwind",
    "100:reflect",
    "100:refresh",
    "100:rest",
    "100:return",
    "100:roost",
    "100:screech",
    "100:signalbeam",
    "100:silverwind",
    "100:skillswap",
    "100:sleeppowder",
    "100:sleeptalk",
    "100:sludgebomb",
    "100:snore",
    "100:solarbeam",
    "100:stringshot",
    "100:stunspore",
    "100:substitute",
    "100:sunnyday",
    "100:supersonic",
    "100:swagger",
    "100:sweetscent",
    "100:swift",
    "100:tackle",
    "100:tailwind",
    "100:takedown",
    "100:teleport",
    "100:thief",
    "100:toxic",
    "100:twister",
    "100:uturn",
    "100:whirlwind",
    "100:zenheadbutt"
  ],
  "labels": [
    "gen1"
  ],
  "pokedex": [
    "cobblemon.species.venomoth.desc"
  ],
  "preEvolution": "venonat",
  "evolutions": [],
  "baseScale": 0.9,
  "hitbox": {
    "width": 0.9,
    "height": 1.3,
    "fixed": false
  },
  "baseFriendship": 70,
  "evYield": {
    "hp": 0,
    "attack": 0,
    "defence": 0,
    "special_attack": 1,
    "special_defence": 0,
    "speed": 1
  },
  "height": 15,
  "weight": 125,
  "aspects": [],
  "cannotDynamax": false
}