{
  "implemented": true,
  "name": "Venonat",
  "nationalPokedexNumber": 48,
  "primaryType": "bug",
  "secondaryType": "poison",
  "abilities": [
    "compoundeyes",
    "tintedlens",
    "h:runaway"
  ],
  "baseStats": {
    "hp": 60,
    "attack": 55,
    "defence": 50,
    "special_attack": 40,
    "special_defence": 55,
    "speed": 45
  },
  "behaviour": {
    "resting": {
      "canSleep": true,
      "willSleepOnBed": false,
      "depth": "normal",
      "light": "0-4"
    }
  },
  "catchRate": 190,
  "maleRatio": 0.5,
  "shoulderMountable": false,
  "baseExperienceYield": 61,
  "experienceGroup": "medium_fast",
  "eggCycles": 20,
  "eggGroups": [
    "bug"
  ],
  "moves": [
    "1:disable",
    "1:foresight",
    "1:tackle",
    "9:supersonic",
    "17:confusion",
    "20:poisonpowder",
    "25:bugbuzz",
    "25:leechlife",
    "28:stunspore",
    "33:psybeam",
    "35:signalbeam",
    "36:sleeppowder",
    "37:zenheadbutt",
    "41:poisonfang",
    "41:psychic",
    "100:agility",
    "100:batonpass",
    "100:bugbite",
    "100:gigadrain",
    "100:morningsun",
    "100:ragepowder",
    "100:screech",
    "100:secretpower",
    "100:signalbeam",
    "100:skillswap",
    "100:toxicspikes",
    "100:venoshock",
    "100:acidspray",
    "100:agility",
    "100:attract",
    "100:batonpass",
    "100:bugbuzz",
    "100:captivate",
    "100:confide",
    "100:confuseray",
    "100:doubleteam",
    "100:endure",
    "100:energyball",
    "100:facade",
    "100:flash",
    "100:frustration",
    "100:gigadrain",
    "100:hiddenpower",
    "100:infestation",
    "100:leechlife",
    "100:naturalgift",
    "100:nightshade",
    "100:pounce",
    "100:protect",
    "100:psybeam",
    "100:psychic",
    "100:rest",
    "100:return",
    "100:round",
    "100:secretpower",
    "100:skillswap",
    "100:sleeptalk",
    "100:sludgebomb",
    "100:solarbeam",
    "100:strugglebug",
    "100:substitute",
    "100:sunnyday",
    "100:swagger",
    "100:swift",
    "100:takedown",
    "100:terablast",
    "100:thief",
    "100:toxic",
    "100:toxicspikes",
    "100:venoshock",
    "100:zenheadbutt",
    "100:attract",
    "100:batonpass",
    "100:bide",
    "100:bugbite",
    "100:confusion",
    "100:curse",
    "100:disable",
    "100:doubleedge",
    "100:doubleteam",
    "100:endure",
    "100:facade",
    "100:flash",
    "100:foresight",
    "100:frustration",
    "100:gigadrain",
    "100:headbutt",
    "100:hiddenpower",
    "100:leechlife",
    "100:megadrain",
    "100:mimic",
    "100:poisonpowder",
    "100:protect",
    "100:psybeam",
    "100:psychic",
    "100:psywave",
    "100:rage",
    "100:reflect",
    "100:rest",
    "100:return",
    "100:screech",
    "100:signalbeam",
    "100:skillswap",
    "100:sleeppowder",
    "100:sleeptalk",
    "100:sludgebomb",
    "100:snore",
    "100:solarbeam",
    "100:stringshot",
    "100:stunspore",
    "100:substitute",
    "100:sunnyday",
    "100:supersonic",
    "100:swagger",
    "100:sweetscent",
    "100:swift",
    "100:tackle",
    "100:takedown",
    "100:thief",
    "100:toxic",
    "100:zenheadbutt"
  ],
  "labels": [
    "gen1"
  ],
  "pokedex": [
    "cobblemon.species.venonat.desc"
  ],
  "evolutions": [
    {
      "id": "venonat_venomoth",
      "variant": "level_up",
      "result": "venomoth",
      "consumeHeldItem": false,
      "learnableMoves": [
        "airslash"
      ],
      "requirements": [
        {
          "variant": "level",
          "minLevel": 31
        }
      ]
    }
  ],
  "baseScale": 1.1,
  "hitbox": {
    "width": 0.6,
    "height": 0.6,
    "fixed": false
  },
  "baseFriendship": 70,
  "evYield": {
    "hp": 0,
    "attack": 0,
    "defence": 0,
    "special_attack": 0,
    "special_defence": 1,
    "speed": 0
  },
  "height": 10,
  "weight": 300,
  "aspects": [],
  "cannotDynamax": false
}