{
  "implemented": true,
  "name": "Wartortle",
  "nationalPokedexNumber": 8,
  "primaryType": "water",
  "abilities": [
    "torrent",
    "h:raindish"
  ],
  "baseStats": {
    "hp": 59,
    "attack": 63,
    "defence": 80,
    "special_attack": 65,
    "special_defence": 80,
    "speed": 58
  },
  "catchRate": 45,
  "maleRatio": 0.875,
  "shoulderMountable": false,
  "baseExperienceYield": 142,
  "experienceGroup": "medium_slow",
  "eggCycles": 20,
  "eggGroups": [
    "monster",
    "water_1"
  ],
  "drops": {
    "amount": "2",
    "entries": [
      {
        "item": "minecraft:scute",
        "quantityRange": "1-2",
        "percentage": 66
      },
      {
        "item": "cobblemon:mystic_water",
        "percentage": 10
      }
    ]
  },
  "behaviour": {
    "resting": {
      "canSleep": true,
      "depth": "normal",
      "light": "0-4"
    },
    "moving": {
      "swim": {
        "canSwimInWater": true,
        "canBreatheUnderwater": true
      }
    }
  },
  "moves": [
    "1:bubble",
    "1:tackle",
    "1:tailwhip",
    "10:withdraw",
    "13:watergun",
    "19:bite",
    "25:rapidspin",
    "28:waterpulse",
    "31:protect",
    "32:aquatail",
    "35:shellsmash",
    "37:raindance",
    "40:irondefense",
    "45:skullbash",
    "53:hydropump",
    "100:attract",
    "100:aurasphere",
    "100:blizzard",
    "100:bodyslam",
    "100:brickbreak",
    "100:brine",
    "100:captivate",
    "100:confide",
    "100:dig",
    "100:dive",
    "100:doubleteam",
    "100:dragonpulse",
    "100:endure",
    "100:facade",
    "100:falseswipe",
    "100:fling",
    "100:focuspunch",
    "100:frustration",
    "100:gyroball",
    "100:hail",
    "100:helpinghand",
    "100:hiddenpower",
    "100:hydropump",
    "100:icebeam",
    "100:icepunch",
    "100:icywind",
    "100:irondefense",
    "100:irontail",
    "100:megakick",
    "100:megapunch",
    "100:muddywater",
    "100:naturalgift",
    "100:poweruppunch",
    "100:protect",
    "100:raindance",
    "100:rest",
    "100:return",
    "100:rocksmash",
    "100:rocktomb",
    "100:round",
    "100:scald",
    "100:secretpower",
    "100:sleeptalk",
    "100:snore",
    "100:strength",
    "100:substitute",
    "100:surf",
    "100:swagger",
    "100:toxic",
    "100:waterfall",
    "100:waterpulse",
    "100:weatherball",
    "100:whirlpool",
    "100:workup",
    "100:zenheadbutt",
    "100:aquatail",
    "100:attract",
    "100:bide",
    "100:bite",
    "100:blizzard",
    "100:bodyslam",
    "100:brickbreak",
    "100:bubble",
    "100:bubblebeam",
    "100:counter",
    "100:curse",
    "100:defensecurl",
    "100:dig",
    "100:dive",
    "100:doubleedge",
    "100:doubleteam",
    "100:dragonpulse",
    "100:dynamicpunch",
    "100:endure",
    "100:facade",
    "100:flipturn",
    "100:focuspunch",
    "100:frustration",
    "100:headbutt",
    "100:hiddenpower",
    "100:hydropump",
    "100:icebeam",
    "100:icepunch",
    "100:icywind",
    "100:irondefense",
    "100:irontail",
    "100:megakick",
    "100:megapunch",
    "100:mimic",
    "100:mudslap",
    "100:outrage",
    "100:protect",
    "100:rage",
    "100:raindance",
    "100:rapidspin",
    "100:reflect",
    "100:rest",
    "100:return",
    "100:rockslide",
    "100:rocksmash",
    "100:rollout",
    "100:scald",
    "100:seismictoss",
    "100:skullbash",
    "100:sleeptalk",
    "100:snore",
    "100:strength",
    "100:submission",
    "100:substitute",
    "100:surf",
    "100:swagger",
    "100:tackle",
    "100:tailwhip",
    "100:takedown",
    "100:toxic",
    "100:waterfall",
    "100:watergun",
    "100:waterpledge",
    "100:waterpulse",
    "100:whirlpool",
    "100:withdraw",
    "100:zenheadbutt"
  ],
  "labels": [
    "gen1"
  ],
  "pokedex": [
    "cobblemon.species.wartortle.desc"
  ],
  "preEvolution": "squirtle",
  "evolutions": [
    {
      "id": "wartortle_blastoise",
      "variant": "level_up",
      "result": "blastoise",
      "consumeHeldItem": false,
      "learnableMoves": [
        "flashcannon"
      ],
      "requirements": [
        {
          "variant": "level",
          "minLevel": 36
        }
      ]
    }
  ],
  "baseScale": 0.9,
  "hitbox": {
    "width": 0.7,
    "height": 1.5,
    "fixed": false
  },
  "baseFriendship": 50,
  "evYield": {
    "hp": 0,
    "attack": 0,
    "defence": 1,
    "special_attack": 0,
    "special_defence": 1,
    "speed": 0
  },
  "height": 10,
  "weight": 225,
  "aspects": [],
  "cannotDynamax": false
}