{
  "implemented": true,
  "name": "Weepinbell",
  "nationalPokedexNumber": 70,
  "primaryType": "grass",
  "secondaryType": "poison",
  "abilities": [
    "chlorophyll",
    "h:gluttony"
  ],
  "baseStats": {
    "hp": 65,
    "attack": 90,
    "defence": 50,
    "special_attack": 85,
    "special_defence": 45,
    "speed": 55
  },
  "catchRate": 120,
  "maleRatio": 0.5,
  "shoulderMountable": false,
  "baseExperienceYield": 137,
  "experienceGroup": "medium_slow",
  "eggCycles": 20,
  "eggGroups": [
    "grass"
  ],
  "drops": {
    "amount": "1",
    "entries": [
      {
        "item": "cobblemon:big_root",
        "percentage": 5
      }
    ]
  },
  "moves": [
    "1:growth",
    "1:vinewhip",
    "1:wrap",
    "15:sleeppowder",
    "17:poisonpowder",
    "19:stunspore",
    "24:acid",
    "27:knockoff",
    "33:sweetscent",
    "35:gastroacid",
    "42:razorleaf",
    "47:poisonjab",
    "47:wringout",
    "54:slam",
    "100:attract",
    "100:bulletseed",
    "100:captivate",
    "100:confide",
    "100:cut",
    "100:doubleteam",
    "100:endure",
    "100:energyball",
    "100:facade",
    "100:flash",
    "100:frustration",
    "100:gigadrain",
    "100:grassknot",
    "100:hiddenpower",
    "100:infestation",
    "100:naturalgift",
    "100:naturepower",
    "100:poisonjab",
    "100:protect",
    "100:reflect",
    "100:rest",
    "100:return",
    "100:round",
    "100:secretpower",
    "100:sleeptalk",
    "100:sludgebomb",
    "100:solarbeam",
    "100:substitute",
    "100:sunnyday",
    "100:swagger",
    "100:swordsdance",
    "100:thief",
    "100:toxic",
    "100:venoshock",
    "100:acid",
    "100:attract",
    "100:bide",
    "100:bind",
    "100:bugbite",
    "100:curse",
    "100:cut",
    "100:doubleedge",
    "100:doubleteam",
    "100:endure",
    "100:facade",
    "100:flash",
    "100:frustration",
    "100:gastroacid",
    "100:gigadrain",
    "100:growth",
    "100:headbutt",
    "100:hiddenpower",
    "100:knockoff",
    "100:magicalleaf",
    "100:megadrain",
    "100:mimic",
    "100:morningsun",
    "100:poisonjab",
    "100:poisonpowder",
    "100:protect",
    "100:rage",
    "100:razorleaf",
    "100:reflect",
    "100:rest",
    "100:return",
    "100:seedbomb",
    "100:slam",
    "100:sleeppowder",
    "100:sleeptalk",
    "100:sludgebomb",
    "100:snore",
    "100:solarbeam",
    "100:stunspore",
    "100:substitute",
    "100:suckerpunch",
    "100:sunnyday",
    "100:swagger",
    "100:sweetscent",
    "100:swordsdance",
    "100:synthesis",
    "100:takedown",
    "100:toxic",
    "100:vinewhip",
    "100:worryseed",
    "100:wrap"
  ],
  "labels": [
    "gen1"
  ],
  "pokedex": [
    "cobblemon.species.weepinbell.desc"
  ],
  "preEvolution": "bellsprout",
  "evolutions": [
    {
      "id": "weepinbell_victreebel",
      "variant": "item_interact",
      "result": "victreebel",
      "consumeHeldItem": false,
      "learnableMoves": [],
      "requirements": [],
      "requiredContext": "cobblemon:leaf_stone"
    }
  ],
  "baseScale": 1,
  "hitbox": {
    "width": 0.6,
    "height": 0.9,
    "fixed": false
  },
  "baseFriendship": 70,
  "evYield": {
    "hp": 0,
    "attack": 2,
    "defence": 0,
    "special_attack": 0,
    "special_defence": 0,
    "speed": 0
  },
  "height": 10,
  "weight": 64,
  "aspects": [],
  "cannotDynamax": false
}