{
  "implemented": true,
  "name": "Weezing",
  "nationalPokedexNumber": 110,
  "primaryType": "poison",
  "abilities": [
    "levitate",
    "neutralizinggas",
    "h:stench"
  ],
  "baseStats": {
    "hp": 65,
    "attack": 90,
    "defence": 120,
    "special_attack": 85,
    "special_defence": 70,
    "speed": 60
  },
  "catchRate": 60,
  "maleRatio": 0.5,
  "shoulderMountable": false,
  "features": [
    "galarian"
  ],
  "forms": [
    {
      "name": "Galar",
      "primaryType": "poison",
      "secondaryType": "fairy",
      "abilities": [
        "levitate",
        "neutralizinggas",
        "h:mistysurge"
      ],
      "baseStats": {
        "hp": 65,
        "attack": 90,
        "defence": 120,
        "special_attack": 85,
        "special_defence": 70,
        "speed": 60
      },
      "catchRate": 60,
      "maleRatio": 0.5,
      "baseExperienceYield": 172,
      "baseFriendship": 50,
      "evYield": {
        "hp": 0,
        "attack": 0,
        "defence": 2,
        "special_attack": 0,
        "special_defence": 0,
        "speed": 0
      },
      "experienceGroup": "medium_fast",
      "eggCycles": 20,
      "eggGroups": [
        "amorphous"
      ],
      "moves": [
        "1:aromaticmist",
        "1:defog",
        "1:fairywind",
        "1:haze",
        "1:heatwave",
        "1:poisongas",
        "1:smog",
        "1:smokescreen",
        "1:strangesteam",
        "1:tackle",
        "12:clearsmog",
        "16:assurance",
        "20:sludge",
        "24:aromatherapy",
        "28:selfdestruct",
        "32:sludgebomb",
        "38:toxic",
        "44:belch",
        "50:explosion",
        "56:memento",
        "62:destinybond",
        "68:mistyterrain",
        "100:assurance",
        "100:attract",
        "100:brutalswing",
        "100:darkpulse",
        "100:dazzlinggleam",
        "100:endure",
        "100:facade",
        "100:fireblast",
        "100:flamethrower",
        "100:gigaimpact",
        "100:gyroball",
        "100:heatwave",
        "100:hyperbeam",
        "100:mistyterrain",
        "100:overheat",
        "100:payback",
        "100:playrough",
        "100:protect",
        "100:raindance",
        "100:rest",
        "100:round",
        "100:screech",
        "100:selfdestruct",
        "100:shadowball",
        "100:sleeptalk",
        "100:sludgebomb",
        "100:sludgewave",
        "100:snore",
        "100:substitute",
        "100:sunnyday",
        "100:taunt",
        "100:thief",
        "100:thunder",
        "100:thunderbolt",
        "100:toxicspikes",
        "100:uproar",
        "100:venomdrench",
        "100:venoshock",
        "100:willowisp",
        "100:wonderroom",
        "100:corrosivegas",
        "100:mistyexplosion"
      ],
      "labels": [
        "gen8",
        "galar_regional"
      ],
      "aspects": [
        "galarian"
      ],
      "height": 30,
      "weight": 160,
      "preEvolution": "koffing",
      "evolutions": [],
      "cannotDynamax": false,
      "battleOnly": false
    }
  ],
  "baseExperienceYield": 172,
  "experienceGroup": "medium_fast",
  "eggCycles": 20,
  "eggGroups": [
    "amorphous"
  ],
  "behaviour": {
    "moving": {
      "fly": {
        "canFly": true
      },
      "walk": {
        "canWalk": false
      }
    }
  },
  "drops": {
    "amount": "1",
    "entries": [
      {
        "item": "cobblemon:black_sludge",
        "percentage": 5
      }
    ]
  },
  "moves": [
    "1:heatwave",
    "1:poisongas",
    "1:selfdestruct",
    "1:smog",
    "1:tackle",
    "15:assurance",
    "19:clearsmog",
    "21:sludge",
    "25:smokescreen",
    "29:gyroball",
    "33:doublehit",
    "33:haze",
    "38:toxic",
    "44:explosion",
    "48:sludgebomb",
    "50:belch",
    "51:destinybond",
    "58:memento",
    "100:assurance",
    "100:attract",
    "100:captivate",
    "100:confide",
    "100:darkpulse",
    "100:doubleteam",
    "100:endure",
    "100:explosion",
    "100:facade",
    "100:fireblast",
    "100:flamethrower",
    "100:flash",
    "100:frustration",
    "100:gigaimpact",
    "100:gyroball",
    "100:heatwave",
    "100:hiddenpower",
    "100:hyperbeam",
    "100:incinerate",
    "100:infestation",
    "100:naturalgift",
    "100:payback",
    "100:protect",
    "100:raindance",
    "100:rest",
    "100:return",
    "100:round",
    "100:screech",
    "100:secretpower",
    "100:selfdestruct",
    "100:shadowball",
    "100:shockwave",
    "100:sleeptalk",
    "100:sludgebomb",
    "100:sludgewave",
    "100:snore",
    "100:substitute",
    "100:sunnyday",
    "100:swagger",
    "100:taunt",
    "100:thief",
    "100:thunder",
    "100:thunderbolt",
    "100:torment",
    "100:toxic",
    "100:toxicspikes",
    "100:uproar",
    "100:venomdrench",
    "100:venoshock",
    "100:willowisp",
    "100:attract",
    "100:bide",
    "100:clearsmog",
    "100:corrosivegas",
    "100:curse",
    "100:darkpulse",
    "100:destinybond",
    "100:doubleteam",
    "100:endure",
    "100:explosion",
    "100:facade",
    "100:fireblast",
    "100:flamethrower",
    "100:frustration",
    "100:haze",
    "100:headbutt",
    "100:hiddenpower",
    "100:hyperbeam",
    "100:mimic",
    "100:painsplit",
    "100:poisongas",
    "100:protect",
    "100:psybeam",
    "100:rage",
    "100:rest",
    "100:return",
    "100:rollout",
    "100:screech",
    "100:selfdestruct",
    "100:shadowball",
    "100:shockwave",
    "100:sleeptalk",
    "100:sludge",
    "100:sludgebomb",
    "100:smog",
    "100:smokescreen",
    "100:snore",
    "100:spite",
    "100:substitute",
    "100:sunnyday",
    "100:swagger",
    "100:tackle",
    "100:taunt",
    "100:thief",
    "100:thunder",
    "100:thunderbolt",
    "100:toxic",
    "100:uproar",
    "100:willowisp",
    "100:zapcannon"
  ],
  "labels": [
    "gen1",
    "kanto_regional"
  ],
  "pokedex": [
    "cobblemon.species.weezing.desc"
  ],
  "preEvolution": "koffing",
  "evolutions": [],
  "baseScale": 1.2,
  "hitbox": {
    "width": 1.12,
    "height": 1.2,
    "fixed": false
  },
  "baseFriendship": 50,
  "evYield": {
    "hp": 0,
    "attack": 0,
    "defence": 2,
    "special_attack": 0,
    "special_defence": 0,
    "speed": 0
  },
  "height": 12,
  "weight": 95,
  "aspects": [],
  "cannotDynamax": false
}