{
  "implemented": true,
  "name": "Zapdos",
  "nationalPokedexNumber": 145,
  "primaryType": "electric",
  "secondaryType": "flying",
  "abilities": [
    "pressure",
    "h:static"
  ],
  "baseStats": {
    "hp": 90,
    "attack": 90,
    "defence": 85,
    "special_attack": 125,
    "special_defence": 90,
    "speed": 100
  },
  "catchRate": 3,
  "maleRatio": -1,
  "shoulderMountable": false,
  "forms": [
    {
      "name": "Galar",
      "primaryType": "fighting",
      "secondaryType": "flying",
      "abilities": [
        "defiant"
      ],
      "baseStats": {
        "hp": 90,
        "attack": 125,
        "defence": 90,
        "special_attack": 85,
        "special_defence": 90,
        "speed": 100
      },
      "catchRate": 3,
      "maleRatio": -1,
      "baseExperienceYield": 290,
      "baseFriendship": 35,
      "evYield": {
        "hp": 0,
        "attack": 3,
        "defence": 0,
        "special_attack": 0,
        "special_defence": 0,
        "speed": 0
      },
      "experienceGroup": "slow",
      "eggCycles": 80,
      "eggGroups": [
        "undiscovered"
      ],
      "moves": [
        "1:focusenergy",
        "1:peck",
        "5:rocksmash",
        "10:lightscreen",
        "15:pluck",
        "20:agility",
        "25:ancientpower",
        "30:brickbreak",
        "35:drillpeck",
        "40:quickguard",
        "45:thunderouskick",
        "50:bulkup",
        "55:counter",
        "60:detect",
        "65:closecombat",
        "70:reversal",
        "100:acrobatics",
        "100:aerialace",
        "100:agility",
        "100:assurance",
        "100:blazekick",
        "100:bounce",
        "100:bravebird",
        "100:brickbreak",
        "100:bulkup",
        "100:closecombat",
        "100:endure",
        "100:facade",
        "100:fly",
        "100:focusenergy",
        "100:gigaimpact",
        "100:helpinghand",
        "100:hurricane",
        "100:hyperbeam",
        "100:lightscreen",
        "100:lowkick",
        "100:lowsweep",
        "100:megakick",
        "100:payback",
        "100:protect",
        "100:raindance",
        "100:rest",
        "100:retaliate",
        "100:revenge",
        "100:reversal",
        "100:round",
        "100:sandstorm",
        "100:scaryface",
        "100:screech",
        "100:sleeptalk",
        "100:snore",
        "100:steelwing",
        "100:stompingtantrum",
        "100:substitute",
        "100:sunnyday",
        "100:superpower",
        "100:swift",
        "100:tailwind",
        "100:takedown",
        "100:taunt",
        "100:terablast",
        "100:throatchop",
        "100:trailblaze",
        "100:uturn",
        "100:coaching",
        "100:drillpeck",
        "100:dualwingbeat",
        "100:focusenergy",
        "100:reversal",
        "100:thunderouskick"
      ],
      "labels": [
        "gen8",
        "legendary",
        "galar_regional"
      ],
      "aspects": [
        "galarian"
      ],
      "height": 16,
      "weight": 582,
      "evolutions": [],
      "cannotDynamax": false,
      "battleOnly": false
    }
  ],
  "baseExperienceYield": 290,
  "experienceGroup": "slow",
  "eggCycles": 80,
  "eggGroups": [
    "undiscovered"
  ],
  "behaviour": {
    "moving": {
      "fly": {
        "canFly": true
      }
    }
  },
  "moves": [
    "1:peck",
    "1:thundershock",
    "13:thunderwave",
    "22:pluck",
    "25:agility",
    "29:ancientpower",
    "37:detect",
    "49:drillpeck",
    "50:discharge",
    "57:roost",
    "61:charge",
    "73:lightscreen",
    "85:raindance",
    "85:thunder",
    "92:magneticflux",
    "92:zapcannon",
    "100:acrobatics",
    "100:aerialace",
    "100:agility",
    "100:aircutter",
    "100:batonpass",
    "100:bravebird",
    "100:chargebeam",
    "100:confide",
    "100:defog",
    "100:doubleteam",
    "100:eerieimpulse",
    "100:electricterrain",
    "100:electroball",
    "100:endure",
    "100:facade",
    "100:flash",
    "100:fly",
    "100:frustration",
    "100:gigaimpact",
    "100:hail",
    "100:heatwave",
    "100:helpinghand",
    "100:hiddenpower",
    "100:hurricane",
    "100:hyperbeam",
    "100:lightscreen",
    "100:naturalgift",
    "100:pluck",
    "100:protect",
    "100:raindance",
    "100:rest",
    "100:return",
    "100:roar",
    "100:rocksmash",
    "100:roost",
    "100:round",
    "100:sandstorm",
    "100:secretpower",
    "100:shockwave",
    "100:skydrop",
    "100:sleeptalk",
    "100:snore",
    "100:steelwing",
    "100:substitute",
    "100:sunnyday",
    "100:swagger",
    "100:swift",
    "100:tailwind",
    "100:takedown",
    "100:terablast",
    "100:thunder",
    "100:thunderbolt",
    "100:thunderwave",
    "100:toxic",
    "100:uturn",
    "100:voltswitch",
    "100:weatherball",
    "100:wildcharge",
    "100:agility",
    "100:aircutter",
    "100:ancientpower",
    "100:batonpass",
    "100:bide",
    "100:bravebird",
    "100:charge",
    "100:curse",
    "100:defog",
    "100:detect",
    "100:discharge",
    "100:doubleedge",
    "100:doubleteam",
    "100:drillpeck",
    "100:dualwingbeat",
    "100:endure",
    "100:extrasensory",
    "100:facade",
    "100:flash",
    "100:fly",
    "100:frustration",
    "100:headbutt",
    "100:heatwave",
    "100:hiddenpower",
    "100:hyperbeam",
    "100:laserfocus",
    "100:leer",
    "100:lightscreen",
    "100:metalsound",
    "100:mimic",
    "100:mudslap",
    "100:ominouswind",
    "100:peck",
    "100:pluck",
    "100:protect",
    "100:rage",
    "100:raindance",
    "100:razorwind",
    "100:reflect",
    "100:rest",
    "100:return",
    "100:risingvoltage",
    "100:roar",
    "100:rocksmash",
    "100:roost",
    "100:sandstorm",
    "100:shockwave",
    "100:signalbeam",
    "100:skyattack",
    "100:sleeptalk",
    "100:snore",
    "100:steelwing",
    "100:substitute",
    "100:sunnyday",
    "100:swagger",
    "100:swift",
    "100:tailwind",
    "100:takedown",
    "100:thunder",
    "100:thunderbolt",
    "100:thundershock",
    "100:thunderwave",
    "100:toxic",
    "100:twister",
    "100:uturn",
    "100:whirlwind",
    "100:zapcannon"
  ],
  "labels": [
    "gen1",
    "legendary",
    "kanto_regional"
  ],
  "pokedex": [
    "cobblemon.species.zapdos.desc"
  ],
  "evolutions": [],
  "baseScale": 1.5,
  "hitbox": {
    "width": 1.2,
    "height": 1.6,
    "fixed": false
  },
  "baseFriendship": 35,
  "evYield": {
    "hp": 0,
    "attack": 0,
    "defence": 0,
    "special_attack": 3,
    "special_defence": 0,
    "speed": 0
  },
  "height": 16,
  "weight": 526,
  "aspects": [],
  "cannotDynamax": false
}