{
    "enabled": true,
    "neededInstalledMods": [],
    "neededUninstalledMods": [],
    "spawns": [
        {
            "id": "gastly-1",
            "pokemon": "gastly",
            "presets": [
                "underground"
            ],
            "type": "pokemon",
            "context": "grounded",
            "bucket": "uncommon",
            "level": "8-31",
            "weight": 5.4,
            "condition": {
                "canSeeSky": false,
                "biomes": [
                    "#cobblemon:is_abyss"
                ]
            }
        },
        {
            "id": "gastly-2",
            "pokemon": "gastly",
            "presets": [
                "underground"
            ],
            "type": "pokemon",
            "context": "grounded",
            "bucket": "common",
            "level": "8-31",
            "weight": 9.0,
            "condition": {
                "canSeeSky": false,
				"maxLight": 0,
                "biomes": [
                    "#cobblemon:is_overworld"
                ]
            },
            "anticondition": {
                "biomes": [
                    "#cobblemon:is_abyss"
                ]
            }
        },
		{
            "id": "gastly-3",
            "pokemon": "gastly",
            "presets": [
                "derelict"
            ],
            "type": "pokemon",
            "context": "grounded",
            "bucket": "uncommon",
            "level": "8-31",
            "weight": 5.4,
            "condition": {
                "canSeeSky": false,
                "biomes": [
                    "#cobblemon:is_overworld"
                ]
            }
        },
        {
            "id": "gastly-4",
            "pokemon": "gastly",
            "presets": [
                "natural"
            ],
            "type": "pokemon",
            "context": "grounded",
            "bucket": "common",
            "level": "8-31",
            "weight": 9.0,
            "condition": {
                "canSeeSky": true,
				"maxLight": 0,
                "biomes": [
                    "#cobblemon:is_spooky",
					"biomesoplenty:ominous_woods",
					"cobblemon:is_haunted"
                ]
            }
        },
        {
            "id": "gastly-5",
            "pokemon": "gastly",
            "presets": [
                "natural"
            ],
            "type": "pokemon",
            "context": "grounded",
            "bucket": "common",
            "level": "8-31",
            "weight": 9.0,
            "condition": {
                "biomes": [
                    "#minecraft:is_nether"
                ]
            }
        }
    ]
}