{
    "enabled": true,
    "neededInstalledMods": [],
    "neededUninstalledMods": [],
    "spawns": [
        {
            "id": "haunter-1",
            "pokemon": "haunter",
            "presets": [
                "underground"
            ],
            "type": "pokemon",
            "context": "grounded",
            "bucket": "uncommon",
            "level": "25-40",
            "weight": 0.54,
            "condition": {
                "canSeeSky": false,
                "biomes": [
                    "#cobblemon:is_abyss"
                ]
            }
        },
        {
            "id": "haunter-2",
            "pokemon": "haunter",
            "presets": [
                "underground"
            ],
            "type": "pokemon",
            "context": "grounded",
            "bucket": "common",
            "level": "25-40",
            "weight": 0.9,
            "condition": {
                "canSeeSky": false,
				"maxLight": 0,
                "biomes": [
                    "#cobblemon:is_overworld"
                ]
            },
            "anticondition": {
                "biomes": [
                    "#cobblemon:is_abyss"
                ]
            }
        },
		{
            "id": "haunter-3",
            "pokemon": "haunter",
            "presets": [
                "derelict"
            ],
            "type": "pokemon",
            "context": "grounded",
            "bucket": "uncommon",
            "level": "25-40",
            "weight": 0.54,
            "condition": {
                "canSeeSky": false,
                "biomes": [
                    "#cobblemon:is_overworld"
                ]
            }
        },
        {
            "id": "haunter-4",
            "pokemon": "haunter",
            "presets": [
                "natural"
            ],
            "type": "pokemon",
            "context": "grounded",
            "bucket": "common",
            "level": "25-40",
            "weight": 0.9,
            "condition": {
                "canSeeSky": true,
                "maxLight": 0,
                "biomes": [
                    "#cobblemon:is_spooky",
					"biomesoplenty:ominous_woods",
					"cobblemon:is_haunted"
                ]
            }
        },
        {
            "id": "haunter-5",
            "pokemon": "haunter",
            "presets": [
                "natural"
            ],
            "type": "pokemon",
            "context": "grounded",
            "bucket": "common",
            "level": "25-40",
            "weight": 0.9,
            "condition": {
                "biomes": [
                    "#minecraft:is_nether"
                ]
            }
        }
    ]
}