{
    "enabled": "true",
    "neededInstalledMods": [],
    "neededUninstalledMods": [],
    "spawns": [
        {
            "id": "misdreavus-1",
            "pokemon": "misdreavus",
            "presets": [
                "natural"
            ],
            "type": "pokemon",
            "context": "grounded",
            "bucket": "common",
            "level": "14-43",
            "weight": 1.98,
            "condition": {
                "canSeeSky": true,
                "biomes": [
                    "#cobblemon:is_spooky"
                ],
                "maxLight": 7
            }
        },
        {
            "id": "misdreavus-2",
            "pokemon": "misdreavus",
            "presets": [
                "underground"
            ],
            "type": "pokemon",
            "context": "grounded",
            "bucket": "uncommon",
            "level": "14-43",
            "weight": 5.94,
            "condition": {
                "canSeeSky": false,
                "biomes": [
                    "#cobblemon:is_spooky",
                    "#cobblemon:is_swamp"
                ]
            }
        },
        {
            "id": "misdreavus-3",
            "pokemon": "misdreavus",
            "presets": [
                "derelict"
            ],
            "type": "pokemon",
            "context": "grounded",
            "bucket": "uncommon",
            "level": "14-43",
            "weight": 5.94,
            "condition": {
                "canSeeSky": false,
                "biomes": [
                    "#cobblemon:is_spooky",
                    "#cobblemon:is_swamp"
                ]
            }
        },
        {
            "id": "misdreavus-4",
            "pokemon": "misdreavus",
            "presets": [
                "natural"
            ],
            "type": "pokemon",
            "context": "grounded",
            "bucket": "common",
            "level": "14-43",
            "weight": 1.98,
            "condition": {
                "canSeeSky": true,
                "biomes": [
                    "#cobblemon:is_swamp"
                ],
                "timeRange": "night"
            }
        },
        {
            "id": "misdreavus-5",
            "pokemon": "misdreavus",
            "presets": [
                "natural"
            ],
            "type": "pokemon",
            "context": "grounded",
            "bucket": "common",
            "level": "14-43",
            "weight": 1.98,
            "condition": {
                "biomes": [
                    "minecraft:warped_forest",
                    "biomesoplenty:ominous_woods"
                ]
            }
        }
    ]
}