{
    "enabled": true,
    "neededInstalledMods": [],
    "neededUninstalledMods": [],
    "spawns": [
        {
            "id": "mimikyu-1",
            "pokemon": "mimikyu",
            "presets": [
                "natural"
            ],
            "type": "pokemon",
            "context": "grounded",
            "bucket": "rare",
            "level": "12-48",
            "weight": 4.0,
            "condition": {
                "biomes": [
                    "#cobblemon:is_spooky",
                    "biomesoplenty:ominous_woods"
                ]
            }
        }
    ]
}