{
  "name": "Azelf",
  "nationalPokedexNumber": 482,
  "primaryType": "psychic",
  "abilities": [
    "levitate"
  ],
  "baseStats": {
    "hp": 75,
    "attack": 125,
    "defence": 70,
    "special_attack": 125,
    "special_defence": 70,
    "speed": 115
  },
  "catchRate": 3,
  "maleRatio": -1,
  "shoulderMountable": false,
  "baseExperienceYield": 290,
  "experienceGroup": "slow",
  "eggCycles": 80,
  "eggGroups": [
    "undiscovered"
  ],
  "moves": [
    "1:confusion",
    "1:rest",
    "6:imprison",
    "16:detect",
    "21:psybeam",
    "21:swift",
    "31:uproar",
    "36:futuresight",
    "46:nastyplot",
    "49:psychic",
    "51:extrasensory",
    "61:lastresort",
    "66:naturalgift",
    "76:explosion",
    "84:mysticalpower",
    "100:acrobatics",
    "100:allyswitch",
    "100:assurance",
    "100:batonpass",
    "100:calmmind",
    "100:chargebeam",
    "100:confide",
    "100:dazzlinggleam",
    "100:doubleteam",
    "100:drainingkiss",
    "100:drainpunch",
    "100:dreameater",
    "100:encore",
    "100:endure",
    "100:energyball",
    "100:explosion",
    "100:facade",
    "100:fireblast",
    "100:firepunch",
    "100:flamethrower",
    "100:flash",
    "100:fling",
    "100:frustration",
    "100:futuresight",
    "100:gigaimpact",
    "100:grassknot",
    "100:helpinghand",
    "100:hiddenpower",
    "100:hyperbeam",
    "100:icepunch",
    "100:imprison",
    "100:incinerate",
    "100:irontail",
    "100:lightscreen",
    "100:magicroom",
    "100:metronome",
    "100:mudslap",
    "100:nastyplot",
    "100:naturalgift",
    "100:payback",
    "100:playrough",
    "100:poweruppunch",
    "100:protect",
    "100:psybeam",
    "100:psychic",
    "100:psychocut",
    "100:psychup",
    "100:psyshock",
    "100:raindance",
    "100:recycle",
    "100:reflect",
    "100:rest",
    "100:return",
    "100:round",
    "100:safeguard",
    "100:sandstorm",
    "100:secretpower",
    "100:selfdestruct",
    "100:shadowball",
    "100:shockwave",
    "100:skillswap",
    "100:sleeptalk",
    "100:snore",
    "100:stealthrock",
    "100:storedpower",
    "100:substitute",
    "100:sunnyday",
    "100:swagger",
    "100:swift",
    "100:taunt",
    "100:telekinesis",
    "100:terablast",
    "100:thunder",
    "100:thunderbolt",
    "100:thunderpunch",
    "100:thunderwave",
    "100:torment",
    "100:toxic",
    "100:triattack",
    "100:trick",
    "100:trickroom",
    "100:uproar",
    "100:uturn",
    "100:waterpulse",
    "100:wonderroom",
    "100:zenheadbutt",
    "100:allyswitch",
    "100:confusion",
    "100:dazzlinggleam",
    "100:expandingforce",
    "100:extrasensory",
    "100:facade",
    "100:firepunch",
    "100:futuresight",
    "100:headbutt",
    "100:helpinghand",
    "100:icepunch",
    "100:irontail",
    "100:knockoff",
    "100:laserfocus",
    "100:lastresort",
    "100:magiccoat",
    "100:magicroom",
    "100:mudslap",
    "100:nastyplot",
    "100:psychic",
    "100:recycle",
    "100:roleplay",
    "100:shockwave",
    "100:signalbeam",
    "100:skillswap",
    "100:sleeptalk",
    "100:snore",
    "100:stealthrock",
    "100:swift",
    "100:telekinesis",
    "100:thunderpunch",
    "100:trick",
    "100:uproar",
    "100:waterpulse",
    "100:wonderroom",
    "100:zenheadbutt"
  ],
  "labels": [
    "gen4",
    "legendary"
  ],
  "pokedex": [
    "cobblemon.species.azelf.desc"
  ],
  "evolutions": [],
  "baseScale": 1,
  "hitbox": {
    "width": 1,
    "height": 1,
    "fixed": false
  },
  "baseFriendship": 140,
  "evYield": {
    "hp": 0,
    "attack": 2,
    "defence": 0,
    "special_attack": 1,
    "special_defence": 0,
    "speed": 0
  },
  "height": 3,
  "weight": 3,
  "aspects": [],
  "cannotDynamax": false
}