{
  "name": "Bastiodon",
  "nationalPokedexNumber": 411,
  "primaryType": "rock",
  "secondaryType": "steel",
  "abilities": [
    "sturdy",
    "h:soundproof"
  ],
  "baseStats": {
    "hp": 60,
    "attack": 52,
    "defence": 168,
    "special_attack": 47,
    "special_defence": 138,
    "speed": 30
  },
  "catchRate": 45,
  "maleRatio": 0.875,
  "shoulderMountable": false,
  "baseExperienceYield": 173,
  "experienceGroup": "erratic",
  "eggCycles": 30,
  "eggGroups": [
    "monster"
  ],
  "moves": [
    "1:metalsound",
    "1:protect",
    "1:tackle",
    "1:taunt",
    "15:takedown",
    "19:irondefense",
    "24:swagger",
    "28:ancientpower",
    "30:block",
    "36:endure",
    "43:metalburst",
    "52:ironhead",
    "58:heavyslam",
    "100:attract",
    "100:avalanche",
    "100:blizzard",
    "100:bulldoze",
    "100:captivate",
    "100:confide",
    "100:dig",
    "100:doubleteam",
    "100:earthquake",
    "100:endure",
    "100:facade",
    "100:fireblast",
    "100:flamethrower",
    "100:flashcannon",
    "100:frustration",
    "100:gigaimpact",
    "100:hiddenpower",
    "100:hyperbeam",
    "100:icebeam",
    "100:incinerate",
    "100:irontail",
    "100:naturalgift",
    "100:protect",
    "100:raindance",
    "100:rest",
    "100:return",
    "100:roar",
    "100:rockpolish",
    "100:rockslide",
    "100:rocksmash",
    "100:rocktomb",
    "100:round",
    "100:sandstorm",
    "100:secretpower",
    "100:shockwave",
    "100:sleeptalk",
    "100:smackdown",
    "100:stealthrock",
    "100:stoneedge",
    "100:strength",
    "100:substitute",
    "100:sunnyday",
    "100:swagger",
    "100:taunt",
    "100:thunder",
    "100:thunderbolt",
    "100:torment",
    "100:toxic",
    "100:ancientpower",
    "100:block",
    "100:earthpower",
    "100:headbutt",
    "100:irondefense",
    "100:ironhead",
    "100:irontail",
    "100:magiccoat",
    "100:magnetrise",
    "100:mudslap",
    "100:outrage",
    "100:shockwave",
    "100:sleeptalk",
    "100:snore",
    "100:stealthrock",
    "100:stompingtantrum"
  ],
  "labels": [
    "gen4"
  ],
  "pokedex": [
    "cobblemon.species.bastiodon.desc"
  ],
  "preEvolution": "shieldon",
  "evolutions": [],
  "baseScale": 1,
  "hitbox": {
    "width": 1,
    "height": 1,
    "fixed": false
  },
  "baseFriendship": 70,
  "evYield": {
    "hp": 0,
    "attack": 0,
    "defence": 2,
    "special_attack": 0,
    "special_defence": 0,
    "speed": 0
  },
  "height": 13,
  "weight": 1495,
  "aspects": [],
  "cannotDynamax": false
}