{
  "name": "Bonsly",
  "nationalPokedexNumber": 438,
  "primaryType": "rock",
  "abilities": [
    "sturdy",
    "rockhead",
    "h:rattled"
  ],
  "baseStats": {
    "hp": 50,
    "attack": 80,
    "defence": 95,
    "special_attack": 10,
    "special_defence": 45,
    "speed": 10
  },
  "catchRate": 255,
  "maleRatio": 0.5,
  "shoulderMountable": false,
  "baseExperienceYield": 58,
  "experienceGroup": "medium_fast",
  "eggCycles": 20,
  "eggGroups": [
    "undiscovered"
  ],
  "moves": [
    "1:copycat",
    "1:faketears",
    "6:flail",
    "9:lowkick",
    "14:rockthrow",
    "17:mimic",
    "22:block",
    "22:tearfullook",
    "25:feintattack",
    "30:rocktomb",
    "33:counter",
    "33:rockslide",
    "38:slam",
    "41:suckerpunch",
    "46:doubleedge",
    "100:curse",
    "100:defensecurl",
    "100:endure",
    "100:harden",
    "100:headbutt",
    "100:rockpolish",
    "100:rollout",
    "100:sandtomb",
    "100:selfdestruct",
    "100:stealthrock",
    "100:attract",
    "100:bodyslam",
    "100:brickbreak",
    "100:bulldoze",
    "100:calmmind",
    "100:captivate",
    "100:confide",
    "100:dig",
    "100:doubleteam",
    "100:earthpower",
    "100:earthquake",
    "100:endure",
    "100:explosion",
    "100:facade",
    "100:faketears",
    "100:foulplay",
    "100:frustration",
    "100:grassknot",
    "100:helpinghand",
    "100:hiddenpower",
    "100:lowkick",
    "100:mudshot",
    "100:mudslap",
    "100:naturalgift",
    "100:naturepower",
    "100:powergem",
    "100:protect",
    "100:psychup",
    "100:rest",
    "100:return",
    "100:rockblast",
    "100:rockpolish",
    "100:rockslide",
    "100:rocktomb",
    "100:round",
    "100:sandstorm",
    "100:sandtomb",
    "100:secretpower",
    "100:selfdestruct",
    "100:sleeptalk",
    "100:smackdown",
    "100:snore",
    "100:spikes",
    "100:stealthrock",
    "100:stompingtantrum",
    "100:stoneedge",
    "100:substitute",
    "100:sunnyday",
    "100:swagger",
    "100:takedown",
    "100:terablast",
    "100:thief",
    "100:toxic",
    "100:trailblaze",
    "100:uproar",
    "100:afteryou",
    "100:block",
    "100:covet",
    "100:earthpower",
    "100:foulplay",
    "100:headbutt",
    "100:helpinghand",
    "100:lowkick",
    "100:roleplay",
    "100:rollout",
    "100:sleeptalk",
    "100:snore",
    "100:stealthrock",
    "100:stompingtantrum",
    "100:suckerpunch",
    "100:uproar"
  ],
  "labels": [
    "gen4",
    "baby"
  ],
  "pokedex": [
    "cobblemon.species.bonsly.desc"
  ],
  "evolutions": [
    {
      "id": "bonsly_sudowoodo",
      "variant": "level_up",
      "result": "sudowoodo",
      "consumeHeldItem": false,
      "learnableMoves": [],
      "requirements": [
        {
          "variant": "has_move",
          "move": "mimic"
        }
      ]
    }
  ],
  "baseScale": 1,
  "hitbox": {
    "width": 1,
    "height": 1,
    "fixed": false
  },
  "baseFriendship": 50,
  "evYield": {
    "hp": 0,
    "attack": 0,
    "defence": 1,
    "special_attack": 0,
    "special_defence": 0,
    "speed": 0
  },
  "height": 5,
  "weight": 150,
  "aspects": [],
  "cannotDynamax": false
}