{
  "name": "Bronzong",
  "nationalPokedexNumber": 437,
  "primaryType": "steel",
  "secondaryType": "psychic",
  "abilities": [
    "levitate",
    "heatproof",
    "h:heavymetal"
  ],
  "baseStats": {
    "hp": 67,
    "attack": 89,
    "defence": 116,
    "special_attack": 79,
    "special_defence": 116,
    "speed": 33
  },
  "catchRate": 90,
  "maleRatio": -1,
  "shoulderMountable": false,
  "baseExperienceYield": 175,
  "experienceGroup": "medium_fast",
  "eggCycles": 20,
  "eggGroups": [
    "mineral"
  ],
  "moves": [
    "1:confusion",
    "1:hypnosis",
    "1:imprison",
    "1:raindance",
    "1:sunnyday",
    "1:tackle",
    "1:weatherball",
    "14:confuseray",
    "15:psywave",
    "19:extrasensory",
    "26:irondefense",
    "30:safeguard",
    "31:metalsound",
    "33:block",
    "38:gyroball",
    "43:futuresight",
    "50:feintattack",
    "58:heavyslam",
    "61:payback",
    "67:healblock",
    "100:allyswitch",
    "100:bodypress",
    "100:bodyslam",
    "100:bulldoze",
    "100:calmmind",
    "100:chargebeam",
    "100:confide",
    "100:confuseray",
    "100:doubleteam",
    "100:dreameater",
    "100:earthquake",
    "100:endure",
    "100:explosion",
    "100:facade",
    "100:flash",
    "100:flashcannon",
    "100:frustration",
    "100:futuresight",
    "100:gigaimpact",
    "100:grassknot",
    "100:guardswap",
    "100:gyroball",
    "100:heavyslam",
    "100:helpinghand",
    "100:hex",
    "100:hiddenpower",
    "100:hyperbeam",
    "100:icespinner",
    "100:imprison",
    "100:irondefense",
    "100:ironhead",
    "100:lightscreen",
    "100:naturalgift",
    "100:nightshade",
    "100:payback",
    "100:powergem",
    "100:powerswap",
    "100:protect",
    "100:psybeam",
    "100:psychic",
    "100:psychicterrain",
    "100:psychup",
    "100:psyshock",
    "100:raindance",
    "100:recycle",
    "100:reflect",
    "100:rest",
    "100:return",
    "100:rockblast",
    "100:rockpolish",
    "100:rockslide",
    "100:rocksmash",
    "100:rocktomb",
    "100:round",
    "100:safeguard",
    "100:sandstorm",
    "100:secretpower",
    "100:shadowball",
    "100:skillswap",
    "100:sleeptalk",
    "100:snore",
    "100:solarbeam",
    "100:speedswap",
    "100:stealthrock",
    "100:steelbeam",
    "100:stompingtantrum",
    "100:storedpower",
    "100:strength",
    "100:substitute",
    "100:sunnyday",
    "100:swagger",
    "100:takedown",
    "100:telekinesis",
    "100:terablast",
    "100:toxic",
    "100:trick",
    "100:trickroom",
    "100:weatherball",
    "100:wonderroom",
    "100:zenheadbutt",
    "100:allyswitch",
    "100:ancientpower",
    "100:block",
    "100:expandingforce",
    "100:gravity",
    "100:irondefense",
    "100:ironhead",
    "100:meteorbeam",
    "100:recycle",
    "100:rollout",
    "100:signalbeam",
    "100:skillswap",
    "100:sleeptalk",
    "100:snore",
    "100:stealthrock",
    "100:steelbeam",
    "100:steelroller",
    "100:telekinesis",
    "100:trick",
    "100:wonderroom",
    "100:zenheadbutt"
  ],
  "labels": [
    "gen4"
  ],
  "pokedex": [
    "cobblemon.species.bronzong.desc"
  ],
  "preEvolution": "bronzor",
  "evolutions": [],
  "baseScale": 1,
  "hitbox": {
    "width": 1,
    "height": 1,
    "fixed": false
  },
  "baseFriendship": 50,
  "evYield": {
    "hp": 0,
    "attack": 0,
    "defence": 1,
    "special_attack": 0,
    "special_defence": 1,
    "speed": 0
  },
  "height": 13,
  "weight": 1870,
  "aspects": [],
  "cannotDynamax": false
}