{
  "name": "Buizel",
  "nationalPokedexNumber": 418,
  "primaryType": "water",
  "abilities": [
    "swiftswim",
    "h:waterveil"
  ],
  "baseStats": {
    "hp": 55,
    "attack": 65,
    "defence": 35,
    "special_attack": 60,
    "special_defence": 30,
    "speed": 85
  },
  "catchRate": 190,
  "maleRatio": 0.5,
  "shoulderMountable": false,
  "baseExperienceYield": 66,
  "experienceGroup": "medium_fast",
  "eggCycles": 20,
  "eggGroups": [
    "water_1",
    "field"
  ],
  "moves": [
    "1:growl",
    "1:sonicboom",
    "1:tackle",
    "1:watersport",
    "3:quickattack",
    "6:watergun",
    "7:soak",
    "10:pursuit",
    "15:swift",
    "18:bite",
    "21:aquajet",
    "27:doublehit",
    "28:agility",
    "35:liquidation",
    "36:whirlpool",
    "45:hydropump",
    "45:razorwind",
    "49:wavecrash",
    "55:aquatail",
    "100:aquaring",
    "100:aquatail",
    "100:batonpass",
    "100:doubleslap",
    "100:furycutter",
    "100:furyswipes",
    "100:headbutt",
    "100:helpinghand",
    "100:mefirst",
    "100:mudslap",
    "100:odorsleuth",
    "100:slash",
    "100:soak",
    "100:switcheroo",
    "100:tailslap",
    "100:agility",
    "100:attract",
    "100:batonpass",
    "100:blizzard",
    "100:brickbreak",
    "100:brine",
    "100:bulkup",
    "100:captivate",
    "100:chillingwater",
    "100:confide",
    "100:crunch",
    "100:dig",
    "100:dive",
    "100:doubleteam",
    "100:echoedvoice",
    "100:endure",
    "100:facade",
    "100:fling",
    "100:focuspunch",
    "100:frustration",
    "100:hail",
    "100:helpinghand",
    "100:hiddenpower",
    "100:hydropump",
    "100:icebeam",
    "100:icefang",
    "100:icepunch",
    "100:icespinner",
    "100:icywind",
    "100:irontail",
    "100:liquidation",
    "100:lowkick",
    "100:lowsweep",
    "100:mudslap",
    "100:naturalgift",
    "100:poweruppunch",
    "100:protect",
    "100:raindance",
    "100:rest",
    "100:return",
    "100:rocksmash",
    "100:rocktomb",
    "100:round",
    "100:scald",
    "100:secretpower",
    "100:sleeptalk",
    "100:strength",
    "100:substitute",
    "100:surf",
    "100:swagger",
    "100:swift",
    "100:takedown",
    "100:taunt",
    "100:terablast",
    "100:thief",
    "100:toxic",
    "100:waterfall",
    "100:waterpulse",
    "100:whirlpool",
    "100:aquatail",
    "100:dive",
    "100:focuspunch",
    "100:headbutt",
    "100:helpinghand",
    "100:icepunch",
    "100:icywind",
    "100:irontail",
    "100:mudslap",
    "100:slash",
    "100:sleeptalk",
    "100:snore",
    "100:swift",
    "100:watergun",
    "100:waterpulse",
    "100:watersport"
  ],
  "labels": [
    "gen4"
  ],
  "pokedex": [
    "cobblemon.species.buizel.desc"
  ],
  "evolutions": [
    {
      "id": "buizel_floatzel",
      "variant": "level_up",
      "result": "floatzel",
      "consumeHeldItem": false,
      "learnableMoves": [],
      "requirements": [
        {
          "variant": "level",
          "minLevel": 26
        }
      ]
    }
  ],
  "baseScale": 1,
  "hitbox": {
    "width": 1,
    "height": 1,
    "fixed": false
  },
  "baseFriendship": 70,
  "evYield": {
    "hp": 0,
    "attack": 0,
    "defence": 0,
    "special_attack": 0,
    "special_defence": 0,
    "speed": 1
  },
  "height": 7,
  "weight": 295,
  "aspects": [],
  "cannotDynamax": false
}