{
  "name": "Cresselia",
  "nationalPokedexNumber": 488,
  "primaryType": "psychic",
  "abilities": [
    "levitate"
  ],
  "baseStats": {
    "hp": 120,
    "attack": 70,
    "defence": 110,
    "special_attack": 75,
    "special_defence": 120,
    "speed": 85
  },
  "catchRate": 3,
  "maleRatio": 0,
  "shoulderMountable": false,
  "baseExperienceYield": 300,
  "experienceGroup": "slow",
  "eggCycles": 120,
  "eggGroups": [
    "undiscovered"
  ],
  "moves": [
    "1:confusion",
    "1:doubleteam",
    "11:safeguard",
    "18:psybeam",
    "20:mist",
    "24:allyswitch",
    "29:aurorabeam",
    "38:futuresight",
    "47:slash",
    "57:moonlight",
    "66:psychocut",
    "72:lunarblessing",
    "75:psychoshift",
    "84:lunardance",
    "93:psychic",
    "99:moonblast",
    "100:allyswitch",
    "100:attract",
    "100:bodyslam",
    "100:calmmind",
    "100:captivate",
    "100:chargebeam",
    "100:confide",
    "100:confuseray",
    "100:dazzlinggleam",
    "100:doubleteam",
    "100:dreameater",
    "100:endure",
    "100:energyball",
    "100:facade",
    "100:flash",
    "100:frustration",
    "100:futuresight",
    "100:gigaimpact",
    "100:grassknot",
    "100:guardswap",
    "100:helpinghand",
    "100:hiddenpower",
    "100:hyperbeam",
    "100:icebeam",
    "100:icywind",
    "100:lightscreen",
    "100:magicroom",
    "100:mudslap",
    "100:naturalgift",
    "100:powergem",
    "100:powerswap",
    "100:protect",
    "100:psybeam",
    "100:psychic",
    "100:psychicterrain",
    "100:psychocut",
    "100:psychup",
    "100:psyshock",
    "100:raindance",
    "100:recycle",
    "100:reflect",
    "100:rest",
    "100:return",
    "100:round",
    "100:safeguard",
    "100:scaryface",
    "100:secretpower",
    "100:shadowball",
    "100:skillswap",
    "100:sleeptalk",
    "100:snore",
    "100:solarbeam",
    "100:storedpower",
    "100:substitute",
    "100:sunnyday",
    "100:swagger",
    "100:swift",
    "100:telekinesis",
    "100:terablast",
    "100:thunder",
    "100:thunderbolt",
    "100:thunderwave",
    "100:toxic",
    "100:trick",
    "100:trickroom",
    "100:zenheadbutt",
    "100:allyswitch",
    "100:aurorabeam",
    "100:energyball",
    "100:expandingforce",
    "100:furycutter",
    "100:futuresight",
    "100:gravity",
    "100:helpinghand",
    "100:hiddenpower",
    "100:icebeam",
    "100:icywind",
    "100:magiccoat",
    "100:magicroom",
    "100:mist",
    "100:moonblast",
    "100:moonlight",
    "100:mudslap",
    "100:psychocut",
    "100:psyshock",
    "100:recycle",
    "100:signalbeam",
    "100:skillswap",
    "100:slash",
    "100:sleeptalk",
    "100:snore",
    "100:swift",
    "100:telekinesis",
    "100:trick",
    "100:zenheadbutt"
  ],
  "labels": [
    "gen4",
    "legendary"
  ],
  "pokedex": [
    "cobblemon.species.cresselia.desc"
  ],
  "evolutions": [],
  "baseScale": 1,
  "hitbox": {
    "width": 1,
    "height": 1,
    "fixed": false
  },
  "baseFriendship": 100,
  "evYield": {
    "hp": 0,
    "attack": 0,
    "defence": 0,
    "special_attack": 0,
    "special_defence": 3,
    "speed": 0
  },
  "height": 15,
  "weight": 856,
  "aspects": [],
  "cannotDynamax": false
}