{
  "name": "Croagunk",
  "nationalPokedexNumber": 453,
  "primaryType": "poison",
  "secondaryType": "fighting",
  "abilities": [
    "anticipation",
    "dryskin",
    "h:poisontouch"
  ],
  "baseStats": {
    "hp": 48,
    "attack": 61,
    "defence": 40,
    "special_attack": 61,
    "special_defence": 40,
    "speed": 50
  },
  "catchRate": 140,
  "maleRatio": 0.5,
  "shoulderMountable": false,
  "baseExperienceYield": 60,
  "experienceGroup": "medium_fast",
  "eggCycles": 10,
  "eggGroups": [
    "human_like"
  ],
  "moves": [
    "1:astonish",
    "3:mudslap",
    "8:poisonsting",
    "10:taunt",
    "15:pursuit",
    "16:lowkick",
    "17:feintattack",
    "22:revenge",
    "24:swagger",
    "29:mudbomb",
    "31:suckerpunch",
    "36:nastyplot",
    "36:toxic",
    "36:venoshock",
    "38:poisonjab",
    "43:sludgebomb",
    "45:flatter",
    "47:belch",
    "100:acupressure",
    "100:bulletpunch",
    "100:counter",
    "100:crosschop",
    "100:drainpunch",
    "100:dynamicpunch",
    "100:fakeout",
    "100:feint",
    "100:headbutt",
    "100:meditate",
    "100:mefirst",
    "100:quickguard",
    "100:smellingsalts",
    "100:vacuumwave",
    "100:wakeupslap",
    "100:acidspray",
    "100:aerialace",
    "100:assurance",
    "100:attract",
    "100:batonpass",
    "100:bounce",
    "100:brickbreak",
    "100:bulkup",
    "100:bulldoze",
    "100:captivate",
    "100:chillingwater",
    "100:confide",
    "100:darkpulse",
    "100:dig",
    "100:doubleteam",
    "100:drainpunch",
    "100:earthquake",
    "100:embargo",
    "100:encore",
    "100:endure",
    "100:facade",
    "100:fling",
    "100:focusblast",
    "100:focuspunch",
    "100:foulplay",
    "100:frustration",
    "100:gunkshot",
    "100:helpinghand",
    "100:hiddenpower",
    "100:icepunch",
    "100:icywind",
    "100:lowkick",
    "100:lowsweep",
    "100:megakick",
    "100:megapunch",
    "100:mudshot",
    "100:mudslap",
    "100:nastyplot",
    "100:naturalgift",
    "100:payback",
    "100:poisonjab",
    "100:poweruppunch",
    "100:protect",
    "100:raindance",
    "100:rest",
    "100:retaliate",
    "100:return",
    "100:revenge",
    "100:reversal",
    "100:rockclimb",
    "100:rockslide",
    "100:rocksmash",
    "100:rocktomb",
    "100:round",
    "100:scaryface",
    "100:screech",
    "100:secretpower",
    "100:shadowball",
    "100:shadowclaw",
    "100:sleeptalk",
    "100:sludgebomb",
    "100:sludgewave",
    "100:snatch",
    "100:snore",
    "100:strength",
    "100:substitute",
    "100:sunnyday",
    "100:swagger",
    "100:takedown",
    "100:taunt",
    "100:terablast",
    "100:thief",
    "100:thunderpunch",
    "100:torment",
    "100:toxic",
    "100:venomdrench",
    "100:venoshock",
    "100:workup",
    "100:xscissor",
    "100:astonish",
    "100:bounce",
    "100:coaching",
    "100:darkpulse",
    "100:drainpunch",
    "100:dualchop",
    "100:focuspunch",
    "100:foulplay",
    "100:furycutter",
    "100:gunkshot",
    "100:headbutt",
    "100:helpinghand",
    "100:icepunch",
    "100:icywind",
    "100:knockoff",
    "100:lashout",
    "100:lowkick",
    "100:mudslap",
    "100:poisonjab",
    "100:poisonsting",
    "100:roleplay",
    "100:sleeptalk",
    "100:snatch",
    "100:snore",
    "100:spite",
    "100:suckerpunch",
    "100:superfang",
    "100:taunt",
    "100:thunderpunch",
    "100:vacuumwave"
  ],
  "labels": [
    "gen4"
  ],
  "pokedex": [
    "cobblemon.species.croagunk.desc"
  ],
  "evolutions": [
    {
      "id": "croagunk_toxicroak",
      "variant": "level_up",
      "result": "toxicroak",
      "consumeHeldItem": false,
      "learnableMoves": [],
      "requirements": [
        {
          "variant": "level",
          "minLevel": 37
        }
      ]
    }
  ],
  "baseScale": 1,
  "hitbox": {
    "width": 1,
    "height": 1,
    "fixed": false
  },
  "baseFriendship": 100,
  "evYield": {
    "hp": 0,
    "attack": 1,
    "defence": 0,
    "special_attack": 0,
    "special_defence": 0,
    "speed": 0
  },
  "height": 7,
  "weight": 230,
  "aspects": [],
  "cannotDynamax": false
}