{
  "name": "Dialga",
  "nationalPokedexNumber": 483,
  "primaryType": "steel",
  "secondaryType": "dragon",
  "abilities": [
    "pressure",
    "h:telepathy"
  ],
  "baseStats": {
    "hp": 100,
    "attack": 120,
    "defence": 120,
    "special_attack": 150,
    "special_defence": 100,
    "speed": 90
  },
  "catchRate": 3,
  "maleRatio": -1,
  "shoulderMountable": false,
  "forms": [
    {
      "name": "Origin",
      "primaryType": "steel",
      "secondaryType": "dragon",
      "abilities": [
        "pressure",
        "h:telepathy"
      ],
      "baseStats": {
        "hp": 100,
        "attack": 100,
        "defence": 120,
        "special_attack": 150,
        "special_defence": 120,
        "speed": 90
      },
      "catchRate": 3,
      "maleRatio": -1,
      "baseFriendship": 0,
      "evYield": {
        "hp": 0,
        "attack": 0,
        "defence": 0,
        "special_attack": 3,
        "special_defence": 0,
        "speed": 0
      },
      "experienceGroup": "slow",
      "eggCycles": 120,
      "eggGroups": [
        "undiscovered"
      ],
      "moves": [],
      "labels": [
        "gen8",
        "legendary"
      ],
      "aspects": [
        "origin"
      ],
      "height": 70,
      "weight": 8500,
      "evolutions": [],
      "cannotDynamax": false,
      "battleOnly": false
    }
  ],
  "baseExperienceYield": 340,
  "experienceGroup": "slow",
  "eggCycles": 120,
  "eggGroups": [
    "undiscovered"
  ],
  "moves": [
    "1:dragonbreath",
    "1:scaryface",
    "6:metalclaw",
    "10:ancientpower",
    "15:slash",
    "19:powergem",
    "24:metalburst",
    "28:dragonclaw",
    "33:earthpower",
    "37:aurasphere",
    "40:roaroftime",
    "42:flashcannon",
    "42:irontail",
    "50:healblock",
    "100:aerialace",
    "100:aurasphere",
    "100:blizzard",
    "100:bodypress",
    "100:bodyslam",
    "100:breakingswipe",
    "100:brickbreak",
    "100:bulkup",
    "100:bulldoze",
    "100:confide",
    "100:cut",
    "100:doubleteam",
    "100:dracometeor",
    "100:dragonclaw",
    "100:dragonpulse",
    "100:dragontail",
    "100:earthpower",
    "100:earthquake",
    "100:echoedvoice",
    "100:endure",
    "100:facade",
    "100:fireblast",
    "100:flamethrower",
    "100:flash",
    "100:flashcannon",
    "100:focusblast",
    "100:frustration",
    "100:gigaimpact",
    "100:heavyslam",
    "100:hiddenpower",
    "100:honeclaws",
    "100:hyperbeam",
    "100:hypervoice",
    "100:icebeam",
    "100:incinerate",
    "100:irondefense",
    "100:ironhead",
    "100:irontail",
    "100:metalclaw",
    "100:naturalgift",
    "100:outrage",
    "100:overheat",
    "100:powergem",
    "100:protect",
    "100:psychup",
    "100:raindance",
    "100:rest",
    "100:return",
    "100:roar",
    "100:rockslide",
    "100:rocksmash",
    "100:rocktomb",
    "100:round",
    "100:safeguard",
    "100:sandstorm",
    "100:scaryface",
    "100:secretpower",
    "100:shadowclaw",
    "100:shockwave",
    "100:sleeptalk",
    "100:snore",
    "100:stealthrock",
    "100:steelbeam",
    "100:stompingtantrum",
    "100:stoneedge",
    "100:strength",
    "100:substitute",
    "100:sunnyday",
    "100:swagger",
    "100:swift",
    "100:takedown",
    "100:terablast",
    "100:thunder",
    "100:thunderbolt",
    "100:thunderwave",
    "100:toxic",
    "100:trick",
    "100:trickroom",
    "100:ancientpower",
    "100:aurasphere",
    "100:dracometeor",
    "100:dragonbreath",
    "100:dragonclaw",
    "100:dragonpulse",
    "100:earthpower",
    "100:flashcannon",
    "100:furycutter",
    "100:gravity",
    "100:headbutt",
    "100:healblock",
    "100:hypervoice",
    "100:irondefense",
    "100:ironhead",
    "100:irontail",
    "100:magnetrise",
    "100:metalburst",
    "100:metalclaw",
    "100:mudslap",
    "100:outrage",
    "100:overheat",
    "100:roaroftime",
    "100:scaleshot",
    "100:scaryface",
    "100:shockwave",
    "100:slash",
    "100:sleeptalk",
    "100:snore",
    "100:stealthrock",
    "100:steelbeam",
    "100:stompingtantrum",
    "100:swift",
    "100:twister"
  ],
  "labels": [
    "gen4",
    "legendary"
  ],
  "pokedex": [
    "cobblemon.species.dialga.desc"
  ],
  "evolutions": [],
  "baseScale": 1,
  "hitbox": {
    "width": 1,
    "height": 1,
    "fixed": false
  },
  "baseFriendship": 0,
  "evYield": {
    "hp": 0,
    "attack": 0,
    "defence": 0,
    "special_attack": 3,
    "special_defence": 0,
    "speed": 0
  },
  "height": 54,
  "weight": 6830,
  "aspects": [],
  "cannotDynamax": false
}