{
  "name": "Dusknoir",
  "nationalPokedexNumber": 477,
  "primaryType": "ghost",
  "abilities": [
    "pressure",
    "h:frisk"
  ],
  "baseStats": {
    "hp": 45,
    "attack": 100,
    "defence": 135,
    "special_attack": 65,
    "special_defence": 135,
    "speed": 45
  },
  "catchRate": 45,
  "maleRatio": 0.5,
  "shoulderMountable": false,
  "baseExperienceYield": 263,
  "experienceGroup": "fast",
  "eggCycles": 25,
  "eggGroups": [
    "amorphous"
  ],
  "moves": [
    "1:bind",
    "1:disable",
    "1:firepunch",
    "1:gravity",
    "1:icepunch",
    "1:leer",
    "1:nightshade",
    "1:thunderpunch",
    "9:foresight",
    "14:astonish",
    "17:confuseray",
    "22:shadowsneak",
    "25:pursuit",
    "30:curse",
    "33:willowisp",
    "37:shadowpunch",
    "42:hex",
    "43:meanlook",
    "45:shadowball",
    "51:payback",
    "54:destinybond",
    "61:futuresight",
    "100:allyswitch",
    "100:attract",
    "100:blizzard",
    "100:bodyslam",
    "100:brickbreak",
    "100:bulldoze",
    "100:calmmind",
    "100:captivate",
    "100:chargebeam",
    "100:confide",
    "100:darkestlariat",
    "100:darkpulse",
    "100:doubleteam",
    "100:dreameater",
    "100:earthquake",
    "100:embargo",
    "100:endure",
    "100:facade",
    "100:firepunch",
    "100:flash",
    "100:fling",
    "100:focusblast",
    "100:focuspunch",
    "100:frustration",
    "100:futuresight",
    "100:gigaimpact",
    "100:helpinghand",
    "100:hex",
    "100:hiddenpower",
    "100:hyperbeam",
    "100:icebeam",
    "100:icepunch",
    "100:icywind",
    "100:imprison",
    "100:infestation",
    "100:megakick",
    "100:megapunch",
    "100:metronome",
    "100:naturalgift",
    "100:payback",
    "100:poweruppunch",
    "100:protect",
    "100:psychic",
    "100:psychup",
    "100:raindance",
    "100:rest",
    "100:return",
    "100:revenge",
    "100:rockslide",
    "100:rocksmash",
    "100:rocktomb",
    "100:round",
    "100:secretpower",
    "100:shadowball",
    "100:skillswap",
    "100:sleeptalk",
    "100:snatch",
    "100:snore",
    "100:strength",
    "100:substitute",
    "100:sunnyday",
    "100:swagger",
    "100:taunt",
    "100:telekinesis",
    "100:thief",
    "100:thunderpunch",
    "100:torment",
    "100:toxic",
    "100:trick",
    "100:trickroom",
    "100:willowisp",
    "100:wonderroom",
    "100:allyswitch",
    "100:bind",
    "100:darkpulse",
    "100:firepunch",
    "100:focuspunch",
    "100:gravity",
    "100:headbutt",
    "100:icepunch",
    "100:icywind",
    "100:laserfocus",
    "100:mudslap",
    "100:ominouswind",
    "100:painsplit",
    "100:poltergeist",
    "100:skillswap",
    "100:skittersmack",
    "100:sleeptalk",
    "100:snatch",
    "100:snore",
    "100:spite",
    "100:suckerpunch",
    "100:telekinesis",
    "100:thunderpunch",
    "100:trick",
    "100:wonderroom"
  ],
  "labels": [
    "gen4"
  ],
  "pokedex": [
    "cobblemon.species.dusknoir.desc"
  ],
  "preEvolution": "dusclops",
  "evolutions": [],
  "baseScale": 1,
  "hitbox": {
    "width": 1,
    "height": 1,
    "fixed": false
  },
  "baseFriendship": 35,
  "evYield": {
    "hp": 0,
    "attack": 0,
    "defence": 1,
    "special_attack": 0,
    "special_defence": 2,
    "speed": 0
  },
  "height": 22,
  "weight": 1066,
  "aspects": [],
  "cannotDynamax": false
}