{
  "implemented": true,
  "name": "Empoleon",
  "nationalPokedexNumber": 395,
  "primaryType": "water",
  "secondaryType": "steel",
  "abilities": [
    "torrent",
    "h:defiant"
  ],
  "baseStats": {
    "hp": 84,
    "attack": 86,
    "defence": 88,
    "special_attack": 111,
    "special_defence": 101,
    "speed": 60
  },
  "catchRate": 45,
  "maleRatio": 0.875,
  "shoulderMountable": false,
  "baseExperienceYield": 239,
  "experienceGroup": "medium_slow",
  "eggCycles": 20,
  "eggGroups": [
    "water_1",
    "field"
  ],
  "behaviour": {
    "moving": {
      "swim": {
        "canSwimInWater": true,
        "canBreatheUnderwater": true
      }
    },
    "resting": {
      "canSleep": true,
      "willSleepOnBed": false,
      "depth": "normal",
      "light": "0-4"
    }
  },
  "drops": {
    "amount": "3",
    "entries": [
      {
        "item": "minecraft:feather",
        "quantityRange": "1-3",
        "percentage": 75
      },
      {
        "item": "minecraft:chicken"
      },
      {
        "item": "cobblemon:mystic_water",
        "percentage": 20
      }
    ]
  },
  "moves": [
    "1:bubble",
    "1:growl",
    "1:tackle",
    "11:swordsdance",
    "15:peck",
    "16:metalclaw",
    "19:bubblebeam",
    "19:swagger",
    "28:furyattack",
    "33:brine",
    "36:aquajet",
    "39:whirlpool",
    "46:mist",
    "52:drillpeck",
    "59:hydropump",
    "100:aerialace",
    "100:attract",
    "100:avalanche",
    "100:blizzard",
    "100:brickbreak",
    "100:brine",
    "100:bulldoze",
    "100:captivate",
    "100:confide",
    "100:cut",
    "100:defog",
    "100:dig",
    "100:dive",
    "100:doubleteam",
    "100:earthquake",
    "100:echoedvoice",
    "100:endure",
    "100:facade",
    "100:flashcannon",
    "100:fling",
    "100:frustration",
    "100:gigaimpact",
    "100:grassknot",
    "100:hail",
    "100:hiddenpower",
    "100:honeclaws",
    "100:hyperbeam",
    "100:icebeam",
    "100:naturalgift",
    "100:pluck",
    "100:protect",
    "100:quash",
    "100:raindance",
    "100:rest",
    "100:return",
    "100:roar",
    "100:rockclimb",
    "100:rockslide",
    "100:rocksmash",
    "100:rocktomb",
    "100:round",
    "100:scald",
    "100:secretpower",
    "100:shadowclaw",
    "100:sleeptalk",
    "100:stealthrock",
    "100:steelwing",
    "100:strength",
    "100:substitute",
    "100:surf",
    "100:swagger",
    "100:swordsdance",
    "100:toxic",
    "100:waterfall",
    "100:waterpulse",
    "100:whirlpool",
    "100:workup",
    "100:aquajet",
    "100:covet",
    "100:defog",
    "100:dive",
    "100:furycutter",
    "100:grassknot",
    "100:headbutt",
    "100:hydrocannon",
    "100:hydropump",
    "100:icebeam",
    "100:icywind",
    "100:irondefense",
    "100:knockoff",
    "100:laserfocus",
    "100:liquidation",
    "100:mudslap",
    "100:signalbeam",
    "100:sleeptalk",
    "100:snore",
    "100:stealthrock",
    "100:throatchop",
    "100:waterpledge",
    "100:waterpulse"
  ],
  "labels": [
    "gen4"
  ],
  "pokedex": [
    "cobblemon.species.empoleon.desc"
  ],
  "preEvolution": "prinplup",
  "evolutions": [],
  "baseScale": 1,
  "hitbox": {
    "width": 0.85,
    "height": 2.05,
    "fixed": false
  },
  "baseFriendship": 70,
  "evYield": {
    "hp": 0,
    "attack": 0,
    "defence": 0,
    "special_attack": 3,
    "special_defence": 0,
    "speed": 0
  },
  "height": 17,
  "weight": 845,
  "aspects": [],
  "cannotDynamax": false
}