{
  "name": "Gallade",
  "nationalPokedexNumber": 475,
  "primaryType": "psychic",
  "secondaryType": "fighting",
  "abilities": [
    "steadfast",
    "sharpness",
    "h:justified"
  ],
  "baseStats": {
    "hp": 68,
    "attack": 125,
    "defence": 65,
    "special_attack": 65,
    "special_defence": 115,
    "speed": 80
  },
  "catchRate": 45,
  "maleRatio": 1,
  "shoulderMountable": false,
  "forms": [
    {
      "name": "Mega",
      "primaryType": "psychic",
      "secondaryType": "fighting",
      "abilities": [
        "innerfocus"
      ],
      "baseStats": {
        "hp": 68,
        "attack": 165,
        "defence": 95,
        "special_attack": 65,
        "special_defence": 115,
        "speed": 110
      },
      "catchRate": 45,
      "maleRatio": 1,
      "baseExperienceYield": 278,
      "baseFriendship": 35,
      "evYield": {
        "hp": 0,
        "attack": 3,
        "defence": 0,
        "special_attack": 0,
        "special_defence": 0,
        "speed": 0
      },
      "experienceGroup": "slow",
      "eggCycles": 20,
      "eggGroups": [
        "amorphous"
      ],
      "moves": [],
      "labels": [
        "gen6",
        "mega"
      ],
      "aspects": [
        "mega"
      ],
      "height": 16,
      "weight": 564,
      "evolutions": [],
      "cannotDynamax": false,
      "battleOnly": true
    }
  ],
  "baseExperienceYield": 259,
  "experienceGroup": "slow",
  "eggCycles": 20,
  "eggGroups": [
    "human_like",
    "amorphous"
  ],
  "moves": [
    "1:aquacutter",
    "1:calmmind",
    "1:charm",
    "1:confusion",
    "1:disarmingvoice",
    "1:doubleteam",
    "1:drainingkiss",
    "1:dreameater",
    "1:futuresight",
    "1:growl",
    "1:hypnosis",
    "1:imprison",
    "1:leafblade",
    "1:leer",
    "1:lifedew",
    "1:nightslash",
    "1:psybeam",
    "1:psychic",
    "1:sacredsword",
    "1:teleport",
    "11:quickguard",
    "17:aerialace",
    "17:furycutter",
    "22:slash",
    "23:wideguard",
    "25:healpulse",
    "25:swordsdance",
    "31:psychocut",
    "36:helpinghand",
    "39:feint",
    "45:falseswipe",
    "50:protect",
    "53:closecombat",
    "64:storedpower",
    "100:aerialace",
    "100:agility",
    "100:airslash",
    "100:allyswitch",
    "100:attract",
    "100:aurasphere",
    "100:bodyslam",
    "100:brickbreak",
    "100:bulkup",
    "100:bulldoze",
    "100:calmmind",
    "100:captivate",
    "100:chargebeam",
    "100:charm",
    "100:closecombat",
    "100:confide",
    "100:confuseray",
    "100:cut",
    "100:dazzlinggleam",
    "100:disarmingvoice",
    "100:doubleteam",
    "100:drainingkiss",
    "100:drainpunch",
    "100:dreameater",
    "100:earthquake",
    "100:echoedvoice",
    "100:encore",
    "100:endure",
    "100:energyball",
    "100:facade",
    "100:falseswipe",
    "100:firepunch",
    "100:flash",
    "100:fling",
    "100:focusblast",
    "100:focuspunch",
    "100:frustration",
    "100:futuresight",
    "100:gigaimpact",
    "100:grassknot",
    "100:helpinghand",
    "100:hex",
    "100:hiddenpower",
    "100:hyperbeam",
    "100:hypervoice",
    "100:icepunch",
    "100:icywind",
    "100:imprison",
    "100:leafblade",
    "100:lightscreen",
    "100:lowkick",
    "100:lowsweep",
    "100:magicalleaf",
    "100:magicroom",
    "100:megakick",
    "100:megapunch",
    "100:mistyterrain",
    "100:naturalgift",
    "100:nightshade",
    "100:poisonjab",
    "100:poweruppunch",
    "100:protect",
    "100:psybeam",
    "100:psychic",
    "100:psychicterrain",
    "100:psychocut",
    "100:psychup",
    "100:psyshock",
    "100:raindance",
    "100:recycle",
    "100:reflect",
    "100:rest",
    "100:retaliate",
    "100:return",
    "100:revenge",
    "100:reversal",
    "100:rockslide",
    "100:rocksmash",
    "100:rocktomb",
    "100:round",
    "100:safeguard",
    "100:secretpower",
    "100:shadowball",
    "100:shadowclaw",
    "100:shockwave",
    "100:skillswap",
    "100:sleeptalk",
    "100:snatch",
    "100:snore",
    "100:solarblade",
    "100:stoneedge",
    "100:storedpower",
    "100:strength",
    "100:substitute",
    "100:sunnyday",
    "100:swagger",
    "100:swift",
    "100:swordsdance",
    "100:takedown",
    "100:taunt",
    "100:telekinesis",
    "100:terablast",
    "100:thief",
    "100:throatchop",
    "100:thunderbolt",
    "100:thunderpunch",
    "100:thunderwave",
    "100:torment",
    "100:toxic",
    "100:trick",
    "100:trickroom",
    "100:willowisp",
    "100:wonderroom",
    "100:workup",
    "100:xscissor",
    "100:zenheadbutt",
    "100:allyswitch",
    "100:coaching",
    "100:drainpunch",
    "100:dualchop",
    "100:expandingforce",
    "100:firepunch",
    "100:focuspunch",
    "100:furycutter",
    "100:headbutt",
    "100:helpinghand",
    "100:hypervoice",
    "100:icepunch",
    "100:knockoff",
    "100:laserfocus",
    "100:lowkick",
    "100:magiccoat",
    "100:magicroom",
    "100:mudslap",
    "100:painsplit",
    "100:recycle",
    "100:shockwave",
    "100:signalbeam",
    "100:skillswap",
    "100:sleeptalk",
    "100:snatch",
    "100:snore",
    "100:swift",
    "100:telekinesis",
    "100:throatchop",
    "100:thunderpunch",
    "100:trick",
    "100:tripleaxel",
    "100:vacuumwave",
    "100:wonderroom",
    "100:zenheadbutt"
  ],
  "labels": [
    "gen4"
  ],
  "pokedex": [
    "cobblemon.species.gallade.desc"
  ],
  "preEvolution": "kirlia",
  "evolutions": [],
  "baseScale": 1,
  "hitbox": {
    "width": 1,
    "height": 1,
    "fixed": false
  },
  "baseFriendship": 35,
  "evYield": {
    "hp": 0,
    "attack": 3,
    "defence": 0,
    "special_attack": 0,
    "special_defence": 0,
    "speed": 0
  },
  "height": 16,
  "weight": 520,
  "aspects": [],
  "cannotDynamax": false
}