{
  "name": "Gastrodon",
  "nationalPokedexNumber": 423,
  "primaryType": "water",
  "secondaryType": "ground",
  "abilities": [
    "stickyhold",
    "stormdrain",
    "h:sandforce"
  ],
  "baseStats": {
    "hp": 111,
    "attack": 83,
    "defence": 68,
    "special_attack": 92,
    "special_defence": 82,
    "speed": 39
  },
  "catchRate": 75,
  "maleRatio": 0.5,
  "shoulderMountable": false,
  "baseExperienceYield": 166,
  "experienceGroup": "medium_fast",
  "eggCycles": 20,
  "eggGroups": [
    "water_1",
    "amorphous"
  ],
  "moves": [
    "1:harden",
    "1:mudslap",
    "1:mudsport",
    "1:watergun",
    "1:waterpulse",
    "11:mudbomb",
    "16:hiddenpower",
    "20:ancientpower",
    "22:raindance",
    "29:bodyslam",
    "39:earthpower",
    "41:muddywater",
    "53:memento",
    "54:recover",
    "100:amnesia",
    "100:attract",
    "100:blizzard",
    "100:bodyslam",
    "100:brine",
    "100:bulldoze",
    "100:captivate",
    "100:chillingwater",
    "100:confide",
    "100:dig",
    "100:dive",
    "100:doubleteam",
    "100:earthpower",
    "100:earthquake",
    "100:endure",
    "100:facade",
    "100:flash",
    "100:frustration",
    "100:gigaimpact",
    "100:hail",
    "100:helpinghand",
    "100:hiddenpower",
    "100:hydropump",
    "100:hyperbeam",
    "100:icebeam",
    "100:icywind",
    "100:infestation",
    "100:liquidation",
    "100:muddywater",
    "100:mudshot",
    "100:mudslap",
    "100:naturalgift",
    "100:protect",
    "100:raindance",
    "100:rest",
    "100:return",
    "100:rockblast",
    "100:rockslide",
    "100:rocksmash",
    "100:rocktomb",
    "100:round",
    "100:sandstorm",
    "100:sandtomb",
    "100:scald",
    "100:secretpower",
    "100:sleeptalk",
    "100:sludgebomb",
    "100:sludgewave",
    "100:snore",
    "100:snowscape",
    "100:spikes",
    "100:stealthrock",
    "100:stompingtantrum",
    "100:stoneedge",
    "100:strength",
    "100:substitute",
    "100:surf",
    "100:swagger",
    "100:takedown",
    "100:terablast",
    "100:toxic",
    "100:waterfall",
    "100:waterpulse",
    "100:weatherball",
    "100:whirlpool",
    "100:ancientpower",
    "100:block",
    "100:dive",
    "100:earthpower",
    "100:headbutt",
    "100:icebeam",
    "100:icywind",
    "100:mudslap",
    "100:painsplit",
    "100:protect",
    "100:recover",
    "100:skittersmack",
    "100:sleeptalk",
    "100:snore",
    "100:stompingtantrum",
    "100:stringshot",
    "100:waterpulse"
  ],
  "labels": [
    "gen4"
  ],
  "pokedex": [
    "cobblemon.species.gastrodon.desc"
  ],
  "preEvolution": "shellos",
  "evolutions": [],
  "baseScale": 1,
  "hitbox": {
    "width": 1,
    "height": 1,
    "fixed": false
  },
  "baseFriendship": 50,
  "evYield": {
    "hp": 2,
    "attack": 0,
    "defence": 0,
    "special_attack": 0,
    "special_defence": 0,
    "speed": 0
  },
  "height": 9,
  "weight": 299,
  "aspects": [],
  "cannotDynamax": false
}