{
  "name": "Giratina",
  "nationalPokedexNumber": 487,
  "primaryType": "ghost",
  "secondaryType": "dragon",
  "abilities": [
    "pressure",
    "h:telepathy"
  ],
  "baseStats": {
    "hp": 150,
    "attack": 100,
    "defence": 120,
    "special_attack": 100,
    "special_defence": 120,
    "speed": 90
  },
  "catchRate": 3,
  "maleRatio": -1,
  "shoulderMountable": false,
  "baseExperienceYield": 340,
  "baseFriendship": 0,
  "evYield": {
    "hp": 3,
    "attack": 0,
    "defence": 0,
    "special_attack": 0,
    "special_defence": 0,
    "speed": 0
  },
  "experienceGroup": "slow",
  "eggCycles": 120,
  "eggGroups": [
    "undiscovered"
  ],
  "moves": [
    "1:defog",
    "1:dragonbreath",
    "1:scaryface",
    "6:ominouswind",
    "10:ancientpower",
    "15:slash",
    "19:shadowsneak",
    "24:destinybond",
    "28:dragonclaw",
    "33:earthpower",
    "37:aurasphere",
    "40:shadowforce",
    "42:shadowclaw",
    "49:painsplit",
    "50:healblock",
    "50:hex",
    "100:aerialace",
    "100:aurasphere",
    "100:bodyslam",
    "100:breakingswipe",
    "100:brutalswing",
    "100:bulldoze",
    "100:calmmind",
    "100:chargebeam",
    "100:confide",
    "100:confuseray",
    "100:cut",
    "100:darkpulse",
    "100:defog",
    "100:doubleteam",
    "100:dracometeor",
    "100:dragonclaw",
    "100:dragonpulse",
    "100:dragontail",
    "100:dreameater",
    "100:earthpower",
    "100:earthquake",
    "100:echoedvoice",
    "100:endure",
    "100:energyball",
    "100:facade",
    "100:fly",
    "100:frustration",
    "100:gigaimpact",
    "100:hex",
    "100:hiddenpower",
    "100:honeclaws",
    "100:hyperbeam",
    "100:hypervoice",
    "100:icywind",
    "100:ironhead",
    "100:irontail",
    "100:naturalgift",
    "100:outrage",
    "100:payback",
    "100:phantomforce",
    "100:protect",
    "100:psychic",
    "100:psychup",
    "100:raindance",
    "100:rest",
    "100:return",
    "100:roar",
    "100:rockclimb",
    "100:rocksmash",
    "100:round",
    "100:safeguard",
    "100:scaryface",
    "100:secretpower",
    "100:shadowball",
    "100:shadowclaw",
    "100:shockwave",
    "100:silverwind",
    "100:sleeptalk",
    "100:snore",
    "100:steelwing",
    "100:stoneedge",
    "100:strength",
    "100:substitute",
    "100:sunnyday",
    "100:swagger",
    "100:swift",
    "100:takedown",
    "100:telekinesis",
    "100:terablast",
    "100:thunder",
    "100:thunderbolt",
    "100:thunderwave",
    "100:toxic",
    "100:willowisp",
    "100:aircutter",
    "100:ancientpower",
    "100:aquatail",
    "100:aurasphere",
    "100:darkpulse",
    "100:defog",
    "100:dracometeor",
    "100:dragonbreath",
    "100:dragonclaw",
    "100:dragonpulse",
    "100:dualwingbeat",
    "100:earthpower",
    "100:furycutter",
    "100:gravity",
    "100:headbutt",
    "100:healblock",
    "100:hex",
    "100:hypervoice",
    "100:icywind",
    "100:ironhead",
    "100:irontail",
    "100:magiccoat",
    "100:mudslap",
    "100:ominouswind",
    "100:outrage",
    "100:painsplit",
    "100:poltergeist",
    "100:scaryface",
    "100:shadowball",
    "100:shadowclaw",
    "100:shadowforce",
    "100:shockwave",
    "100:slash",
    "100:sleeptalk",
    "100:snore",
    "100:spite",
    "100:swift",
    "100:tailwind",
    "100:telekinesis",
    "100:twister"
  ],
  "labels": [
    "gen4",
    "legendary"
  ],
  "pokedex": [
    "cobblemon.species.giratina.desc"
  ],
  "height": 45,
  "weight": 7500,
  "evolutions": [],
  "forms": [
    {
      "name": "Origin",
      "primaryType": "ghost",
      "secondaryType": "dragon",
      "abilities": [
        "levitate"
      ],
      "baseStats": {
        "hp": 150,
        "attack": 120,
        "defence": 100,
        "special_attack": 120,
        "special_defence": 100,
        "speed": 90
      },
      "catchRate": 3,
      "maleRatio": -1,
      "baseExperienceYield": 340,
      "baseFriendship": 0,
      "evYield": {
        "hp": 3,
        "attack": 0,
        "defence": 0,
        "special_attack": 0,
        "special_defence": 0,
        "speed": 0
      },
      "experienceGroup": "slow",
      "eggCycles": 120,
      "eggGroups": [
        "undiscovered"
      ],
      "moves": [],
      "labels": [
        "gen4",
        "legendary"
      ],
      "aspects": [
        "origin"
      ],
      "height": 69,
      "weight": 6500,
      "evolutions": [],
      "cannotDynamax": false,
      "battleOnly": false
    }
  ],
  "aspects": [],
  "cannotDynamax": false
}