{
  "implemented": true,
  "name": "Happiny",
  "nationalPokedexNumber": 440,
  "primaryType": "normal",
  "abilities": [
    "naturalcure",
    "serenegrace",
    "h:friendguard"
  ],
  "baseStats": {
    "hp": 100,
    "attack": 5,
    "defence": 5,
    "special_attack": 15,
    "special_defence": 65,
    "speed": 30
  },
  "catchRate": 130,
  "maleRatio": 0,
  "shoulderMountable": false,
  "baseExperienceYield": 110,
  "experienceGroup": "fast",
  "eggCycles": 40,
  "eggGroups": [
    "undiscovered"
  ],
  "drops": {
    "amount": "1",
    "entries": [
      {
        "item": "cobblemon:oval_stone",
        "percentage": 20
      }
    ]
  },
  "moves": [
    "1:charm",
    "1:minimize",
    "1:pound",
    "4:defensecurl",
    "5:copycat",
    "9:refresh",
    "12:disarmingvoice",
    "12:sweetkiss",
    "16:covet",
    "100:aromatherapy",
    "100:counter",
    "100:endure",
    "100:gravity",
    "100:healbell",
    "100:helpinghand",
    "100:lastresort",
    "100:metronome",
    "100:mudbomb",
    "100:naturalgift",
    "100:present",
    "100:seismictoss",
    "100:substitute",
    "100:attract",
    "100:captivate",
    "100:charm",
    "100:confide",
    "100:disarmingvoice",
    "100:doubleteam",
    "100:drainpunch",
    "100:dreameater",
    "100:echoedvoice",
    "100:endure",
    "100:facade",
    "100:fireblast",
    "100:flamethrower",
    "100:flash",
    "100:fling",
    "100:frustration",
    "100:grassknot",
    "100:hail",
    "100:helpinghand",
    "100:hiddenpower",
    "100:hypervoice",
    "100:icywind",
    "100:incinerate",
    "100:lightscreen",
    "100:metronome",
    "100:naturalgift",
    "100:protect",
    "100:psychic",
    "100:psychup",
    "100:raindance",
    "100:recycle",
    "100:rest",
    "100:return",
    "100:round",
    "100:safeguard",
    "100:secretpower",
    "100:shadowball",
    "100:shockwave",
    "100:sleeptalk",
    "100:snore",
    "100:snowscape",
    "100:solarbeam",
    "100:storedpower",
    "100:substitute",
    "100:sunnyday",
    "100:swagger",
    "100:takedown",
    "100:terablast",
    "100:thunderwave",
    "100:toxic",
    "100:uproar",
    "100:waterpulse",
    "100:workup",
    "100:zenheadbutt",
    "100:covet",
    "100:drainpunch",
    "100:endeavor",
    "100:gravity",
    "100:headbutt",
    "100:healbell",
    "100:helpinghand",
    "100:hypervoice",
    "100:icywind",
    "100:lastresort",
    "100:mudslap",
    "100:recycle",
    "100:rollout",
    "100:shockwave",
    "100:sleeptalk",
    "100:snore",
    "100:uproar",
    "100:waterpulse",
    "100:zenheadbutt"
  ],
  "labels": [
    "gen4",
    "baby"
  ],
  "pokedex": [
    "cobblemon.species.happiny.desc"
  ],
  "evolutions": [
    {
      "id": "happiny_chansey",
      "variant": "level_up",
      "result": "chansey",
      "consumeHeldItem": true,
      "learnableMoves": [],
      "requirements": [
        {
          "variant": "held_item",
          "itemCondition": "cobblemon:oval_stone"
        },
        {
          "variant": "time_range",
          "range": "day"
        }
      ]
    }
  ],
  "baseScale": 0.8,
  "hitbox": {
    "width": 0.6,
    "height": 0.7,
    "fixed": false
  },
  "baseFriendship": 140,
  "evYield": {
    "hp": 1,
    "attack": 0,
    "defence": 0,
    "special_attack": 0,
    "special_defence": 0,
    "speed": 0
  },
  "height": 6,
  "weight": 244,
  "aspects": [],
  "cannotDynamax": false
}