{
  "implemented": true,
  "name": "Kricketot",
  "nationalPokedexNumber": 401,
  "primaryType": "bug",
  "abilities": [
    "shedskin",
    "h:runaway"
  ],
  "baseStats": {
    "hp": 37,
    "attack": 25,
    "defence": 41,
    "special_attack": 25,
    "special_defence": 41,
    "speed": 25
  },
  "catchRate": 255,
  "maleRatio": 0.5,
  "shoulderMountable": false,
  "baseExperienceYield": 39,
  "experienceGroup": "medium_slow",
  "eggCycles": 15,
  "eggGroups": [
    "bug"
  ],
  "drops": {
    "amount": "1",
    "entries": [
      {
        "item": "cobblemon:metronome",
        "percentage": 2.5
      }
    ]
  },
  "moves": [
    "1:bide",
    "1:growl",
    "1:tackle",
    "6:strugglebug",
    "16:bugbite",
    "100:strugglebug",
    "100:terablast",
    "100:bugbite",
    "100:endeavor",
    "100:mudslap",
    "100:snore",
    "100:stringshot",
    "100:strugglebug",
    "100:uproar"
  ],
  "labels": [
    "gen4"
  ],
  "pokedex": [
    "cobblemon.species.kricketot.desc"
  ],
  "evolutions": [
    {
      "id": "kricketot_kricketune",
      "variant": "level_up",
      "result": "kricketune",
      "consumeHeldItem": false,
      "learnableMoves": [
        "furycutter"
      ],
      "requirements": [
        {
          "variant": "level",
          "minLevel": 10
        }
      ]
    }
  ],
  "baseScale": 1,
  "hitbox": {
    "width": 1,
    "height": 1,
    "fixed": false
  },
  "baseFriendship": 70,
  "evYield": {
    "hp": 0,
    "attack": 0,
    "defence": 1,
    "special_attack": 0,
    "special_defence": 0,
    "speed": 0
  },
  "height": 3,
  "weight": 22,
  "aspects": [],
  "cannotDynamax": false
}