{
  "name": "Lumineon",
  "nationalPokedexNumber": 457,
  "primaryType": "water",
  "abilities": [
    "swiftswim",
    "stormdrain",
    "h:waterveil"
  ],
  "baseStats": {
    "hp": 69,
    "attack": 69,
    "defence": 76,
    "special_attack": 69,
    "special_defence": 86,
    "speed": 91
  },
  "catchRate": 75,
  "maleRatio": 0.5,
  "shoulderMountable": false,
  "baseExperienceYield": 161,
  "experienceGroup": "erratic",
  "eggCycles": 20,
  "eggGroups": [
    "water_2"
  ],
  "moves": [
    "1:attract",
    "1:pound",
    "1:watergun",
    "13:raindance",
    "17:gust",
    "22:waterpulse",
    "26:captivate",
    "29:safeguard",
    "35:aquaring",
    "42:whirlpool",
    "48:uturn",
    "53:bounce",
    "59:silverwind",
    "59:tailwind",
    "66:soak",
    "100:acrobatics",
    "100:agility",
    "100:aircutter",
    "100:airslash",
    "100:attract",
    "100:blizzard",
    "100:brine",
    "100:captivate",
    "100:charm",
    "100:chillingwater",
    "100:confide",
    "100:confuseray",
    "100:dazzlinggleam",
    "100:defog",
    "100:dive",
    "100:doubleteam",
    "100:encore",
    "100:endure",
    "100:facade",
    "100:flash",
    "100:frustration",
    "100:gigaimpact",
    "100:hail",
    "100:helpinghand",
    "100:hiddenpower",
    "100:hydropump",
    "100:hyperbeam",
    "100:icebeam",
    "100:icywind",
    "100:naturalgift",
    "100:payback",
    "100:protect",
    "100:psybeam",
    "100:psychup",
    "100:raindance",
    "100:rest",
    "100:return",
    "100:round",
    "100:safeguard",
    "100:scald",
    "100:secretpower",
    "100:silverwind",
    "100:sleeptalk",
    "100:substitute",
    "100:surf",
    "100:swagger",
    "100:swift",
    "100:tailwind",
    "100:takedown",
    "100:terablast",
    "100:thief",
    "100:toxic",
    "100:uturn",
    "100:waterfall",
    "100:waterpulse",
    "100:whirlpool",
    "100:aircutter",
    "100:aquatail",
    "100:bounce",
    "100:defog",
    "100:dive",
    "100:icywind",
    "100:ominouswind",
    "100:signalbeam",
    "100:sleeptalk",
    "100:snore",
    "100:swift",
    "100:tailwind",
    "100:twister",
    "100:waterpulse"
  ],
  "labels": [
    "gen4"
  ],
  "pokedex": [
    "cobblemon.species.lumineon.desc"
  ],
  "preEvolution": "finneon",
  "evolutions": [],
  "baseScale": 1,
  "hitbox": {
    "width": 1,
    "height": 1,
    "fixed": false
  },
  "baseFriendship": 70,
  "evYield": {
    "hp": 0,
    "attack": 0,
    "defence": 0,
    "special_attack": 0,
    "special_defence": 0,
    "speed": 2
  },
  "height": 12,
  "weight": 240,
  "aspects": [],
  "cannotDynamax": false
}