{
  "implemented": true,
  "name": "Mime Jr.",
  "nationalPokedexNumber": 439,
  "primaryType": "psychic",
  "secondaryType": "fairy",
  "abilities": [
    "soundproof",
    "filter",
    "h:technician"
  ],
  "baseStats": {
    "hp": 20,
    "attack": 25,
    "defence": 45,
    "special_attack": 70,
    "special_defence": 90,
    "speed": 60
  },
  "catchRate": 145,
  "maleRatio": 0.5,
  "shoulderMountable": false,
  "baseExperienceYield": 62,
  "experienceGroup": "medium_fast",
  "eggCycles": 25,
  "eggGroups": [
    "undiscovered"
  ],
  "drops": {
    "amount": "1",
    "entries": [
      {
        "item": "cobblemon:light_clay",
        "percentage": 2.5
      }
    ]
  },
  "moves": [
    "1:barrier",
    "1:confusion",
    "1:pound",
    "1:tickle",
    "4:copycat",
    "8:meditate",
    "11:encore",
    "15:doubleslap",
    "18:mimic",
    "20:protect",
    "22:lightscreen",
    "22:reflect",
    "25:psybeam",
    "29:substitute",
    "32:recycle",
    "36:trick",
    "39:psychic",
    "40:suckerpunch",
    "43:roleplay",
    "44:dazzlinggleam",
    "46:batonpass",
    "50:safeguard",
    "52:teeterdance",
    "100:charm",
    "100:confuseray",
    "100:fakeout",
    "100:futuresight",
    "100:healingwish",
    "100:hypnosis",
    "100:icywind",
    "100:magicroom",
    "100:mimic",
    "100:nastyplot",
    "100:powersplit",
    "100:psychicterrain",
    "100:psychup",
    "100:teeterdance",
    "100:tickle",
    "100:trick",
    "100:wakeupslap",
    "100:allyswitch",
    "100:attract",
    "100:batonpass",
    "100:brickbreak",
    "100:calmmind",
    "100:captivate",
    "100:chargebeam",
    "100:charm",
    "100:confide",
    "100:dazzlinggleam",
    "100:doubleteam",
    "100:drainpunch",
    "100:dreameater",
    "100:encore",
    "100:endure",
    "100:facade",
    "100:flash",
    "100:fling",
    "100:focuspunch",
    "100:frustration",
    "100:futuresight",
    "100:grassknot",
    "100:helpinghand",
    "100:hiddenpower",
    "100:icywind",
    "100:infestation",
    "100:lightscreen",
    "100:magicroom",
    "100:mistyterrain",
    "100:nastyplot",
    "100:naturalgift",
    "100:protect",
    "100:psychic",
    "100:psychicterrain",
    "100:psychup",
    "100:psyshock",
    "100:raindance",
    "100:recycle",
    "100:reflect",
    "100:rest",
    "100:return",
    "100:round",
    "100:safeguard",
    "100:secretpower",
    "100:shadowball",
    "100:shockwave",
    "100:skillswap",
    "100:sleeptalk",
    "100:snatch",
    "100:snore",
    "100:solarbeam",
    "100:storedpower",
    "100:substitute",
    "100:sunnyday",
    "100:swagger",
    "100:taunt",
    "100:telekinesis",
    "100:thief",
    "100:thunder",
    "100:thunderbolt",
    "100:thunderwave",
    "100:torment",
    "100:toxic",
    "100:trick",
    "100:trickroom",
    "100:uproar",
    "100:wonderroom",
    "100:allyswitch",
    "100:covet",
    "100:drainpunch",
    "100:focuspunch",
    "100:headbutt",
    "100:helpinghand",
    "100:icywind",
    "100:magiccoat",
    "100:magicroom",
    "100:mudslap",
    "100:recycle",
    "100:roleplay",
    "100:shockwave",
    "100:signalbeam",
    "100:skillswap",
    "100:sleeptalk",
    "100:snatch",
    "100:snore",
    "100:telekinesis",
    "100:trick",
    "100:uproar",
    "100:wonderroom"
  ],
  "labels": [
    "gen4",
    "baby"
  ],
  "pokedex": [
    "cobblemon.species.mimejr.desc"
  ],
  "evolutions": [
    {
      "id": "mimejr_mrmime",
      "variant": "level_up",
      "result": "mrmime",
      "consumeHeldItem": false,
      "learnableMoves": [],
      "requirements": [
        {
          "variant": "has_move",
          "move": "mimic"
        }
      ]
    },
    {
      "id": "mimejr_mrmime",
      "variant": "level_up",
      "result": "mrmime form=galar",
      "consumeHeldItem": false,
      "learnableMoves": [],
      "requirements": [
        {
          "variant": "has_move",
          "move": "mimic"
        }
      ]
    }
  ],
  "baseScale": 0.6,
  "hitbox": {
    "width": 0.6,
    "height": 1.1,
    "fixed": false
  },
  "baseFriendship": 50,
  "evYield": {
    "hp": 0,
    "attack": 0,
    "defence": 0,
    "special_attack": 0,
    "special_defence": 1,
    "speed": 0
  },
  "height": 6,
  "weight": 130,
  "aspects": [],
  "cannotDynamax": false
}