{
  "implemented": true,
  "name": "Pachirisu",
  "nationalPokedexNumber": 417,
  "primaryType": "electric",
  "abilities": [
    "runaway",
    "pickup",
    "h:voltabsorb"
  ],
  "baseStats": {
    "hp": 60,
    "attack": 45,
    "defence": 70,
    "special_attack": 45,
    "special_defence": 90,
    "speed": 95
  },
  "catchRate": 200,
  "maleRatio": 0.5,
  "shoulderMountable": false,
  "baseExperienceYield": 142,
  "experienceGroup": "medium_fast",
  "eggCycles": 10,
  "eggGroups": [
    "field",
    "fairy"
  ],
  "moves": [
    "1:bide",
    "1:growl",
    "1:thundershock",
    "5:quickattack",
    "9:charm",
    "13:spark",
    "17:endure",
    "19:nuzzle",
    "21:swift",
    "25:electroball",
    "25:sweetkiss",
    "29:discharge",
    "33:superfang",
    "33:thunderwave",
    "37:lastresort",
    "49:hyperfang",
    "49:thunder",
    "100:babydolleyes",
    "100:bestow",
    "100:bite",
    "100:charge",
    "100:covet",
    "100:defensecurl",
    "100:faketears",
    "100:flail",
    "100:flatter",
    "100:followme",
    "100:iondeluge",
    "100:irontail",
    "100:rollout",
    "100:tailwhip",
    "100:aerialace",
    "100:agility",
    "100:attract",
    "100:captivate",
    "100:chargebeam",
    "100:charm",
    "100:confide",
    "100:cut",
    "100:dig",
    "100:doubleteam",
    "100:echoedvoice",
    "100:eerieimpulse",
    "100:electricterrain",
    "100:electroball",
    "100:encore",
    "100:endure",
    "100:facade",
    "100:faketears",
    "100:flash",
    "100:fling",
    "100:frustration",
    "100:gigaimpact",
    "100:grassknot",
    "100:gunkshot",
    "100:helpinghand",
    "100:hiddenpower",
    "100:hyperbeam",
    "100:irontail",
    "100:lightscreen",
    "100:mudshot",
    "100:mudslap",
    "100:naturalgift",
    "100:playrough",
    "100:protect",
    "100:raindance",
    "100:rest",
    "100:return",
    "100:round",
    "100:secretpower",
    "100:seedbomb",
    "100:shockwave",
    "100:sleeptalk",
    "100:substitute",
    "100:sunnyday",
    "100:swagger",
    "100:swift",
    "100:takedown",
    "100:terablast",
    "100:thief",
    "100:thunder",
    "100:thunderbolt",
    "100:thunderfang",
    "100:thunderpunch",
    "100:thunderwave",
    "100:toxic",
    "100:trailblaze",
    "100:uturn",
    "100:voltswitch",
    "100:wildcharge",
    "100:covet",
    "100:electroweb",
    "100:followme",
    "100:gunkshot",
    "100:headbutt",
    "100:helpinghand",
    "100:irontail",
    "100:laserfocus",
    "100:lastresort",
    "100:magnetrise",
    "100:mudslap",
    "100:nuzzle",
    "100:protect",
    "100:quickattack",
    "100:rollout",
    "100:seedbomb",
    "100:shockwave",
    "100:sleeptalk",
    "100:snore",
    "100:superfang",
    "100:swift",
    "100:thunderpunch",
    "100:uproar"
  ],
  "labels": [
    "gen4"
  ],
  "pokedex": [
    "cobblemon.species.pachirisu.desc"
  ],
  "evolutions": [],
  "baseScale": 0.5,
  "hitbox": {
    "width": 0.9,
    "height": 1.3,
    "fixed": false
  },
  "baseFriendship": 100,
  "evYield": {
    "hp": 0,
    "attack": 0,
    "defence": 0,
    "special_attack": 0,
    "special_defence": 0,
    "speed": 1
  },
  "height": 4,
  "weight": 39,
  "aspects": [],
  "cannotDynamax": false
}