{
  "name": "Roserade",
  "nationalPokedexNumber": 407,
  "primaryType": "grass",
  "secondaryType": "poison",
  "abilities": [
    "naturalcure",
    "poisonpoint",
    "h:technician"
  ],
  "baseStats": {
    "hp": 60,
    "attack": 70,
    "defence": 65,
    "special_attack": 125,
    "special_defence": 105,
    "speed": 90
  },
  "catchRate": 75,
  "maleRatio": 0.5,
  "shoulderMountable": false,
  "baseExperienceYield": 258,
  "experienceGroup": "medium_slow",
  "eggCycles": 20,
  "eggGroups": [
    "fairy",
    "grass"
  ],
  "moves": [
    "1:absorb",
    "1:aromatherapy",
    "1:gigadrain",
    "1:grassyterrain",
    "1:growth",
    "1:ingrain",
    "1:leechseed",
    "1:magicalleaf",
    "1:megadrain",
    "1:petalblizzard",
    "1:petaldance",
    "1:poisonsting",
    "1:stunspore",
    "1:sweetscent",
    "1:synthesis",
    "1:toxic",
    "1:toxicspikes",
    "1:venomdrench",
    "1:weatherball",
    "1:worryseed",
    "100:attract",
    "100:bodyslam",
    "100:bulletseed",
    "100:captivate",
    "100:confide",
    "100:cut",
    "100:dazzlinggleam",
    "100:doubleteam",
    "100:endure",
    "100:energyball",
    "100:facade",
    "100:flash",
    "100:frustration",
    "100:gigadrain",
    "100:gigaimpact",
    "100:grassknot",
    "100:grassyterrain",
    "100:hiddenpower",
    "100:hyperbeam",
    "100:leafstorm",
    "100:magicalleaf",
    "100:naturalgift",
    "100:naturepower",
    "100:pinmissile",
    "100:poisonjab",
    "100:powerwhip",
    "100:protect",
    "100:psychup",
    "100:raindance",
    "100:rest",
    "100:return",
    "100:round",
    "100:secretpower",
    "100:seedbomb",
    "100:shadowball",
    "100:sleeptalk",
    "100:sludgebomb",
    "100:snore",
    "100:solarbeam",
    "100:spikes",
    "100:substitute",
    "100:sunnyday",
    "100:swagger",
    "100:swift",
    "100:swordsdance",
    "100:toxic",
    "100:toxicspikes",
    "100:uproar",
    "100:venomdrench",
    "100:venoshock",
    "100:weatherball",
    "100:covet",
    "100:furycutter",
    "100:gigadrain",
    "100:grassyglide",
    "100:laserfocus",
    "100:mudslap",
    "100:seedbomb",
    "100:sleeptalk",
    "100:snore",
    "100:swift",
    "100:synthesis",
    "100:worryseed"
  ],
  "labels": [
    "gen4"
  ],
  "pokedex": [
    "cobblemon.species.roserade.desc"
  ],
  "preEvolution": "roselia",
  "evolutions": [],
  "baseScale": 1,
  "hitbox": {
    "width": 1,
    "height": 1,
    "fixed": false
  },
  "baseFriendship": 50,
  "evYield": {
    "hp": 0,
    "attack": 0,
    "defence": 0,
    "special_attack": 3,
    "special_defence": 0,
    "speed": 0
  },
  "height": 9,
  "weight": 145,
  "aspects": [],
  "cannotDynamax": false
}