{
  "name": "Shinx",
  "nationalPokedexNumber": 403,
  "primaryType": "electric",
  "abilities": [
    "rivalry",
    "intimidate",
    "h:guts"
  ],
  "baseStats": {
    "hp": 45,
    "attack": 65,
    "defence": 34,
    "special_attack": 40,
    "special_defence": 34,
    "speed": 45
  },
  "catchRate": 235,
  "maleRatio": 0.5,
  "shoulderMountable": false,
  "baseExperienceYield": 53,
  "experienceGroup": "medium_slow",
  "eggCycles": 20,
  "eggGroups": [
    "field"
  ],
  "moves": [
    "1:tackle",
    "4:thundershock",
    "5:leer",
    "9:charge",
    "11:babydolleyes",
    "13:bite",
    "13:spark",
    "21:roar",
    "24:voltswitch",
    "25:swagger",
    "29:crunch",
    "29:thunderfang",
    "32:thunderwave",
    "37:scaryface",
    "41:discharge",
    "45:wildcharge",
    "100:babydolleyes",
    "100:doublekick",
    "100:eerieimpulse",
    "100:faketears",
    "100:firefang",
    "100:helpinghand",
    "100:howl",
    "100:icefang",
    "100:nightslash",
    "100:quickattack",
    "100:shockwave",
    "100:signalbeam",
    "100:swift",
    "100:takedown",
    "100:thunderfang",
    "100:attract",
    "100:captivate",
    "100:chargebeam",
    "100:confide",
    "100:confuseray",
    "100:crunch",
    "100:doubleteam",
    "100:eerieimpulse",
    "100:electricterrain",
    "100:electroball",
    "100:endure",
    "100:facade",
    "100:faketears",
    "100:firefang",
    "100:flash",
    "100:frustration",
    "100:helpinghand",
    "100:hiddenpower",
    "100:icefang",
    "100:irontail",
    "100:lightscreen",
    "100:naturalgift",
    "100:playrough",
    "100:protect",
    "100:psychicfangs",
    "100:raindance",
    "100:rest",
    "100:return",
    "100:roar",
    "100:round",
    "100:scaryface",
    "100:secretpower",
    "100:shockwave",
    "100:sleeptalk",
    "100:snarl",
    "100:snore",
    "100:strength",
    "100:substitute",
    "100:sunnyday",
    "100:swagger",
    "100:swift",
    "100:takedown",
    "100:terablast",
    "100:thief",
    "100:thunder",
    "100:thunderbolt",
    "100:thunderfang",
    "100:thunderwave",
    "100:toxic",
    "100:trailblaze",
    "100:voltswitch",
    "100:wildcharge",
    "100:charge",
    "100:furycutter",
    "100:headbutt",
    "100:helpinghand",
    "100:irontail",
    "100:magnetrise",
    "100:mudslap",
    "100:nightslash",
    "100:risingvoltage",
    "100:shockwave",
    "100:signalbeam",
    "100:sleeptalk",
    "100:snore",
    "100:swift"
  ],
  "labels": [
    "gen4"
  ],
  "pokedex": [
    "cobblemon.species.shinx.desc"
  ],
  "evolutions": [
    {
      "id": "shinx_luxio",
      "variant": "level_up",
      "result": "luxio",
      "consumeHeldItem": false,
      "learnableMoves": [],
      "requirements": [
        {
          "variant": "level",
          "minLevel": 15
        }
      ]
    }
  ],
  "baseScale": 1,
  "hitbox": {
    "width": 1,
    "height": 1,
    "fixed": false
  },
  "baseFriendship": 50,
  "evYield": {
    "hp": 0,
    "attack": 1,
    "defence": 0,
    "special_attack": 0,
    "special_defence": 0,
    "speed": 0
  },
  "height": 5,
  "weight": 95,
  "aspects": [],
  "cannotDynamax": false
}