{
  "name": "Skuntank",
  "nationalPokedexNumber": 435,
  "primaryType": "poison",
  "secondaryType": "dark",
  "abilities": [
    "stench",
    "aftermath",
    "h:keeneye"
  ],
  "baseStats": {
    "hp": 103,
    "attack": 93,
    "defence": 67,
    "special_attack": 71,
    "special_defence": 61,
    "speed": 84
  },
  "catchRate": 60,
  "maleRatio": 0.5,
  "shoulderMountable": false,
  "baseExperienceYield": 168,
  "experienceGroup": "medium_fast",
  "eggCycles": 20,
  "eggGroups": [
    "field"
  ],
  "moves": [
    "1:focusenergy",
    "1:poisongas",
    "1:scratch",
    "7:screech",
    "10:furyswipes",
    "14:smokescreen",
    "18:feint",
    "20:toxic",
    "21:bite",
    "21:venoshock",
    "22:slash",
    "31:nightslash",
    "32:acidspray",
    "34:flamethrower",
    "37:venomdrench",
    "39:suckerpunch",
    "41:memento",
    "52:explosion",
    "56:belch",
    "100:acidspray",
    "100:assurance",
    "100:attract",
    "100:bodyslam",
    "100:captivate",
    "100:confide",
    "100:crunch",
    "100:cut",
    "100:darkpulse",
    "100:defog",
    "100:dig",
    "100:doubleteam",
    "100:endure",
    "100:explosion",
    "100:facade",
    "100:fireblast",
    "100:firespin",
    "100:flamethrower",
    "100:focusenergy",
    "100:foulplay",
    "100:frustration",
    "100:gigaimpact",
    "100:gunkshot",
    "100:helpinghand",
    "100:hex",
    "100:hiddenpower",
    "100:honeclaws",
    "100:hyperbeam",
    "100:incinerate",
    "100:irontail",
    "100:nastyplot",
    "100:naturalgift",
    "100:payback",
    "100:playrough",
    "100:poisonjab",
    "100:poisontail",
    "100:protect",
    "100:raindance",
    "100:rest",
    "100:return",
    "100:roar",
    "100:rocksmash",
    "100:round",
    "100:scaryface",
    "100:screech",
    "100:secretpower",
    "100:shadowball",
    "100:shadowclaw",
    "100:sleeptalk",
    "100:sludgebomb",
    "100:snarl",
    "100:snatch",
    "100:snore",
    "100:strength",
    "100:substitute",
    "100:sunnyday",
    "100:swagger",
    "100:swift",
    "100:tailslap",
    "100:takedown",
    "100:taunt",
    "100:terablast",
    "100:thief",
    "100:throatchop",
    "100:torment",
    "100:toxic",
    "100:toxicspikes",
    "100:trailblaze",
    "100:venomdrench",
    "100:venoshock",
    "100:burningjealousy",
    "100:corrosivegas",
    "100:darkpulse",
    "100:defog",
    "100:foulplay",
    "100:furycutter",
    "100:headbutt",
    "100:irontail",
    "100:lashout",
    "100:mudslap",
    "100:sleeptalk",
    "100:snatch",
    "100:snore",
    "100:suckerpunch",
    "100:swift",
    "100:throatchop"
  ],
  "labels": [
    "gen4"
  ],
  "pokedex": [
    "cobblemon.species.skuntank.desc"
  ],
  "preEvolution": "stunky",
  "evolutions": [],
  "baseScale": 1,
  "hitbox": {
    "width": 1,
    "height": 1,
    "fixed": false
  },
  "baseFriendship": 50,
  "evYield": {
    "hp": 2,
    "attack": 0,
    "defence": 0,
    "special_attack": 0,
    "special_defence": 0,
    "speed": 0
  },
  "height": 10,
  "weight": 380,
  "aspects": [],
  "cannotDynamax": false
}