{
  "name": "Togekiss",
  "nationalPokedexNumber": 468,
  "primaryType": "fairy",
  "secondaryType": "flying",
  "abilities": [
    "hustle",
    "serenegrace",
    "h:superluck"
  ],
  "baseStats": {
    "hp": 85,
    "attack": 50,
    "defence": 95,
    "special_attack": 120,
    "special_defence": 115,
    "speed": 80
  },
  "catchRate": 30,
  "maleRatio": 0.875,
  "shoulderMountable": false,
  "baseExperienceYield": 273,
  "experienceGroup": "fast",
  "eggCycles": 10,
  "eggGroups": [
    "flying",
    "fairy"
  ],
  "moves": [
    "1:afteryou",
    "1:airslash",
    "1:ancientpower",
    "1:aurasphere",
    "1:batonpass",
    "1:charm",
    "1:doubleedge",
    "1:extremespeed",
    "1:fairywind",
    "1:followme",
    "1:growl",
    "1:lastresort",
    "1:lifedew",
    "1:metronome",
    "1:pound",
    "1:safeguard",
    "1:skyattack",
    "1:sweetkiss",
    "1:triattack",
    "1:wish",
    "1:yawn",
    "100:aerialace",
    "100:airslash",
    "100:allyswitch",
    "100:amnesia",
    "100:attract",
    "100:aurasphere",
    "100:batonpass",
    "100:bodyslam",
    "100:brickbreak",
    "100:captivate",
    "100:charm",
    "100:confide",
    "100:dazzlinggleam",
    "100:defog",
    "100:doubleteam",
    "100:drainingkiss",
    "100:drainpunch",
    "100:dreameater",
    "100:echoedvoice",
    "100:encore",
    "100:endure",
    "100:facade",
    "100:fireblast",
    "100:flamethrower",
    "100:flash",
    "100:fling",
    "100:fly",
    "100:focuspunch",
    "100:frustration",
    "100:futuresight",
    "100:gigaimpact",
    "100:grassknot",
    "100:heatwave",
    "100:helpinghand",
    "100:hiddenpower",
    "100:hyperbeam",
    "100:hypervoice",
    "100:imprison",
    "100:incinerate",
    "100:lightscreen",
    "100:magicalleaf",
    "100:megakick",
    "100:megapunch",
    "100:metronome",
    "100:mysticalfire",
    "100:nastyplot",
    "100:naturalgift",
    "100:playrough",
    "100:pluck",
    "100:protect",
    "100:psychic",
    "100:psychup",
    "100:psyshock",
    "100:raindance",
    "100:reflect",
    "100:rest",
    "100:retaliate",
    "100:return",
    "100:rocksmash",
    "100:roost",
    "100:round",
    "100:safeguard",
    "100:secretpower",
    "100:shadowball",
    "100:shockwave",
    "100:silverwind",
    "100:sleeptalk",
    "100:smartstrike",
    "100:snore",
    "100:solarbeam",
    "100:steelwing",
    "100:storedpower",
    "100:substitute",
    "100:sunnyday",
    "100:swagger",
    "100:swift",
    "100:telekinesis",
    "100:thunderwave",
    "100:toxic",
    "100:triattack",
    "100:trick",
    "100:uproar",
    "100:waterpulse",
    "100:workup",
    "100:zenheadbutt",
    "100:afteryou",
    "100:aircutter",
    "100:airslash",
    "100:ancientpower",
    "100:aurasphere",
    "100:covet",
    "100:defog",
    "100:drainpunch",
    "100:dualwingbeat",
    "100:endeavor",
    "100:extremespeed",
    "100:focuspunch",
    "100:headbutt",
    "100:healbell",
    "100:heatwave",
    "100:hypervoice",
    "100:laserfocus",
    "100:lastresort",
    "100:magiccoat",
    "100:mudslap",
    "100:ominouswind",
    "100:present",
    "100:rollout",
    "100:roost",
    "100:shockwave",
    "100:signalbeam",
    "100:skyattack",
    "100:sleeptalk",
    "100:snore",
    "100:swift",
    "100:tailwind",
    "100:telekinesis",
    "100:trick",
    "100:twister",
    "100:waterpulse",
    "100:zenheadbutt"
  ],
  "labels": [
    "gen4"
  ],
  "pokedex": [
    "cobblemon.species.togekiss.desc"
  ],
  "preEvolution": "togetic",
  "evolutions": [],
  "baseScale": 1,
  "hitbox": {
    "width": 1,
    "height": 1,
    "fixed": false
  },
  "baseFriendship": 50,
  "evYield": {
    "hp": 0,
    "attack": 0,
    "defence": 0,
    "special_attack": 2,
    "special_defence": 1,
    "speed": 0
  },
  "height": 15,
  "weight": 380,
  "aspects": [],
  "cannotDynamax": false
}