{
  "implemented": true,
  "name": "Torterra",
  "nationalPokedexNumber": 389,
  "primaryType": "grass",
  "secondaryType": "ground",
  "abilities": [
    "overgrow",
    "h:shellarmor"
  ],
  "baseStats": {
    "hp": 95,
    "attack": 109,
    "defence": 105,
    "special_attack": 75,
    "special_defence": 85,
    "speed": 56
  },
  "catchRate": 45,
  "maleRatio": 0.875,
  "shoulderMountable": false,
  "baseExperienceYield": 236,
  "experienceGroup": "medium_slow",
  "eggCycles": 20,
  "eggGroups": [
    "monster",
    "grass"
  ],
  "drops": {
    "amount": "1",
    "entries": [
      {
        "item": "cobblemon:miracle_seed",
        "percentage": 20
      }
    ]
  },
  "behaviour": {
    "resting": {
      "canSleep": true,
      "willSleepOnBed": false,
      "depth": "normal",
      "light": "0-4"
    }
  },
  "moves": [
    "1:absorb",
    "1:razorleaf",
    "1:tackle",
    "1:withdraw",
    "1:woodhammer",
    "17:curse",
    "22:bite",
    "27:megadrain",
    "32:earthquake",
    "33:leechseed",
    "39:synthesis",
    "45:crunch",
    "51:gigadrain",
    "57:leafstorm",
    "100:attract",
    "100:bulldoze",
    "100:bulletseed",
    "100:captivate",
    "100:confide",
    "100:cut",
    "100:doubleteam",
    "100:earthquake",
    "100:endure",
    "100:energyball",
    "100:facade",
    "100:flash",
    "100:frustration",
    "100:gigadrain",
    "100:gigaimpact",
    "100:grassknot",
    "100:hiddenpower",
    "100:hyperbeam",
    "100:irontail",
    "100:lightscreen",
    "100:naturalgift",
    "100:naturepower",
    "100:protect",
    "100:reflect",
    "100:rest",
    "100:return",
    "100:roar",
    "100:rockclimb",
    "100:rockpolish",
    "100:rockslide",
    "100:rocksmash",
    "100:rocktomb",
    "100:round",
    "100:safeguard",
    "100:sandstorm",
    "100:secretpower",
    "100:sleeptalk",
    "100:solarbeam",
    "100:stealthrock",
    "100:stoneedge",
    "100:strength",
    "100:substitute",
    "100:sunnyday",
    "100:swagger",
    "100:swordsdance",
    "100:toxic",
    "100:workup",
    "100:block",
    "100:earthpower",
    "100:earthquake",
    "100:frenzyplant",
    "100:gigadrain",
    "100:grasspledge",
    "100:headbutt",
    "100:ironhead",
    "100:irontail",
    "100:mudslap",
    "100:outrage",
    "100:seedbomb",
    "100:sleeptalk",
    "100:snore",
    "100:stealthrock",
    "100:stompingtantrum",
    "100:stoneedge",
    "100:superpower",
    "100:synthesis",
    "100:woodhammer",
    "100:worryseed"
  ],
  "labels": [
    "gen4"
  ],
  "pokedex": [
    "cobblemon.species.torterra.desc"
  ],
  "preEvolution": "grotle",
  "evolutions": [],
  "baseScale": 1,
  "hitbox": {
    "width": 1,
    "height": 1,
    "fixed": false
  },
  "baseFriendship": 70,
  "evYield": {
    "hp": 0,
    "attack": 2,
    "defence": 1,
    "special_attack": 0,
    "special_defence": 0,
    "speed": 0
  },
  "height": 22,
  "weight": 3100,
  "aspects": [],
  "cannotDynamax": false
}