{
  "implemented": true,
  "name": "Turtwig",
  "nationalPokedexNumber": 387,
  "primaryType": "grass",
  "abilities": [
    "overgrow",
    "h:shellarmor"
  ],
  "baseStats": {
    "hp": 55,
    "attack": 68,
    "defence": 64,
    "special_attack": 45,
    "special_defence": 55,
    "speed": 31
  },
  "behaviour": {
    "resting": {
      "canSleep": true,
      "willSleepOnBed": true,
      "depth": "normal",
      "light": "0-4"
    }
  },
  "catchRate": 45,
  "maleRatio": 0.875,
  "shoulderMountable": false,
  "baseExperienceYield": 64,
  "experienceGroup": "medium_slow",
  "eggCycles": 20,
  "eggGroups": [
    "monster",
    "grass"
  ],
  "drops": {
    "amount": "1",
    "entries": [
      {
        "item": "cobblemon:miracle_seed",
        "percentage": 5
      }
    ]
  },
  "moves": [
    "1:tackle",
    "5:withdraw",
    "9:absorb",
    "13:razorleaf",
    "17:curse",
    "21:bite",
    "25:megadrain",
    "29:leechseed",
    "33:synthesis",
    "37:crunch",
    "41:gigadrain",
    "45:leafstorm",
    "100:amnesia",
    "100:bodyslam",
    "100:doubleedge",
    "100:earthpower",
    "100:grassyterrain",
    "100:growth",
    "100:heavyslam",
    "100:sandtomb",
    "100:seedbomb",
    "100:spitup",
    "100:stockpile",
    "100:superpower",
    "100:swallow",
    "100:thrash",
    "100:tickle",
    "100:wideguard",
    "100:worryseed",
    "100:attract",
    "100:bulletseed",
    "100:captivate",
    "100:confide",
    "100:cut",
    "100:doubleteam",
    "100:endure",
    "100:energyball",
    "100:facade",
    "100:flash",
    "100:frustration",
    "100:gigadrain",
    "100:grassknot",
    "100:hiddenpower",
    "100:irontail",
    "100:lightscreen",
    "100:naturalgift",
    "100:naturepower",
    "100:protect",
    "100:reflect",
    "100:rest",
    "100:return",
    "100:rockclimb",
    "100:rocksmash",
    "100:round",
    "100:safeguard",
    "100:secretpower",
    "100:sleeptalk",
    "100:solarbeam",
    "100:stealthrock",
    "100:strength",
    "100:substitute",
    "100:sunnyday",
    "100:swagger",
    "100:swordsdance",
    "100:toxic",
    "100:workup",
    "100:absorb",
    "100:earthpower",
    "100:gigadrain",
    "100:grasspledge",
    "100:headbutt",
    "100:irontail",
    "100:mudslap",
    "100:seedbomb",
    "100:sleeptalk",
    "100:snore",
    "100:stealthrock",
    "100:stockpile",
    "100:superpower",
    "100:synthesis",
    "100:tackle",
    "100:withdraw",
    "100:worryseed"
  ],
  "labels": [
    "gen4"
  ],
  "pokedex": [
    "cobblemon.species.turtwig.desc"
  ],
  "evolutions": [
    {
      "id": "turtwig_grotle",
      "variant": "level_up",
      "result": "grotle",
      "consumeHeldItem": false,
      "learnableMoves": [],
      "requirements": [
        {
          "variant": "level",
          "minLevel": 18
        }
      ]
    }
  ],
  "baseScale": 0.9,
  "hitbox": {
    "width": 0.75,
    "height": 1,
    "fixed": false
  },
  "baseFriendship": 70,
  "evYield": {
    "hp": 0,
    "attack": 1,
    "defence": 0,
    "special_attack": 0,
    "special_defence": 0,
    "speed": 0
  },
  "height": 4,
  "weight": 102,
  "aspects": [],
  "cannotDynamax": false
}