{
  "implemented": true,
  "name": "Weavile",
  "nationalPokedexNumber": 461,
  "primaryType": "dark",
  "secondaryType": "ice",
  "abilities": [
    "pressure",
    "h:pickpocket"
  ],
  "baseStats": {
    "hp": 70,
    "attack": 120,
    "defence": 65,
    "special_attack": 45,
    "special_defence": 85,
    "speed": 125
  },
  "catchRate": 45,
  "maleRatio": 0.5,
  "shoulderMountable": false,
  "baseExperienceYield": 179,
  "experienceGroup": "medium_slow",
  "eggCycles": 20,
  "eggGroups": [
    "field"
  ],
  "drops": {
    "amount": "2",
    "entries": [
      {
        "item": "cobblemon:razor_claw",
        "percentage": 10
      },
      {
        "item": "cobblemon:quick_claw",
        "percentage": 10
      }
    ]
  },
  "moves": [
    "1:agility",
    "1:assurance",
    "1:beatup",
    "1:embargo",
    "1:iceshard",
    "1:leer",
    "1:quickattack",
    "1:revenge",
    "1:scratch",
    "1:slash",
    "1:taunt",
    "10:screech",
    "14:feintattack",
    "21:furyswipes",
    "24:nastyplot",
    "28:icywind",
    "35:honeclaws",
    "35:nightslash",
    "38:fling",
    "40:snatch",
    "42:metalclaw",
    "44:punishment",
    "49:darkpulse",
    "100:aerialace",
    "100:agility",
    "100:assurance",
    "100:attract",
    "100:avalanche",
    "100:batonpass",
    "100:beatup",
    "100:blizzard",
    "100:brickbreak",
    "100:calmmind",
    "100:captivate",
    "100:chillingwater",
    "100:confide",
    "100:cut",
    "100:darkpulse",
    "100:dig",
    "100:doubleteam",
    "100:dreameater",
    "100:embargo",
    "100:endure",
    "100:facade",
    "100:faketears",
    "100:falseswipe",
    "100:fling",
    "100:focusblast",
    "100:focuspunch",
    "100:foulplay",
    "100:frustration",
    "100:gigaimpact",
    "100:hail",
    "100:helpinghand",
    "100:hiddenpower",
    "100:honeclaws",
    "100:hyperbeam",
    "100:icebeam",
    "100:icepunch",
    "100:icespinner",
    "100:iciclespear",
    "100:icywind",
    "100:irontail",
    "100:lowkick",
    "100:lowsweep",
    "100:megakick",
    "100:megapunch",
    "100:metalclaw",
    "100:metronome",
    "100:nastyplot",
    "100:naturalgift",
    "100:payback",
    "100:poisonjab",
    "100:poweruppunch",
    "100:protect",
    "100:psychocut",
    "100:psychup",
    "100:raindance",
    "100:reflect",
    "100:rest",
    "100:retaliate",
    "100:return",
    "100:revenge",
    "100:rocksmash",
    "100:round",
    "100:scaryface",
    "100:screech",
    "100:secretpower",
    "100:shadowball",
    "100:shadowclaw",
    "100:sleeptalk",
    "100:snarl",
    "100:snatch",
    "100:snore",
    "100:snowscape",
    "100:strength",
    "100:substitute",
    "100:sunnyday",
    "100:surf",
    "100:swagger",
    "100:swift",
    "100:swordsdance",
    "100:takedown",
    "100:taunt",
    "100:terablast",
    "100:thief",
    "100:throatchop",
    "100:torment",
    "100:toxic",
    "100:trailblaze",
    "100:waterpulse",
    "100:whirlpool",
    "100:xscissor",
    "100:brickbreak",
    "100:darkpulse",
    "100:fakeout",
    "100:focuspunch",
    "100:foulplay",
    "100:furycutter",
    "100:headbutt",
    "100:icepunch",
    "100:iceshard",
    "100:icywind",
    "100:irontail",
    "100:knockoff",
    "100:laserfocus",
    "100:lashout",
    "100:lowkick",
    "100:mudslap",
    "100:nightslash",
    "100:sleeptalk",
    "100:snatch",
    "100:snore",
    "100:spite",
    "100:swift",
    "100:throatchop",
    "100:tripleaxel",
    "100:xscissor"
  ],
  "labels": [
    "gen4"
  ],
  "pokedex": [
    "cobblemon.species.weavile.desc"
  ],
  "preEvolution": "sneasel",
  "evolutions": [],
  "baseScale": 1.0,
  "hitbox": {
    "width": 0.7,
    "height": 1.2,
    "fixed": false
  },
  "baseFriendship": 35,
  "evYield": {
    "hp": 0,
    "attack": 1,
    "defence": 0,
    "special_attack": 0,
    "special_defence": 0,
    "speed": 1
  },
  "height": 11,
  "weight": 340,
  "aspects": [],
  "cannotDynamax": false
}