{
  "implemented": true,
  "name": "Yanmega",
  "nationalPokedexNumber": 469,
  "primaryType": "bug",
  "secondaryType": "flying",
  "abilities": [
    "speedboost",
    "tintedlens",
    "h:frisk"
  ],
  "baseStats": {
    "hp": 86,
    "attack": 76,
    "defence": 86,
    "special_attack": 116,
    "special_defence": 56,
    "speed": 95
  },
  "catchRate": 30,
  "maleRatio": 0.5,
  "shoulderMountable": false,
  "baseExperienceYield": 180,
  "experienceGroup": "medium_fast",
  "eggCycles": 20,
  "eggGroups": [
    "bug"
  ],
  "behaviour": {
    "moving": {
      "swim": {
        "canWalkOnWater": true
      },
      "fly": {
        "canFly": true
      }
    }
  },
  "moves": [
    "1:bugbite",
    "1:doubleteam",
    "1:foresight",
    "1:nightslash",
    "1:quickattack",
    "1:tackle",
    "14:sonicboom",
    "17:detect",
    "22:supersonic",
    "27:uproar",
    "30:pursuit",
    "33:ancientpower",
    "38:feint",
    "38:slash",
    "43:screech",
    "46:uturn",
    "49:airslash",
    "54:bugbuzz",
    "100:aerialace",
    "100:attract",
    "100:captivate",
    "100:confide",
    "100:defog",
    "100:doubleteam",
    "100:dreameater",
    "100:endure",
    "100:facade",
    "100:flash",
    "100:frustration",
    "100:gigadrain",
    "100:gigaimpact",
    "100:hiddenpower",
    "100:hyperbeam",
    "100:leechlife",
    "100:naturalgift",
    "100:protect",
    "100:psychic",
    "100:psychup",
    "100:rest",
    "100:return",
    "100:roost",
    "100:round",
    "100:secretpower",
    "100:shadowball",
    "100:silverwind",
    "100:sleeptalk",
    "100:solarbeam",
    "100:steelwing",
    "100:strugglebug",
    "100:substitute",
    "100:sunnyday",
    "100:swagger",
    "100:thief",
    "100:toxic",
    "100:uturn",
    "100:aircutter",
    "100:ancientpower",
    "100:bugbite",
    "100:defog",
    "100:gigadrain",
    "100:headbutt",
    "100:laserfocus",
    "100:mudslap",
    "100:ominouswind",
    "100:roost",
    "100:signalbeam",
    "100:sleeptalk",
    "100:snore",
    "100:stringshot",
    "100:swift",
    "100:tailwind",
    "100:uproar"
  ],
  "labels": [
    "gen4"
  ],
  "pokedex": [
    "cobblemon.species.yanmega.desc"
  ],
  "preEvolution": "yanma",
  "evolutions": [],
  "baseScale": 1,
  "hitbox": {
    "width": 1.6,
    "height": 1.4,
    "fixed": false
  },
  "baseFriendship": 70,
  "evYield": {
    "hp": 0,
    "attack": 2,
    "defence": 0,
    "special_attack": 0,
    "special_defence": 0,
    "speed": 0
  },
  "height": 19,
  "weight": 515,
  "aspects": [],
  "cannotDynamax": false
}