{
  "name": "Audino",
  "nationalPokedexNumber": 531,
  "primaryType": "normal",
  "abilities": [
    "healer",
    "regenerator",
    "h:klutz"
  ],
  "baseStats": {
    "hp": 103,
    "attack": 60,
    "defence": 86,
    "special_attack": 60,
    "special_defence": 86,
    "speed": 50
  },
  "catchRate": 255,
  "maleRatio": 0.5,
  "shoulderMountable": false,
  "forms": [
    {
      "name": "Mega",
      "primaryType": "normal",
      "secondaryType": "fairy",
      "abilities": [
        "healer"
      ],
      "baseStats": {
        "hp": 103,
        "attack": 60,
        "defence": 126,
        "special_attack": 80,
        "special_defence": 126,
        "speed": 50
      },
      "catchRate": 255,
      "maleRatio": 0.5,
      "baseExperienceYield": 425,
      "baseFriendship": 50,
      "evYield": {
        "hp": 2,
        "attack": 0,
        "defence": 0,
        "special_attack": 0,
        "special_defence": 0,
        "speed": 0
      },
      "experienceGroup": "fast",
      "eggCycles": 20,
      "eggGroups": [
        "fairy"
      ],
      "moves": [],
      "labels": [
        "gen6",
        "mega"
      ],
      "aspects": [
        "mega"
      ],
      "height": 15,
      "weight": 320,
      "evolutions": [],
      "cannotDynamax": false,
      "battleOnly": true
    }
  ],
  "baseExperienceYield": 390,
  "experienceGroup": "fast",
  "eggCycles": 20,
  "eggGroups": [
    "fairy"
  ],
  "moves": [
    "1:growl",
    "1:helpinghand",
    "1:hypervoice",
    "1:mistyterrain",
    "1:playnice",
    "1:pound",
    "5:babydolleyes",
    "5:refresh",
    "10:doubleslap",
    "13:disarmingvoice",
    "15:attract",
    "20:secretpower",
    "20:zenheadbutt",
    "24:lifedew",
    "25:entrainment",
    "30:takedown",
    "35:healpulse",
    "40:afteryou",
    "45:simplebeam",
    "50:doubleedge",
    "55:lastresort",
    "100:amnesia",
    "100:bestow",
    "100:drainingkiss",
    "100:encore",
    "100:healbell",
    "100:healingwish",
    "100:luckychant",
    "100:sleeptalk",
    "100:sweetkiss",
    "100:wish",
    "100:yawn",
    "100:allyswitch",
    "100:amnesia",
    "100:attract",
    "100:blizzard",
    "100:bodyslam",
    "100:calmmind",
    "100:chargebeam",
    "100:confide",
    "100:dazzlinggleam",
    "100:dig",
    "100:doubleteam",
    "100:drainingkiss",
    "100:drainpunch",
    "100:dreameater",
    "100:echoedvoice",
    "100:encore",
    "100:endure",
    "100:facade",
    "100:fireblast",
    "100:firepunch",
    "100:flamethrower",
    "100:flash",
    "100:fling",
    "100:frustration",
    "100:gigaimpact",
    "100:grassknot",
    "100:helpinghand",
    "100:hiddenpower",
    "100:hyperbeam",
    "100:hypervoice",
    "100:icebeam",
    "100:icepunch",
    "100:icywind",
    "100:incinerate",
    "100:irontail",
    "100:lightscreen",
    "100:lowkick",
    "100:megakick",
    "100:megapunch",
    "100:mistyterrain",
    "100:poweruppunch",
    "100:protect",
    "100:psychic",
    "100:psychup",
    "100:psyshock",
    "100:raindance",
    "100:reflect",
    "100:rest",
    "100:retaliate",
    "100:return",
    "100:round",
    "100:safeguard",
    "100:secretpower",
    "100:shadowball",
    "100:skillswap",
    "100:sleeptalk",
    "100:snore",
    "100:solarbeam",
    "100:stompingtantrum",
    "100:substitute",
    "100:sunnyday",
    "100:surf",
    "100:swagger",
    "100:telekinesis",
    "100:throatchop",
    "100:thunder",
    "100:thunderbolt",
    "100:thunderpunch",
    "100:thunderwave",
    "100:toxic",
    "100:trickroom",
    "100:uproar",
    "100:wildcharge",
    "100:workup",
    "100:zenheadbutt",
    "100:afteryou",
    "100:allyswitch",
    "100:covet",
    "100:doubleslap",
    "100:drainpunch",
    "100:encore",
    "100:firepunch",
    "100:focuspunch",
    "100:gravity",
    "100:healbell",
    "100:healpulse",
    "100:helpinghand",
    "100:hypervoice",
    "100:icepunch",
    "100:icywind",
    "100:irontail",
    "100:knockoff",
    "100:laserfocus",
    "100:lastresort",
    "100:lowkick",
    "100:magiccoat",
    "100:painsplit",
    "100:present",
    "100:refresh",
    "100:roleplay",
    "100:signalbeam",
    "100:simplebeam",
    "100:skillswap",
    "100:sleeptalk",
    "100:snatch",
    "100:snore",
    "100:stompingtantrum",
    "100:telekinesis",
    "100:throatchop",
    "100:thunderbolt",
    "100:thunderpunch",
    "100:trickroom",
    "100:uproar",
    "100:yawn",
    "100:zenheadbutt"
  ],
  "labels": [
    "gen5"
  ],
  "pokedex": [
    "cobblemon.species.audino.desc"
  ],
  "evolutions": [],
  "baseScale": 1,
  "hitbox": {
    "width": 1,
    "height": 1,
    "fixed": false
  },
  "baseFriendship": 50,
  "evYield": {
    "hp": 2,
    "attack": 0,
    "defence": 0,
    "special_attack": 0,
    "special_defence": 0,
    "speed": 0
  },
  "height": 11,
  "weight": 310,
  "aspects": [],
  "cannotDynamax": false
}