{
  "implemented": true,
  "name": "Basculin",
  "nationalPokedexNumber": 550,
  "primaryType": "water",
  "abilities": [
    "reckless",
    "adaptability",
    "h:moldbreaker"
  ],
  "baseStats": {
    "hp": 70,
    "attack": 92,
    "defence": 65,
    "special_attack": 80,
    "special_defence": 55,
    "speed": 98
  },
  "catchRate": 25,
  "maleRatio": 0.5,
  "shoulderMountable": false,
  "baseExperienceYield": 161,
  "experienceGroup": "medium_fast",
  "eggCycles": 40,
  "eggGroups": [
    "water_2"
  ],
  "behaviour": {
    "moving": {
      "canLook": false,
      "walk": {
        "avoidsLand": true
      },
      "swim": {
        "swimSpeed": 0.1,
        "canSwimInWater": true,
        "canBreatheUnderwater": true
      }
    }
  },
  "drops": {
    "amount": "1",
    "entries": [
      {
        "item": "minecraft:salmon"
      },
      {
        "item": "minecraft:bone_meal",
        "percentage": 5
      }
    ]
  },
  "moves": [
    "1:tackle",
    "1:tailwhip",
    "1:watergun",
    "4:uproar",
    "7:headbutt",
    "10:bite",
    "13:aquajet",
    "16:chipaway",
    "20:takedown",
    "24:crunch",
    "28:aquatail",
    "32:soak",
    "36:doubleedge",
    "41:scaryface",
    "44:wavecrash",
    "46:flail",
    "46:headsmash",
    "51:finalgambit",
    "56:thrash",
    "100:agility",
    "100:brine",
    "100:bubblebeam",
    "100:endeavor",
    "100:headsmash",
    "100:muddywater",
    "100:mudshot",
    "100:rage",
    "100:revenge",
    "100:swift",
    "100:whirlpool",
    "100:agility",
    "100:assurance",
    "100:attract",
    "100:blizzard",
    "100:bounce",
    "100:brine",
    "100:chillingwater",
    "100:confide",
    "100:crunch",
    "100:cut",
    "100:dive",
    "100:doubleteam",
    "100:endure",
    "100:facade",
    "100:frustration",
    "100:gigaimpact",
    "100:hail",
    "100:hiddenpower",
    "100:hydropump",
    "100:hyperbeam",
    "100:icebeam",
    "100:icefang",
    "100:icywind",
    "100:liquidation",
    "100:muddywater",
    "100:mudshot",
    "100:protect",
    "100:psychicfangs",
    "100:raindance",
    "100:rest",
    "100:return",
    "100:revenge",
    "100:reversal",
    "100:round",
    "100:scald",
    "100:scaryface",
    "100:secretpower",
    "100:sleeptalk",
    "100:snore",
    "100:snowscape",
    "100:substitute",
    "100:superpower",
    "100:surf",
    "100:swagger",
    "100:swift",
    "100:takedown",
    "100:taunt",
    "100:terablast",
    "100:toxic",
    "100:uproar",
    "100:waterfall",
    "100:waterpulse",
    "100:whirlpool",
    "100:zenheadbutt",
    "100:agility",
    "100:aquatail",
    "100:bounce",
    "100:endeavor",
    "100:flipturn",
    "100:headbutt",
    "100:icywind",
    "100:liquidation",
    "100:scaleshot",
    "100:sleeptalk",
    "100:snore",
    "100:superpower",
    "100:uproar",
    "100:zenheadbutt"
  ],
  "labels": [
    "gen5"
  ],
  "pokedex": [
    "cobblemon.species.basculin.desc"
  ],
  "evolutions": [],
  "baseScale": 1,
  "hitbox": {
    "width": 1.1,
    "height": 0.8,
    "fixed": false
  },
  "baseFriendship": 50,
  "evYield": {
    "hp": 0,
    "attack": 0,
    "defence": 0,
    "special_attack": 0,
    "special_defence": 0,
    "speed": 2
  },
  "height": 10,
  "weight": 180,
  "forms": [
    {
      "name": "Blue-Striped",
      "primaryType": "water",
      "abilities": [
        "rockhead",
        "adaptability",
        "h:moldbreaker"
      ],
      "baseStats": {
        "hp": 70,
        "attack": 92,
        "defence": 65,
        "special_attack": 80,
        "special_defence": 55,
        "speed": 98
      },
      "catchRate": 25,
      "maleRatio": 0.5,
      "baseExperienceYield": 161,
      "baseFriendship": 50,
      "evYield": {
        "hp": 0,
        "attack": 0,
        "defence": 0,
        "special_attack": 0,
        "special_defence": 0,
        "speed": 2
      },
      "experienceGroup": "medium_fast",
      "eggCycles": 40,
      "eggGroups": [
        "water_2"
      ],
      "moves": [],
      "labels": [
        "gen5"
      ],
      "aspects": [
        "bluestriped"
      ],
      "height": 10,
      "weight": 180,
      "evolutions": [],
      "cannotDynamax": false,
      "battleOnly": false
    },
    {
      "name": "White-Striped",
      "primaryType": "water",
      "abilities": [
        "rattled",
        "adaptability",
        "h:moldbreaker"
      ],
      "baseStats": {
        "hp": 70,
        "attack": 92,
        "defence": 65,
        "special_attack": 80,
        "special_defence": 55,
        "speed": 98
      },
      "catchRate": 25,
      "maleRatio": 0.5,
      "baseFriendship": 50,
      "evYield": {
        "hp": 0,
        "attack": 0,
        "defence": 0,
        "special_attack": 0,
        "special_defence": 0,
        "speed": 2
      },
      "experienceGroup": "medium_fast",
      "eggCycles": 40,
      "eggGroups": [
        "water_2"
      ],
      "moves": [
        "1:tailwhip",
        "1:watergun",
        "4:tackle",
        "8:flail",
        "12:aquajet",
        "16:bite",
        "20:scaryface",
        "24:headbutt",
        "28:soak",
        "32:crunch",
        "36:takedown",
        "40:uproar",
        "44:wavecrash",
        "48:thrash",
        "52:doubleedge",
        "56:headsmash",
        "100:endeavor",
        "100:lastrespects",
        "100:agility",
        "100:blizzard",
        "100:chillingwater",
        "100:crunch",
        "100:endure",
        "100:facade",
        "100:hydropump",
        "100:icebeam",
        "100:icefang",
        "100:icywind",
        "100:liquidation",
        "100:mudshot",
        "100:protect",
        "100:psychicfangs",
        "100:raindance",
        "100:rest",
        "100:scaryface",
        "100:sleeptalk",
        "100:snowscape",
        "100:substitute",
        "100:surf",
        "100:swift",
        "100:takedown",
        "100:terablast",
        "100:waterfall",
        "100:waterpulse",
        "100:zenheadbutt"
      ],
      "labels": [
        "gen8"
      ],
      "aspects": [
        "whitestriped"
      ],
      "height": 10,
      "weight": 180,
      "evolutions": [
        {
          "id": "basculin_basculegion",
          "variant": "level_up",
          "result": "basculegion",
          "consumeHeldItem": false,
          "learnableMoves": [],
          "requirements": [
            {
              "variant": "recoil",
              "amount": 294
            }
          ]
        },
        {
          "id": "basculin_basculegion",
          "variant": "level_up",
          "result": "basculegion form=f",
          "consumeHeldItem": false,
          "learnableMoves": [],
          "requirements": [
            {
              "variant": "recoil",
              "amount": 294
            }
          ]
        }
      ],
      "cannotDynamax": false,
      "battleOnly": false
    }
  ],
  "aspects": [
    "redstriped"
  ],
  "cannotDynamax": false
}