{
  "replace": false,
  "values": [
	"#cobblemon:is_arid",
	"#cobblemon:is_frigid",
	"#cobblemon:is_mountain",
	"#cobblemon:is_mushroom",
	"#cobblemon:is_taiga",
	{
      "id": "terralith:skylands_autumn",
      "required": false
    },
	{
      "id": "biomesoplenty:maple_woods",
      "required": false
    },
	{
      "id": "biomesoplenty:pumpkin_patch",
      "required": false
    },
	{
      "id": "biomesoplenty:prairie",
      "required": false
    },
	{
      "id": "biomesoplenty:seasonal_forest",
      "required": false
    },
	{
      "id": "biomesoplenty:redwood_forest",
      "required": false
    },
	{
      "id": "biomesoplenty:seasonal_orchard",
      "required": false
    }
  ]
}