{
  "replace": false,
  "values": [
    "minecraft:deep_dark",
	{
      "id": "terralith:crystal_caves",
      "required": false
    },
	{
      "id": "terralith:deep_caves",
      "required": false
    },
	{
      "id": "terralith:frostfire_caves",
      "required": false
    },
	{
      "id": "terralith:mantle_caves",
      "required": false
    },
	{
      "id": "biomesoplenty:crystalline_chasm",
      "required": false
    },
	{
      "id": "biomesoplenty:withered_abyss",
      "required": false
    },
	{
      "id": "terralith:tuff_caves",
      "required": false
    }
  ]
}
