{
  "replace": false,
  "values": [
    "#minecraft:is_forest",
    {
      "id": "terralith:alpha_islands",
      "required": false
    },
	{
      "id": "terralith:alpha_islands_winter",
      "required": false
    },
	{
      "id": "terralith:blooming_valley",
      "required": false
    },
	{
      "id": "terralith:forested_highlands",
      "required": false
    },
	{
      "id": "terralith:lavender_forest",
      "required": false
    },
	{
      "id": "terralith:lavender_valley",
      "required": false
    },
	{
      "id": "terralith:mirage_isles",
      "required": false
    },
	{
      "id": "terralith:sakura_grove",
      "required": false
    },
	{
      "id": "terralith:sakura_valley",
      "required": false
    },
	{
      "id": "biomesoplenty:fir_clearing",
      "required": false
    },
	{
      "id": "biomesoplenty:forested_field",
      "required": false
    },
	{
      "id": "biomesoplenty:old_growth_woodland",
      "required": false
    },
	{
      "id": "biomesoplenty:redwood_forest",
      "required": false
    },
	{
      "id": "biomesoplenty:grassland",
      "required": false
    },
	{
      "id": "biomesoplenty:woodland",
      "required": false
    },
	{
      "id": "biomesoplenty:coniferous_forest",
      "required": false
    },
	{
      "id": "terralith:temperate_highlands",
      "required": false
    }
  ]
}
