{
  "replace": false,
  "values": [
    "minecraft:flower_forest",
	"minecraft:meadow",
	"minecraft:sunflower_plains",
    {
      "id": "#byg:is_floral",
      "required": false
    },
	{
      "id": "byg:amaranth_fields",
      "required": false
    },
	{
      "id": "byg:allium_fields",
      "required": false
    },
	{
      "id": "byg:rose_fields",
      "required": false
    },
	{
      "id": "byg:skyris_vale",
      "required": false
    },
	{
      "id": "byg:cherry_blossom_forest",
      "required": false
    },
	{
      "id": "byg:orchard",
      "required": false
    },
	{
      "id": "terralith:blooming_plateau",
      "required": false
    },
	{
      "id": "terralith:blooming_valley",
      "required": false
    },
	{
      "id": "terralith:lavender_forest",
      "required": false
    },
	{
      "id": "terralith:lavender_valley",
      "required": false
    },
	{
      "id": "terralith:sakura_grove",
      "required": false
    },
	{
      "id": "biomesoplenty:cherry_blossom_grove",
      "required": false
    },
	{
      "id": "biomesoplenty:clover_patch",
      "required": false
    },
	{
      "id": "biomesoplenty:lavender_forest",
      "required": false
    },
	{
      "id": "biomesoplenty:lavender_field",
      "required": false
    },
	{
      "id": "biomesoplenty:mystic_grove",
      "required": false
    },
	{
      "id": "biomesoplenty:orchard",
      "required": false
    },
	{
      "id": "biomesoplenty:highland_moor",
      "required": false
    },
	{
      "id": "terralith:sakura_valley",
      "required": false
    }
  ]
}
