{
  "replace": false,
  "values": [
    "#cobblemon:is_plains",
    "#cobblemon:is_savanna",
	{
      "id": "biomesoplenty:grassland",
      "required": false
    },
	{
      "id": "biomesoplenty:clover_patch",
      "required": false
    },
	{
      "id": "biomesoplenty:field",
      "required": false
    },
	{
      "id": "biomesoplenty:lavender_field",
      "required": false
    },
	{
      "id": "biomesoplenty:mediterranean_forest",
      "required": false
    },
	{
      "id": "biomesoplenty:orchard",
      "required": false
    },
	{
      "id": "biomesoplenty:pasture",
      "required": false
    },
	{
      "id": "biomesoplenty:dead_forest",
      "required": false
    },
	{
      "id": "biomesoplenty:wooded_scrubland",
      "required": false
    },
	{
      "id": "biomesoplenty:scrubland",
      "required": false
    },
	{
      "id": "biomesoplenty:pumpkin_patch",
      "required": false
    },
	{
      "id": "biomesoplenty:shrubland",
      "required": false
    },
  ]
}
