{
  "replace": false,
  "values": [
    "#minecraft:is_hill",
	"#cobblemon:is_highlands",
    {
      "id": "terralith:blooming_valley",
      "required": false
    },
	{
      "id": "terralith:forested_highlands",
      "required": false
    },
	{
      "id": "terralith:lavender_valley",
      "required": false
    },
	{
      "id": "terralith:lush_valley",
      "required": false
    },
	{
      "id": "terralith:moonlight_valley",
      "required": false
    },
	{
      "id": "terralith:sakura_valley",
      "required": false
    },
	{
      "id": "terralith:savanna_slopes",
      "required": false
    },
	{
      "id": "biomesoplenty:jade_cliffs",
      "required": false
    },
	{
      "id": "biomesoplenty:highland",
      "required": false
    },
	{
      "id": "biomesoplenty:highland_moor",
      "required": false
    },
	{
      "id": "biomesoplenty:fir_clearing",
      "required": false
    },
	{
      "id": "terralith:temperate_highlands",
      "required": false
    },
	{
      "id": "terralith:yosemite_lowlands",
      "required": false
    }
  ]
}
