{
  "replace": false,
  "values": [
    "#minecraft:is_jungle",
    {
      "id": "terralith:underground_jungle",
      "required": false
    },
	{
      "id": "biomesoplenty:rocky_rainforest",
      "required": false
    },
	{
      "id": "biomesoplenty:rainforest",
      "required": false
    },
	{
      "id": "biomesoplenty:tropics",
      "required": false
    },
	{
      "id": "biomesoplenty:fungal_jungle",
      "required": false
    },
	{
      "id": "biomesoplenty:bamboo_grove",
      "required": false
    }
  ]
}
