{
  "replace": false,
  "values": [
    "minecraft:dark_forest",
    {
      "id": "#byg:is_magical",
      "required": false
    },
	{
      "id": "byg:skyris_vale",
      "required": false
    },
	{
      "id": "terralith:amethyst_canyon",
      "required": false
    },
	{
      "id": "terralith:amethyst_rainforest",
      "required": false
    },
	{
      "id": "terralith:mirage_isles",
      "required": false
    },
	{
      "id": "terralith:moonlight_grove",
      "required": false
    },
	{
      "id": "biomesoplenty:auroral_garden",
      "required": false
    },
	{
      "id": "biomesoplenty:mystic_grove",
      "required": false
    },
	{
      "id": "terralith:moonlight_valley",
      "required": false
    }
  ]
}
