{
  "replace": false,
  "values": [
    "minecraft:plains",
    "minecraft:sunflower_plains",
	"#cobblemon:is_highlands",
    {
      "id": "#byg:is_plain",
      "required": false
    },
	{
      "id": "terralith:brushland",
      "required": false
    },
	{
      "id": "terralith:steppe",
      "required": false
    },
	{
      "id": "biomesoplenty:field",
      "required": false
    },
	{
      "id": "biomesoplenty:forested_field",
      "required": false
    },
	{
      "id": "biomesoplenty:pumpkin_patch",
      "required": false
    },
	{
      "id": "biomesoplenty:old_growth_dead_forest",
      "required": false
    },
	{
      "id": "biomesoplenty:shrubland",
      "required": false
    },
	{
      "id": "biomesoplenty:pasture",
      "required": false
    },
	{
      "id": "terralith:valley_clearing",
      "required": false
    }
  ]
}
