{
  "replace": false,
  "values": [
    "minecraft:grove",
	"minecraft:snowy_taiga",
    {
      "id": "#byg:is_snowy",
      "required": false
    },
	{
      "id": "terralith:alpha_islands_winter",
      "required": false
    },
	{
      "id": "terralith:alpine_grove",
      "required": false
    },
	{
      "id": "terralith:ice_marsh",
      "required": false
    },
	{
      "id": "terralith:siberian_grove",
      "required": false
    },
	{
      "id": "terralith:snowy_maple_forest",
      "required": false
    },
	{
      "id": "biomesoplenty:snowy_coniferous_forest",
      "required": false
    },
	{
      "id": "biomesoplenty:snowy_fir_clearing",
      "required": false
    },
	{
      "id": "biomesoplenty:snowy_maple_woods",
      "required": false
    },
	{
      "id": "biomesoplenty:muskeg",
      "required": false
    },
	{
      "id": "biomesoplenty:cold_desert",
      "required": false
    },
	{
      "id": "terralith:snowy_shield",
      "required": false
    },
	{
      "id": "terralith:wintry_forest",
      "required": false
    },
	{
      "id": "terralith:wintry_lowlands",
      "required": false
    }
  ]
}
