{
  "replace": false,
  "values": [
    "#cobblemon:is_floral",
	"#cobblemon:is_lukewarm",
	"#cobblemon:is_magical",
	"#cobblemon:is_plains",
	{
      "id": "terralith:skylands_spring",
      "required": false
    },
	{
      "id": "biomesoplenty:clover_field",
      "required": false
    },
	{
      "id": "biomesoplenty:mystic_grove",
      "required": false
    },
	{
      "id": "biomesoplenty:pasture",
      "required": false
    },
	{
      "id": "biomesoplenty:lavender_forest",
      "required": false
    },
	{
      "id": "biomesoplenty:lavender_field",
      "required": false
    }
  ]
}
