{
  "replace": false,
  "values": [
    "minecraft:mangrove_swamp",
    "minecraft:swamp",
    {
      "id": "#byg:is_swamp",
      "required": false
    },
	{
      "id": "terralith:ice_marsh",
      "required": false
    },
	{
      "id": "biomesoplenty:wetland",
      "required": false
    },
	{
      "id": "biomesoplenty:marsh",
      "required": false
    },
	{
      "id": "biomesoplenty:bog",
      "required": false
    },
		{
      "id": "biomesoplenty:bayou",
      "required": false
    },
	{
      "id": "terralith:orchid_swamp",
      "required": false
    }
  ]
}
