{
  "replace": false,
  "values": [
    "#cobblemon:is_forest",
	"#cobblemon:is_jungle",
	"#cobblemon:is_lush",
	"#cobblemon:is_reef",
	"#cobblemon:is_swamp",
	{
      "id": "terralith:skylands_summer",
      "required": false
    },
	{
      "id": "biomesoplenty:dryland",
      "required": false
    },
	{
      "id": "biomesoplenty:wasteland",
      "required": false
    },
	{
      "id": "biomesoplenty:wooded_wasteland",
      "required": false
    },
	{
      "id": "biomesoplenty:rainforest",
      "required": false
    },
	{
      "id": "biomesoplenty:bayou",
      "required": false
    },
	{
      "id": "biomesoplenty:lush_savanna",
      "required": false
    },
	{
      "id": "biomesoplenty:lush_desert",
      "required": false
    },
	{
      "id": "biomesoplenty:marsh",
      "required": false
    }
  ]
}
