{
  "replace": false,
  "values": [
    "#minecraft:is_taiga",
    "minecraft:grove",
	{
      "id": "terralith:alpine_grove",
      "required": false
    },
	{
      "id": "terralith:haze_mountain",
      "required": false
    },
	{
      "id": "terralith:ice_marsh",
      "required": false
    },
	{
      "id": "terralith:moonlight_grove",
      "required": false
    },
	{
      "id": "biomesoplenty:coniferous_forest",
      "required": false
    },
	{
      "id": "biomesoplenty:redwood_forest",
      "required": false
    },
	{
      "id": "biomesoplenty:fir_clearing",
      "required": false
    },
	{
      "id": "biomesoplenty:maple_woods",
      "required": false
    },
	{
      "id": "terralith:moonlight_valley",
      "required": false
    },
	{
      "id": "terralith:shield_clearing",
      "required": false
    },
	{
      "id": "terralith:siberian_grove",
      "required": false
    },
	{
      "id": "terralith:siberian_taiga",
      "required": false
    },
	{
      "id": "terralith:snowy_maple_forest",
      "required": false
    },
	{
      "id": "terralith:snowy_shield",
      "required": false
    },
	{
      "id": "terralith:wintry_lowlands",
      "required": false
    }
  ]
}
