{
  "replace": false,
  "values": [
    {
      "id": "terralith:caldera",
      "required": false
    },
	{
      "id": "terralith:thermal_caves",
      "required": false
    },
	{
      "id": "biomesoplenty:visceral_heap",
      "required": false
    },
	{
      "id": "biomesoplenty:undergrowth",
      "required": false
    },
	{
      "id": "biomesoplenty:wooded_wasteland",
      "required": false
    },
	{
      "id": "biomesoplenty:rocky_shrubland",
      "required": false
    },
	{
      "id": "terralith:yellowstone",
      "required": false
    }
  ]
}
