{
  "replace": false,
  "values": [
    "#cobblemon:is_freezing",
	{
      "id": "terralith:skylands_winter",
      "required": false
    },
	{
      "id": "biomesoplenty:cold_desert",
      "required": false
    },
	{
      "id": "biomesoplenty:crag",
      "required": false
    },
	{
      "id": "biomesoplenty:muskeg",
      "required": false
    },
	{
      "id": "biomesoplenty:snowy_coniferous_forest",
      "required": false
    },
	{
      "id": "biomesoplenty:snowy_fir_clearing",
      "required": false
    },
	{
      "id": "biomesoplenty:snowy_maple_woods",
      "required": false
    },
	{
      "id": "biomesoplenty:tundra",
      "required": false
    }
  ]
}
