{
  "name": "Aipom",
  "nationalPokedexNumber": 190,
  "primaryType": "normal",
  "abilities": [
    "runaway",
    "pickup",
    "h:skilllink"
  ],
  "baseStats": {
    "hp": 55,
    "attack": 70,
    "defence": 55,
    "special_attack": 40,
    "special_defence": 55,
    "speed": 85
  },
  "catchRate": 45,
  "maleRatio": 0.5,
  "shoulderMountable": false,
  "baseExperienceYield": 72,
  "experienceGroup": "fast",
  "eggCycles": 20,
  "eggGroups": [
    "field"
  ],
  "moves": [
    "1:scratch",
    "1:tailwhip",
    "6:sandattack",
    "13:astonish",
    "18:batonpass",
    "25:tickle",
    "31:furyswipes",
    "32:doublehit",
    "36:fling",
    "38:swift",
    "39:nastyplot",
    "43:lastresort",
    "43:screech",
    "50:agility",
    "100:agility",
    "100:beatup",
    "100:bounce",
    "100:counter",
    "100:covet",
    "100:doubleslap",
    "100:fakeout",
    "100:pursuit",
    "100:quickguard",
    "100:revenge",
    "100:screech",
    "100:slam",
    "100:spite",
    "100:switcheroo",
    "100:tailslap",
    "100:acrobatics",
    "100:aerialace",
    "100:attract",
    "100:brickbreak",
    "100:captivate",
    "100:confide",
    "100:cut",
    "100:dig",
    "100:doubleteam",
    "100:dreameater",
    "100:endure",
    "100:facade",
    "100:fling",
    "100:focuspunch",
    "100:frustration",
    "100:grassknot",
    "100:hiddenpower",
    "100:honeclaws",
    "100:irontail",
    "100:lowsweep",
    "100:naturalgift",
    "100:payback",
    "100:poweruppunch",
    "100:protect",
    "100:raindance",
    "100:rest",
    "100:retaliate",
    "100:return",
    "100:rocksmash",
    "100:round",
    "100:secretpower",
    "100:shadowball",
    "100:shadowclaw",
    "100:shockwave",
    "100:sleeptalk",
    "100:snatch",
    "100:solarbeam",
    "100:strength",
    "100:substitute",
    "100:sunnyday",
    "100:swagger",
    "100:taunt",
    "100:thief",
    "100:thunder",
    "100:thunderbolt",
    "100:thunderwave",
    "100:toxic",
    "100:uturn",
    "100:waterpulse",
    "100:workup",
    "100:agility",
    "100:attract",
    "100:batonpass",
    "100:beatup",
    "100:bodyslam",
    "100:bounce",
    "100:counter",
    "100:covet",
    "100:curse",
    "100:cut",
    "100:defensecurl",
    "100:detect",
    "100:doubleedge",
    "100:doubleslap",
    "100:doubleteam",
    "100:dreameater",
    "100:dynamicpunch",
    "100:endure",
    "100:fakeout",
    "100:firepunch",
    "100:focuspunch",
    "100:foulplay",
    "100:frustration",
    "100:furycutter",
    "100:furyswipes",
    "100:gunkshot",
    "100:headbutt",
    "100:hiddenpower",
    "100:icepunch",
    "100:irontail",
    "100:knockoff",
    "100:lastresort",
    "100:lowkick",
    "100:megakick",
    "100:megapunch",
    "100:metronome",
    "100:mimic",
    "100:mudslap",
    "100:nightmare",
    "100:protect",
    "100:pursuit",
    "100:rest",
    "100:return",
    "100:rocksmash",
    "100:roleplay",
    "100:sandattack",
    "100:scratch",
    "100:screech",
    "100:seedbomb",
    "100:seismictoss",
    "100:shadowball",
    "100:shockwave",
    "100:slam",
    "100:sleeptalk",
    "100:snatch",
    "100:snore",
    "100:spite",
    "100:strength",
    "100:substitute",
    "100:sunnyday",
    "100:swagger",
    "100:swift",
    "100:tailwhip",
    "100:thief",
    "100:thunder",
    "100:thunderpunch",
    "100:thunderwave",
    "100:toxic",
    "100:uproar",
    "100:waterpulse",
    "100:zapcannon"
  ],
  "labels": [
    "gen2"
  ],
  "pokedex": [
    "cobblemon.species.aipom.desc"
  ],
  "evolutions": [
    {
      "id": "aipom_ambipom",
      "variant": "level_up",
      "result": "ambipom",
      "consumeHeldItem": false,
      "learnableMoves": [],
      "requirements": [
        {
          "variant": "has_move",
          "move": "doublehit"
        }
      ]
    }
  ],
  "baseScale": 1,
  "hitbox": {
    "width": 1,
    "height": 1,
    "fixed": false
  },
  "baseFriendship": 70,
  "evYield": {
    "hp": 0,
    "attack": 0,
    "defence": 0,
    "special_attack": 0,
    "special_defence": 0,
    "speed": 1
  },
  "height": 8,
  "weight": 115,
  "aspects": [],
  "cannotDynamax": false
}