{
  "name": "Ariados",
  "nationalPokedexNumber": 168,
  "primaryType": "bug",
  "secondaryType": "poison",
  "abilities": [
    "swarm",
    "insomnia",
    "h:sniper"
  ],
  "baseStats": {
    "hp": 70,
    "attack": 90,
    "defence": 70,
    "special_attack": 60,
    "special_defence": 70,
    "speed": 40
  },
  "catchRate": 90,
  "maleRatio": 0.5,
  "shoulderMountable": false,
  "baseExperienceYield": 140,
  "experienceGroup": "fast",
  "eggCycles": 15,
  "eggGroups": [
    "bug"
  ],
  "moves": [
    "1:absorb",
    "1:bugbite",
    "1:constrict",
    "1:fellstinger",
    "1:focusenergy",
    "1:poisonsting",
    "1:scaryface",
    "1:stringshot",
    "1:swordsdance",
    "1:venomdrench",
    "8:infestation",
    "17:nightshade",
    "19:shadowsneak",
    "25:leechlife",
    "28:suckerpunch",
    "34:furyswipes",
    "41:pinmissile",
    "43:spiderweb",
    "50:poisonjab",
    "53:agility",
    "55:crosspoison",
    "58:stickyweb",
    "63:psychic",
    "63:toxicthread",
    "100:attract",
    "100:captivate",
    "100:confide",
    "100:dig",
    "100:doubleteam",
    "100:endure",
    "100:facade",
    "100:flash",
    "100:frustration",
    "100:gigadrain",
    "100:gigaimpact",
    "100:hiddenpower",
    "100:honeclaws",
    "100:hyperbeam",
    "100:infestation",
    "100:leechlife",
    "100:naturalgift",
    "100:poisonjab",
    "100:protect",
    "100:psychic",
    "100:rest",
    "100:return",
    "100:round",
    "100:secretpower",
    "100:sleeptalk",
    "100:sludgebomb",
    "100:smartstrike",
    "100:solarbeam",
    "100:strugglebug",
    "100:substitute",
    "100:sunnyday",
    "100:swagger",
    "100:swordsdance",
    "100:thief",
    "100:toxic",
    "100:venoshock",
    "100:xscissor",
    "100:agility",
    "100:attract",
    "100:bodyslam",
    "100:bounce",
    "100:bugbite",
    "100:constrict",
    "100:curse",
    "100:dig",
    "100:doubleedge",
    "100:doubleteam",
    "100:electroweb",
    "100:endure",
    "100:flash",
    "100:foulplay",
    "100:frustration",
    "100:furyswipes",
    "100:gigadrain",
    "100:hiddenpower",
    "100:hyperbeam",
    "100:leechlife",
    "100:mimic",
    "100:nightshade",
    "100:poisonsting",
    "100:protect",
    "100:psychic",
    "100:rest",
    "100:return",
    "100:scaryface",
    "100:screech",
    "100:signalbeam",
    "100:sleeptalk",
    "100:sludgebomb",
    "100:snore",
    "100:solarbeam",
    "100:spiderweb",
    "100:stompingtantrum",
    "100:stringshot",
    "100:substitute",
    "100:suckerpunch",
    "100:sunnyday",
    "100:swagger",
    "100:thief",
    "100:throatchop",
    "100:toxic"
  ],
  "labels": [
    "gen2"
  ],
  "pokedex": [
    "cobblemon.species.ariados.desc"
  ],
  "preEvolution": "spinarak",
  "evolutions": [],
  "baseScale": 1,
  "hitbox": {
    "width": 1,
    "height": 1,
    "fixed": false
  },
  "baseFriendship": 70,
  "evYield": {
    "hp": 0,
    "attack": 2,
    "defence": 0,
    "special_attack": 0,
    "special_defence": 0,
    "speed": 0
  },
  "height": 11,
  "weight": 335,
  "aspects": [],
  "cannotDynamax": false
}