{
  "name": "Bayleef",
  "nationalPokedexNumber": 153,
  "primaryType": "grass",
  "abilities": [
    "overgrow",
    "h:leafguard"
  ],
  "baseStats": {
    "hp": 60,
    "attack": 62,
    "defence": 80,
    "special_attack": 63,
    "special_defence": 80,
    "speed": 60
  },
  "catchRate": 45,
  "maleRatio": 0.875,
  "shoulderMountable": false,
  "baseExperienceYield": 142,
  "experienceGroup": "medium_slow",
  "eggCycles": 20,
  "eggGroups": [
    "monster",
    "grass"
  ],
  "drops": {
    "amount": "1",
    "entries": [
      {
        "item": "cobblemon:miracle_seed",
        "percentage": 10
      }
    ]
  },
  "moves": [
    "1:growl",
    "1:razorleaf",
    "1:reflect",
    "1:tackle",
    "15:poisonpowder",
    "22:magicalleaf",
    "23:synthesis",
    "26:naturalgift",
    "31:bodyslam",
    "32:sweetscent",
    "39:lightscreen",
    "47:safeguard",
    "50:aromatherapy",
    "55:solarbeam",
    "100:attract",
    "100:bulletseed",
    "100:captivate",
    "100:confide",
    "100:cut",
    "100:doubleteam",
    "100:echoedvoice",
    "100:endure",
    "100:energyball",
    "100:facade",
    "100:flash",
    "100:frustration",
    "100:gigadrain",
    "100:grassknot",
    "100:hiddenpower",
    "100:irontail",
    "100:lightscreen",
    "100:naturalgift",
    "100:naturepower",
    "100:protect",
    "100:reflect",
    "100:rest",
    "100:return",
    "100:rocksmash",
    "100:round",
    "100:safeguard",
    "100:secretpower",
    "100:sleeptalk",
    "100:solarbeam",
    "100:strength",
    "100:substitute",
    "100:sunnyday",
    "100:swagger",
    "100:swordsdance",
    "100:toxic",
    "100:workup",
    "100:ancientpower",
    "100:attract",
    "100:bodyslam",
    "100:counter",
    "100:curse",
    "100:cut",
    "100:detect",
    "100:doubleedge",
    "100:doubleteam",
    "100:endure",
    "100:flash",
    "100:frustration",
    "100:furycutter",
    "100:gigadrain",
    "100:grasspledge",
    "100:growl",
    "100:headbutt",
    "100:hiddenpower",
    "100:irontail",
    "100:laserfocus",
    "100:lightscreen",
    "100:magiccoat",
    "100:mimic",
    "100:mudslap",
    "100:poisonpowder",
    "100:protect",
    "100:razorleaf",
    "100:reflect",
    "100:rest",
    "100:return",
    "100:rocksmash",
    "100:safeguard",
    "100:seedbomb",
    "100:sleeptalk",
    "100:snore",
    "100:solarbeam",
    "100:strength",
    "100:substitute",
    "100:sunnyday",
    "100:swagger",
    "100:sweetscent",
    "100:swordsdance",
    "100:synthesis",
    "100:tackle",
    "100:toxic",
    "100:worryseed"
  ],
  "labels": [
    "gen2"
  ],
  "pokedex": [
    "cobblemon.species.bayleef.desc"
  ],
  "preEvolution": "chikorita",
  "evolutions": [
    {
      "id": "bayleef_meganium",
      "variant": "level_up",
      "result": "meganium",
      "consumeHeldItem": false,
      "learnableMoves": [],
      "requirements": [
        {
          "variant": "level",
          "minLevel": 32
        }
      ]
    }
  ],
  "baseScale": 1,
  "hitbox": {
    "width": 1,
    "height": 1,
    "fixed": false
  },
  "baseFriendship": 70,
  "evYield": {
    "hp": 0,
    "attack": 0,
    "defence": 1,
    "special_attack": 0,
    "special_defence": 1,
    "speed": 0
  },
  "height": 12,
  "weight": 158,
  "aspects": [],
  "cannotDynamax": false
}