{
  "implemented": true,
  "name": "Bellossom",
  "nationalPokedexNumber": 182,
  "primaryType": "grass",
  "abilities": [
    "chlorophyll",
    "h:healer"
  ],
  "baseStats": {
    "hp": 75,
    "attack": 80,
    "defence": 95,
    "special_attack": 90,
    "special_defence": 100,
    "speed": 50
  },
  "catchRate": 45,
  "maleRatio": 0.5,
  "shoulderMountable": true,
  "features": [
    "valencian"
  ],
  "baseExperienceYield": 245,
  "experienceGroup": "medium_slow",
  "eggCycles": 20,
  "eggGroups": [
    "grass"
  ],
  "moves": [
    "1:absorb",
    "1:acid",
    "1:gigadrain",
    "1:grassyterrain",
    "1:growth",
    "1:leafblade",
    "1:magicalleaf",
    "1:megadrain",
    "1:moonblast",
    "1:moonlight",
    "1:poisonpowder",
    "1:sleeppowder",
    "1:stunspore",
    "1:sunnyday",
    "1:sweetscent",
    "1:toxic",
    "39:quiverdance",
    "44:petaldance",
    "49:petalblizzard",
    "53:leafstorm",
    "55:solarbeam",
    "100:attract",
    "100:batonpass",
    "100:bulletseed",
    "100:captivate",
    "100:charm",
    "100:confide",
    "100:cut",
    "100:dazzlinggleam",
    "100:doubleteam",
    "100:drainpunch",
    "100:endure",
    "100:energyball",
    "100:facade",
    "100:flash",
    "100:fling",
    "100:frustration",
    "100:gigadrain",
    "100:gigaimpact",
    "100:grassknot",
    "100:grassyterrain",
    "100:helpinghand",
    "100:hiddenpower",
    "100:hyperbeam",
    "100:infestation",
    "100:leafblade",
    "100:leafstorm",
    "100:magicalleaf",
    "100:naturalgift",
    "100:naturepower",
    "100:playrough",
    "100:protect",
    "100:rest",
    "100:return",
    "100:round",
    "100:safeguard",
    "100:secretpower",
    "100:seedbomb",
    "100:sleeptalk",
    "100:sludgebomb",
    "100:snore",
    "100:solarbeam",
    "100:substitute",
    "100:sunnyday",
    "100:swagger",
    "100:swordsdance",
    "100:toxic",
    "100:uproar",
    "100:venoshock",
    "100:absorb",
    "100:afteryou",
    "100:attract",
    "100:curse",
    "100:cut",
    "100:doubleedge",
    "100:doubleteam",
    "100:drainpunch",
    "100:endure",
    "100:flash",
    "100:frustration",
    "100:gastroacid",
    "100:gigadrain",
    "100:grassyglide",
    "100:hiddenpower",
    "100:hyperbeam",
    "100:laserfocus",
    "100:mimic",
    "100:petaldance",
    "100:protect",
    "100:rest",
    "100:return",
    "100:seedbomb",
    "100:sleeptalk",
    "100:snore",
    "100:solarbeam",
    "100:stunspore",
    "100:substitute",
    "100:sunnyday",
    "100:swagger",
    "100:sweetscent",
    "100:swordsdance",
    "100:synthesis",
    "100:toxic",
    "100:uproar",
    "100:worryseed"
  ],
  "labels": [
    "gen2"
  ],
  "pokedex": [
    "cobblemon.species.bellossom.desc"
  ],
  "preEvolution": "gloom",
  "evolutions": [],
  "baseScale": 0.5,
  "hitbox": {
    "width": 0.8,
    "height": 1,
    "fixed": false
  },
  "baseFriendship": 50,
  "evYield": {
    "hp": 0,
    "attack": 0,
    "defence": 0,
    "special_attack": 0,
    "special_defence": 3,
    "speed": 0
  },
  "height": 4,
  "weight": 58,
  "aspects": [],
  "cannotDynamax": false
}