{
  "name": "Celebi",
  "nationalPokedexNumber": 251,
  "primaryType": "psychic",
  "secondaryType": "grass",
  "abilities": [
    "naturalcure"
  ],
  "baseStats": {
    "hp": 100,
    "attack": 100,
    "defence": 100,
    "special_attack": 100,
    "special_defence": 100,
    "speed": 100
  },
  "catchRate": 45,
  "maleRatio": -1,
  "shoulderMountable": false,
  "baseExperienceYield": 300,
  "experienceGroup": "medium_slow",
  "eggCycles": 120,
  "eggGroups": [
    "undiscovered"
  ],
  "moves": [
    "1:confusion",
    "1:healbell",
    "1:leechseed",
    "1:recover",
    "10:safeguard",
    "19:magicalleaf",
    "20:ancientpower",
    "30:futuresight",
    "40:batonpass",
    "40:lifedew",
    "46:naturalgift",
    "50:perishsong",
    "55:healblock",
    "73:healingwish",
    "82:leafstorm",
    "100:aerialace",
    "100:allyswitch",
    "100:aurasphere",
    "100:batonpass",
    "100:calmmind",
    "100:chargebeam",
    "100:confide",
    "100:cut",
    "100:dazzlinggleam",
    "100:doubleteam",
    "100:dreameater",
    "100:earthpower",
    "100:echoedvoice",
    "100:endure",
    "100:energyball",
    "100:facade",
    "100:flash",
    "100:fling",
    "100:frustration",
    "100:futuresight",
    "100:gigadrain",
    "100:gigaimpact",
    "100:grassknot",
    "100:grassyterrain",
    "100:helpinghand",
    "100:hiddenpower",
    "100:hyperbeam",
    "100:imprison",
    "100:leafblade",
    "100:leafstorm",
    "100:lightscreen",
    "100:magicalleaf",
    "100:magicroom",
    "100:metronome",
    "100:nastyplot",
    "100:naturalgift",
    "100:naturepower",
    "100:pollenpuff",
    "100:protect",
    "100:psychic",
    "100:psychicterrain",
    "100:psychocut",
    "100:psychup",
    "100:raindance",
    "100:reflect",
    "100:rest",
    "100:return",
    "100:round",
    "100:safeguard",
    "100:sandstorm",
    "100:secretpower",
    "100:seedbomb",
    "100:shadowball",
    "100:shockwave",
    "100:silverwind",
    "100:skillswap",
    "100:sleeptalk",
    "100:snore",
    "100:solarbeam",
    "100:solarblade",
    "100:stealthrock",
    "100:substitute",
    "100:sunnyday",
    "100:swagger",
    "100:swift",
    "100:swordsdance",
    "100:thunderwave",
    "100:toxic",
    "100:trick",
    "100:trickroom",
    "100:uproar",
    "100:uturn",
    "100:waterpulse",
    "100:weatherball",
    "100:wonderroom",
    "100:zenheadbutt",
    "100:allyswitch",
    "100:ancientpower",
    "100:batonpass",
    "100:confusion",
    "100:curse",
    "100:defensecurl",
    "100:detect",
    "100:doubleedge",
    "100:doubleteam",
    "100:dreameater",
    "100:dualwingbeat",
    "100:earthpower",
    "100:endure",
    "100:expandingforce",
    "100:flash",
    "100:frustration",
    "100:futuresight",
    "100:gigadrain",
    "100:grassyglide",
    "100:healbell",
    "100:healingwish",
    "100:helpinghand",
    "100:hiddenpower",
    "100:holdback",
    "100:hyperbeam",
    "100:laserfocus",
    "100:lastresort",
    "100:leafstorm",
    "100:leechseed",
    "100:lifedew",
    "100:magicalleaf",
    "100:magiccoat",
    "100:magicroom",
    "100:metronome",
    "100:mimic",
    "100:mudslap",
    "100:nastyplot",
    "100:nightmare",
    "100:perishsong",
    "100:protect",
    "100:psychic",
    "100:psychup",
    "100:raindance",
    "100:recover",
    "100:rest",
    "100:return",
    "100:safeguard",
    "100:sandstorm",
    "100:seedbomb",
    "100:shadowball",
    "100:shockwave",
    "100:signalbeam",
    "100:skillswap",
    "100:sleeptalk",
    "100:snore",
    "100:solarbeam",
    "100:stealthrock",
    "100:substitute",
    "100:suckerpunch",
    "100:sunnyday",
    "100:swagger",
    "100:sweetscent",
    "100:swift",
    "100:swordsdance",
    "100:synthesis",
    "100:telekinesis",
    "100:toxic",
    "100:trick",
    "100:uproar",
    "100:waterpulse",
    "100:wonderroom",
    "100:worryseed",
    "100:zenheadbutt"
  ],
  "labels": [
    "gen2",
    "mythical",
    "legendary"
  ],
  "pokedex": [
    "cobblemon.species.celebi.desc"
  ],
  "evolutions": [],
  "baseScale": 1,
  "hitbox": {
    "width": 1,
    "height": 1,
    "fixed": false
  },
  "baseFriendship": 100,
  "evYield": {
    "hp": 3,
    "attack": 0,
    "defence": 0,
    "special_attack": 0,
    "special_defence": 0,
    "speed": 0
  },
  "height": 6,
  "weight": 50,
  "aspects": [],
  "cannotDynamax": false
}