{
  "name": "Corsola",
  "nationalPokedexNumber": 222,
  "primaryType": "water",
  "secondaryType": "rock",
  "abilities": [
    "hustle",
    "naturalcure",
    "h:regenerator"
  ],
  "baseStats": {
    "hp": 65,
    "attack": 55,
    "defence": 95,
    "special_attack": 65,
    "special_defence": 95,
    "speed": 35
  },
  "catchRate": 60,
  "maleRatio": 0.25,
  "shoulderMountable": false,
  "forms": [
    {
      "name": "Galar",
      "primaryType": "ghost",
      "abilities": [
        "weakarmor",
        "h:cursedbody"
      ],
      "baseStats": {
        "hp": 60,
        "attack": 55,
        "defence": 100,
        "special_attack": 65,
        "special_defence": 100,
        "speed": 30
      },
      "catchRate": 60,
      "maleRatio": 0.25,
      "baseExperienceYield": 144,
      "baseFriendship": 50,
      "evYield": {
        "hp": 0,
        "attack": 0,
        "defence": 0,
        "special_attack": 0,
        "special_defence": 1,
        "speed": 0
      },
      "experienceGroup": "fast",
      "eggCycles": 20,
      "eggGroups": [
        "water_1",
        "water_3"
      ],
      "moves": [
        "1:harden",
        "1:tackle",
        "5:astonish",
        "10:disable",
        "15:spite",
        "20:ancientpower",
        "25:hex",
        "30:curse",
        "35:strengthsap",
        "40:powergem",
        "45:nightshade",
        "50:grudge",
        "55:mirrorcoat",
        "100:confuseray",
        "100:destinybond",
        "100:haze",
        "100:headsmash",
        "100:naturepower",
        "100:waterpulse",
        "100:amnesia",
        "100:attract",
        "100:blizzard",
        "100:bodyslam",
        "100:brine",
        "100:bulldoze",
        "100:calmmind",
        "100:dig",
        "100:earthpower",
        "100:earthquake",
        "100:endure",
        "100:facade",
        "100:gigadrain",
        "100:hail",
        "100:hex",
        "100:hydropump",
        "100:icebeam",
        "100:iciclespear",
        "100:icywind",
        "100:irondefense",
        "100:lightscreen",
        "100:liquidation",
        "100:powergem",
        "100:protect",
        "100:psychic",
        "100:raindance",
        "100:reflect",
        "100:rest",
        "100:rockblast",
        "100:rockslide",
        "100:rocktomb",
        "100:round",
        "100:safeguard",
        "100:sandstorm",
        "100:scald",
        "100:screech",
        "100:selfdestruct",
        "100:shadowball",
        "100:sleeptalk",
        "100:snore",
        "100:stealthrock",
        "100:stompingtantrum",
        "100:stoneedge",
        "100:substitute",
        "100:sunnyday",
        "100:surf",
        "100:throatchop",
        "100:whirlpool",
        "100:willowisp",
        "100:astonish",
        "100:disable",
        "100:meteorbeam",
        "100:spite",
        "100:tackle"
      ],
      "labels": [
        "gen8",
        "galar_regional"
      ],
      "aspects": [
        "galarian"
      ],
      "height": 6,
      "weight": 5,
      "evolutions": [
        {
          "id": "corsola_cursola",
          "variant": "level_up",
          "result": "cursola",
          "consumeHeldItem": false,
          "learnableMoves": [],
          "requirements": [
            {
              "variant": "level",
              "minLevel": 38
            }
          ]
        }
      ],
      "cannotDynamax": false,
      "battleOnly": false
    }
  ],
  "baseExperienceYield": 144,
  "experienceGroup": "fast",
  "eggCycles": 20,
  "eggGroups": [
    "water_1",
    "water_3"
  ],
  "moves": [
    "1:tackle",
    "5:watergun",
    "6:harden",
    "12:bubble",
    "17:recover",
    "17:refresh",
    "23:bubblebeam",
    "27:brine",
    "28:luckychant",
    "28:spikecannon",
    "29:irondefense",
    "34:rockblast",
    "35:endure",
    "35:lifedew",
    "37:aquaring",
    "39:mirrorcoat",
    "44:powergem",
    "45:ancientpower",
    "52:flail",
    "53:earthpower",
    "100:amnesia",
    "100:aquaring",
    "100:barrier",
    "100:bide",
    "100:camouflage",
    "100:confuseray",
    "100:curse",
    "100:headsmash",
    "100:iciclespear",
    "100:ingrain",
    "100:liquidation",
    "100:mist",
    "100:naturepower",
    "100:rockslide",
    "100:screech",
    "100:waterpulse",
    "100:amnesia",
    "100:attract",
    "100:blizzard",
    "100:bodyslam",
    "100:brine",
    "100:bulldoze",
    "100:calmmind",
    "100:captivate",
    "100:confide",
    "100:dig",
    "100:doubleteam",
    "100:earthpower",
    "100:earthquake",
    "100:endure",
    "100:explosion",
    "100:facade",
    "100:frustration",
    "100:hail",
    "100:hiddenpower",
    "100:hydropump",
    "100:icebeam",
    "100:iciclespear",
    "100:icywind",
    "100:irondefense",
    "100:lightscreen",
    "100:liquidation",
    "100:naturalgift",
    "100:naturepower",
    "100:powergem",
    "100:protect",
    "100:psychic",
    "100:raindance",
    "100:reflect",
    "100:rest",
    "100:return",
    "100:rockblast",
    "100:rockpolish",
    "100:rockslide",
    "100:rocksmash",
    "100:rocktomb",
    "100:round",
    "100:safeguard",
    "100:sandstorm",
    "100:scald",
    "100:screech",
    "100:secretpower",
    "100:selfdestruct",
    "100:shadowball",
    "100:sleeptalk",
    "100:snore",
    "100:stealthrock",
    "100:stompingtantrum",
    "100:stoneedge",
    "100:strength",
    "100:substitute",
    "100:sunnyday",
    "100:surf",
    "100:swagger",
    "100:throatchop",
    "100:toxic",
    "100:waterpulse",
    "100:whirlpool",
    "100:amnesia",
    "100:ancientpower",
    "100:attract",
    "100:bodyslam",
    "100:bubble",
    "100:bubblebeam",
    "100:confuseray",
    "100:curse",
    "100:defensecurl",
    "100:doubleedge",
    "100:doubleteam",
    "100:earthpower",
    "100:earthquake",
    "100:endeavor",
    "100:endure",
    "100:explosion",
    "100:frustration",
    "100:harden",
    "100:headbutt",
    "100:hiddenpower",
    "100:icywind",
    "100:irondefense",
    "100:liquidation",
    "100:magiccoat",
    "100:meteorbeam",
    "100:mimic",
    "100:mirrorcoat",
    "100:mist",
    "100:mudslap",
    "100:mudsport",
    "100:powergem",
    "100:protect",
    "100:psychic",
    "100:raindance",
    "100:recover",
    "100:rest",
    "100:return",
    "100:rockslide",
    "100:rocksmash",
    "100:rollout",
    "100:safeguard",
    "100:sandstorm",
    "100:screech",
    "100:selfdestruct",
    "100:sleeptalk",
    "100:snore",
    "100:spikecannon",
    "100:stealthrock",
    "100:stompingtantrum",
    "100:strength",
    "100:substitute",
    "100:suckerpunch",
    "100:sunnyday",
    "100:surf",
    "100:swagger",
    "100:tackle",
    "100:throatchop",
    "100:toxic",
    "100:waterpulse",
    "100:whirlpool"
  ],
  "labels": [
    "gen2",
    "johto_regional"
  ],
  "pokedex": [
    "cobblemon.species.corsola.desc"
  ],
  "evolutions": [],
  "baseScale": 1,
  "hitbox": {
    "width": 1,
    "height": 1,
    "fixed": false
  },
  "baseFriendship": 50,
  "evYield": {
    "hp": 0,
    "attack": 0,
    "defence": 1,
    "special_attack": 0,
    "special_defence": 1,
    "speed": 0
  },
  "height": 6,
  "weight": 50,
  "aspects": [],
  "cannotDynamax": false
}