{
  "implemented": true,
  "name": "Crobat",
  "nationalPokedexNumber": 169,
  "primaryType": "poison",
  "secondaryType": "flying",
  "abilities": [
    "innerfocus",
    "h:infiltrator"
  ],
  "baseStats": {
    "hp": 85,
    "attack": 90,
    "defence": 80,
    "special_attack": 70,
    "special_defence": 80,
    "speed": 130
  },
  "catchRate": 90,
  "maleRatio": 0.5,
  "shoulderMountable": false,
  "baseExperienceYield": 268,
  "experienceGroup": "medium_fast",
  "eggCycles": 15,
  "eggGroups": [
    "flying"
  ],
  "behaviour": {
    "moving": {
      "swim": {
        "canWalkOnWater": true
      },
      "fly": {
        "canFly": true
      }
    }
  },
  "moves": [
    "1:absorb",
    "1:astonish",
    "1:crosspoison",
    "1:leechlife",
    "1:screech",
    "1:supersonic",
    "1:tailwind",
    "1:toxic",
    "16:bite",
    "21:wingattack",
    "24:swift",
    "28:confuseray",
    "35:aircutter",
    "39:acrobatics",
    "42:meanlook",
    "43:venoshock",
    "49:poisonfang",
    "51:airslash",
    "51:quickguard",
    "56:haze",
    "100:acrobatics",
    "100:aerialace",
    "100:agility",
    "100:airslash",
    "100:assurance",
    "100:attract",
    "100:bravebird",
    "100:captivate",
    "100:confide",
    "100:crosspoison",
    "100:crunch",
    "100:darkpulse",
    "100:defog",
    "100:doubleteam",
    "100:endure",
    "100:facade",
    "100:fly",
    "100:frustration",
    "100:gigadrain",
    "100:gigaimpact",
    "100:heatwave",
    "100:hex",
    "100:hiddenpower",
    "100:hurricane",
    "100:hyperbeam",
    "100:leechlife",
    "100:nastyplot",
    "100:naturalgift",
    "100:payback",
    "100:pluck",
    "100:protect",
    "100:raindance",
    "100:rest",
    "100:return",
    "100:roost",
    "100:round",
    "100:screech",
    "100:secretpower",
    "100:shadowball",
    "100:sleeptalk",
    "100:sludgebomb",
    "100:snatch",
    "100:snore",
    "100:steelwing",
    "100:substitute",
    "100:sunnyday",
    "100:swagger",
    "100:swift",
    "100:taunt",
    "100:thief",
    "100:torment",
    "100:toxic",
    "100:uproar",
    "100:uturn",
    "100:venomdrench",
    "100:venoshock",
    "100:xscissor",
    "100:zenheadbutt",
    "100:aircutter",
    "100:airslash",
    "100:attract",
    "100:bite",
    "100:confuseray",
    "100:curse",
    "100:darkpulse",
    "100:defog",
    "100:detect",
    "100:doubleedge",
    "100:doubleteam",
    "100:dualwingbeat",
    "100:endure",
    "100:fly",
    "100:frustration",
    "100:gigadrain",
    "100:haze",
    "100:heatwave",
    "100:hiddenpower",
    "100:hyperbeam",
    "100:leechlife",
    "100:meanlook",
    "100:mimic",
    "100:ominouswind",
    "100:protect",
    "100:rest",
    "100:return",
    "100:roost",
    "100:screech",
    "100:skyattack",
    "100:sleeptalk",
    "100:sludgebomb",
    "100:snatch",
    "100:snore",
    "100:steelwing",
    "100:substitute",
    "100:sunnyday",
    "100:superfang",
    "100:supersonic",
    "100:swagger",
    "100:swift",
    "100:tailwind",
    "100:thief",
    "100:toxic",
    "100:twister",
    "100:uproar",
    "100:wingattack",
    "100:zenheadbutt"
  ],
  "labels": [
    "gen2"
  ],
  "pokedex": [
    "cobblemon.species.crobat.desc"
  ],
  "preEvolution": "golbat",
  "evolutions": [],
  "baseScale": 1.5,
  "hitbox": {
    "width": 1,
    "height": 1,
    "fixed": false
  },
  "baseFriendship": 50,
  "evYield": {
    "hp": 0,
    "attack": 0,
    "defence": 0,
    "special_attack": 0,
    "special_defence": 0,
    "speed": 3
  },
  "height": 18,
  "weight": 750,
  "aspects": [],
  "cannotDynamax": false
}