{
  "name": "Donphan",
  "nationalPokedexNumber": 232,
  "primaryType": "ground",
  "abilities": [
    "sturdy",
    "h:sandveil"
  ],
  "baseStats": {
    "hp": 90,
    "attack": 120,
    "defence": 120,
    "special_attack": 60,
    "special_defence": 60,
    "speed": 50
  },
  "catchRate": 60,
  "maleRatio": 0.5,
  "shoulderMountable": false,
  "baseExperienceYield": 175,
  "experienceGroup": "medium_fast",
  "eggCycles": 20,
  "eggGroups": [
    "field"
  ],
  "moves": [
    "1:bulldoze",
    "1:firefang",
    "1:growl",
    "1:hornattack",
    "1:odorsleuth",
    "1:thunderfang",
    "9:defensecurl",
    "10:knockoff",
    "17:flail",
    "19:magnitude",
    "24:slam",
    "25:furyattack",
    "30:stompingtantrum",
    "31:assurance",
    "33:rollout",
    "39:scaryface",
    "41:rapidspin",
    "49:earthquake",
    "54:gigaimpact",
    "100:attract",
    "100:bodypress",
    "100:bodyslam",
    "100:brutalswing",
    "100:bulldoze",
    "100:captivate",
    "100:charm",
    "100:confide",
    "100:dig",
    "100:doubleteam",
    "100:earthpower",
    "100:earthquake",
    "100:echoedvoice",
    "100:encore",
    "100:endure",
    "100:facade",
    "100:firefang",
    "100:frustration",
    "100:gigaimpact",
    "100:gunkshot",
    "100:gyroball",
    "100:heavyslam",
    "100:helpinghand",
    "100:hiddenpower",
    "100:hyperbeam",
    "100:hypervoice",
    "100:icefang",
    "100:icespinner",
    "100:irondefense",
    "100:ironhead",
    "100:irontail",
    "100:mudshot",
    "100:mudslap",
    "100:naturalgift",
    "100:playrough",
    "100:poisonjab",
    "100:protect",
    "100:raindance",
    "100:rest",
    "100:return",
    "100:roar",
    "100:rockpolish",
    "100:rockslide",
    "100:rocksmash",
    "100:rocktomb",
    "100:round",
    "100:sandstorm",
    "100:scaryface",
    "100:secretpower",
    "100:seedbomb",
    "100:sleeptalk",
    "100:smartstrike",
    "100:stealthrock",
    "100:stompingtantrum",
    "100:stoneedge",
    "100:strength",
    "100:substitute",
    "100:sunnyday",
    "100:swagger",
    "100:takedown",
    "100:terablast",
    "100:thief",
    "100:thunderfang",
    "100:toxic",
    "100:trailblaze",
    "100:ancientpower",
    "100:attract",
    "100:block",
    "100:bodyslam",
    "100:bounce",
    "100:counter",
    "100:curse",
    "100:defensecurl",
    "100:doubleedge",
    "100:doubleteam",
    "100:earthpower",
    "100:earthquake",
    "100:endeavor",
    "100:endure",
    "100:flail",
    "100:frustration",
    "100:furyattack",
    "100:growl",
    "100:gunkshot",
    "100:headbutt",
    "100:hiddenpower",
    "100:hornattack",
    "100:hyperbeam",
    "100:hypervoice",
    "100:irondefense",
    "100:irontail",
    "100:knockoff",
    "100:lastresort",
    "100:mimic",
    "100:mudslap",
    "100:protect",
    "100:rapidspin",
    "100:rest",
    "100:return",
    "100:roar",
    "100:rockslide",
    "100:rocksmash",
    "100:rollout",
    "100:sandstorm",
    "100:seedbomb",
    "100:sleeptalk",
    "100:snore",
    "100:stealthrock",
    "100:stompingtantrum",
    "100:strength",
    "100:substitute",
    "100:sunnyday",
    "100:superpower",
    "100:swagger",
    "100:toxic"
  ],
  "labels": [
    "gen2"
  ],
  "pokedex": [
    "cobblemon.species.donphan.desc"
  ],
  "preEvolution": "phanpy",
  "evolutions": [],
  "baseScale": 1,
  "hitbox": {
    "width": 1,
    "height": 1,
    "fixed": false
  },
  "baseFriendship": 70,
  "evYield": {
    "hp": 0,
    "attack": 1,
    "defence": 1,
    "special_attack": 0,
    "special_defence": 0,
    "speed": 0
  },
  "height": 11,
  "weight": 1200,
  "aspects": [],
  "cannotDynamax": false
}