{
  "name": "Dunsparce",
  "nationalPokedexNumber": 206,
  "primaryType": "normal",
  "abilities": [
    "serenegrace",
    "runaway",
    "h:rattled"
  ],
  "baseStats": {
    "hp": 100,
    "attack": 70,
    "defence": 70,
    "special_attack": 65,
    "special_defence": 65,
    "speed": 45
  },
  "catchRate": 190,
  "maleRatio": 0.5,
  "shoulderMountable": false,
  "baseExperienceYield": 145,
  "experienceGroup": "medium_fast",
  "eggCycles": 20,
  "eggGroups": [
    "field"
  ],
  "moves": [
    "1:rage",
    "4:defensecurl",
    "11:yawn",
    "13:mudslap",
    "14:glare",
    "18:bodyslam",
    "21:rollout",
    "21:spite",
    "24:pursuit",
    "31:screech",
    "32:hyperdrill",
    "33:roost",
    "34:doubleedge",
    "34:takedown",
    "40:endure",
    "41:airslash",
    "41:ancientpower",
    "41:endeavor",
    "43:coil",
    "43:dragonrush",
    "43:drillrun",
    "44:flail",
    "45:dig",
    "100:agility",
    "100:ancientpower",
    "100:aquatail",
    "100:astonish",
    "100:bide",
    "100:bite",
    "100:curse",
    "100:headbutt",
    "100:hex",
    "100:lastresort",
    "100:magiccoat",
    "100:rockslide",
    "100:secretpower",
    "100:sleeptalk",
    "100:snore",
    "100:trumpcard",
    "100:agility",
    "100:airslash",
    "100:amnesia",
    "100:attract",
    "100:batonpass",
    "100:blizzard",
    "100:bodyslam",
    "100:bulldoze",
    "100:calmmind",
    "100:captivate",
    "100:chargebeam",
    "100:chillingwater",
    "100:confide",
    "100:dig",
    "100:doubleteam",
    "100:dreameater",
    "100:drillrun",
    "100:earthpower",
    "100:earthquake",
    "100:endure",
    "100:facade",
    "100:fireblast",
    "100:flamethrower",
    "100:frustration",
    "100:gigaimpact",
    "100:gyroball",
    "100:helpinghand",
    "100:hex",
    "100:hiddenpower",
    "100:hyperbeam",
    "100:hypervoice",
    "100:icebeam",
    "100:icespinner",
    "100:incinerate",
    "100:irontail",
    "100:mudshot",
    "100:mudslap",
    "100:naturalgift",
    "100:poisonjab",
    "100:poisontail",
    "100:pounce",
    "100:protect",
    "100:psychup",
    "100:raindance",
    "100:rest",
    "100:retaliate",
    "100:return",
    "100:rockslide",
    "100:rocksmash",
    "100:rocktomb",
    "100:roost",
    "100:round",
    "100:sandstorm",
    "100:scaryface",
    "100:screech",
    "100:secretpower",
    "100:shadowball",
    "100:shockwave",
    "100:sleeptalk",
    "100:smartstrike",
    "100:snore",
    "100:solarbeam",
    "100:stealthrock",
    "100:stompingtantrum",
    "100:stoneedge",
    "100:storedpower",
    "100:strength",
    "100:substitute",
    "100:sunnyday",
    "100:swagger",
    "100:takedown",
    "100:terablast",
    "100:thief",
    "100:thunder",
    "100:thunderbolt",
    "100:thunderwave",
    "100:toxic",
    "100:waterpulse",
    "100:wildcharge",
    "100:zenheadbutt",
    "100:ancientpower",
    "100:aquatail",
    "100:attract",
    "100:bide",
    "100:bind",
    "100:bite",
    "100:bodyslam",
    "100:counter",
    "100:curse",
    "100:defensecurl",
    "100:dig",
    "100:doubleedge",
    "100:doubleteam",
    "100:dreameater",
    "100:drillrun",
    "100:dualwingbeat",
    "100:endeavor",
    "100:endure",
    "100:frustration",
    "100:glare",
    "100:headbutt",
    "100:hiddenpower",
    "100:irontail",
    "100:lastresort",
    "100:magiccoat",
    "100:mimic",
    "100:mudslap",
    "100:nightmare",
    "100:painsplit",
    "100:protect",
    "100:psychup",
    "100:pursuit",
    "100:rage",
    "100:raindance",
    "100:rest",
    "100:return",
    "100:rockslide",
    "100:rocksmash",
    "100:rollout",
    "100:roost",
    "100:scaleshot",
    "100:screech",
    "100:shockwave",
    "100:skittersmack",
    "100:sleeptalk",
    "100:snore",
    "100:solarbeam",
    "100:spite",
    "100:stealthrock",
    "100:stompingtantrum",
    "100:strength",
    "100:substitute",
    "100:sunnyday",
    "100:swagger",
    "100:takedown",
    "100:terrainpulse",
    "100:thief",
    "100:thunder",
    "100:thunderwave",
    "100:toxic",
    "100:waterpulse",
    "100:zapcannon",
    "100:zenheadbutt"
  ],
  "labels": [
    "gen2"
  ],
  "pokedex": [
    "cobblemon.species.dunsparce.desc"
  ],
  "evolutions": [
    {
      "id": "dunsparce_dudunsparce",
      "variant": "level_up",
      "result": "dudunsparce",
      "consumeHeldItem": false,
      "learnableMoves": [],
      "requirements": [
        {
          "variant": "has_move",
          "move": "hyperdrill"
        }
      ]
    },
    {
      "id": "dunsparce_dudunsparce",
      "variant": "level_up",
      "result": "dudunsparce form=threesegment",
      "consumeHeldItem": false,
      "learnableMoves": [],
      "requirements": [
        {
          "variant": "has_move",
          "move": "hyperdrill"
        }
      ]
    }
  ],
  "baseScale": 1,
  "hitbox": {
    "width": 1,
    "height": 1,
    "fixed": false
  },
  "baseFriendship": 50,
  "evYield": {
    "hp": 1,
    "attack": 0,
    "defence": 0,
    "special_attack": 0,
    "special_defence": 0,
    "speed": 0
  },
  "height": 15,
  "weight": 140,
  "aspects": [],
  "cannotDynamax": false
}