{
  "implemented": true,
  "name": "Elekid",
  "nationalPokedexNumber": 239,
  "primaryType": "electric",
  "abilities": [
    "static",
    "h:vitalspirit"
  ],
  "baseStats": {
    "hp": 45,
    "attack": 63,
    "defence": 37,
    "special_attack": 65,
    "special_defence": 55,
    "speed": 95
  },
  "catchRate": 45,
  "maleRatio": 0.75,
  "shoulderMountable": false,
  "baseExperienceYield": 72,
  "experienceGroup": "medium_fast",
  "eggCycles": 25,
  "eggGroups": [
    "undiscovered"
  ],
  "drops": {
    "amount": "2",
    "entries": [
      {
        "item": "minecraft:redstone",
        "percentage": 50
      },
      {
        "item": "cobblemon:electirizer",
        "quantityRange": "1",
        "percentage": 2.5
      }
    ]
  },
  "moves": [
    "1:leer",
    "1:quickattack",
    "7:thundershock",
    "8:charge",
    "9:thunderpunch",
    "10:lowkick",
    "17:lightscreen",
    "19:shockwave",
    "19:thunderwave",
    "25:swift",
    "31:electroball",
    "33:screech",
    "34:discharge",
    "41:thunderbolt",
    "49:thunder",
    "100:barrier",
    "100:crosschop",
    "100:dynamicpunch",
    "100:feint",
    "100:firepunch",
    "100:focuspunch",
    "100:hammerarm",
    "100:icepunch",
    "100:karatechop",
    "100:meditate",
    "100:rollingkick",
    "100:attract",
    "100:bodyslam",
    "100:brickbreak",
    "100:captivate",
    "100:chargebeam",
    "100:confide",
    "100:doubleteam",
    "100:electroball",
    "100:electroweb",
    "100:endure",
    "100:facade",
    "100:firepunch",
    "100:flash",
    "100:fling",
    "100:focuspunch",
    "100:frustration",
    "100:helpinghand",
    "100:hiddenpower",
    "100:icepunch",
    "100:lightscreen",
    "100:lowkick",
    "100:megakick",
    "100:megapunch",
    "100:naturalgift",
    "100:poweruppunch",
    "100:protect",
    "100:psychic",
    "100:raindance",
    "100:rest",
    "100:return",
    "100:rocksmash",
    "100:round",
    "100:screech",
    "100:secretpower",
    "100:shockwave",
    "100:sleeptalk",
    "100:snore",
    "100:substitute",
    "100:swagger",
    "100:swift",
    "100:thief",
    "100:thunder",
    "100:thunderbolt",
    "100:thunderpunch",
    "100:thunderwave",
    "100:toxic",
    "100:uproar",
    "100:voltswitch",
    "100:wildcharge",
    "100:attract",
    "100:barrier",
    "100:bodyslam",
    "100:counter",
    "100:covet",
    "100:crosschop",
    "100:curse",
    "100:detect",
    "100:doubleedge",
    "100:doubleteam",
    "100:dualchop",
    "100:dynamicpunch",
    "100:electroweb",
    "100:endure",
    "100:firepunch",
    "100:flash",
    "100:focuspunch",
    "100:frustration",
    "100:headbutt",
    "100:helpinghand",
    "100:hiddenpower",
    "100:icepunch",
    "100:karatechop",
    "100:leer",
    "100:lightscreen",
    "100:lowkick",
    "100:magnetrise",
    "100:meditate",
    "100:megakick",
    "100:megapunch",
    "100:mimic",
    "100:mudslap",
    "100:protect",
    "100:psychic",
    "100:quickattack",
    "100:raindance",
    "100:rest",
    "100:return",
    "100:rollingkick",
    "100:screech",
    "100:seismictoss",
    "100:shockwave",
    "100:signalbeam",
    "100:sleeptalk",
    "100:snore",
    "100:substitute",
    "100:swagger",
    "100:swift",
    "100:thief",
    "100:thunder",
    "100:thunderbolt",
    "100:thunderpunch",
    "100:thundershock",
    "100:thunderwave",
    "100:toxic",
    "100:uproar",
    "100:zapcannon"
  ],
  "labels": [
    "gen2",
    "baby"
  ],
  "pokedex": [
    "cobblemon.species.elekid.desc"
  ],
  "evolutions": [
    {
      "id": "elekid_electabuzz",
      "variant": "level_up",
      "result": "electabuzz",
      "consumeHeldItem": false,
      "learnableMoves": [],
      "requirements": [
        {
          "variant": "level",
          "minLevel": 30
        }
      ]
    }
  ],
  "baseScale": 0.8,
  "hitbox": {
    "width": 0.5,
    "height": 0.7,
    "fixed": false
  },
  "baseFriendship": 50,
  "evYield": {
    "hp": 0,
    "attack": 0,
    "defence": 0,
    "special_attack": 0,
    "special_defence": 0,
    "speed": 1
  },
  "height": 6,
  "weight": 235,
  "aspects": [],
  "cannotDynamax": false
}