{
  "name": "Feraligatr",
  "nationalPokedexNumber": 160,
  "primaryType": "water",
  "abilities": [
    "torrent",
    "h:sheerforce"
  ],
  "baseStats": {
    "hp": 85,
    "attack": 105,
    "defence": 100,
    "special_attack": 79,
    "special_defence": 83,
    "speed": 78
  },
  "catchRate": 45,
  "maleRatio": 0.875,
  "shoulderMountable": false,
  "baseExperienceYield": 239,
  "experienceGroup": "medium_slow",
  "eggCycles": 20,
  "eggGroups": [
    "monster",
    "water_1"
  ],
  "moves": [
    "1:leer",
    "1:rage",
    "1:scratch",
    "1:watergun",
    "21:bite",
    "21:icefang",
    "24:flail",
    "24:thrash",
    "28:scaryface",
    "30:agility",
    "32:crunch",
    "37:chipaway",
    "38:slash",
    "47:screech",
    "50:aquatail",
    "58:hydropump",
    "58:superpower",
    "100:aerialace",
    "100:attract",
    "100:avalanche",
    "100:blizzard",
    "100:brickbreak",
    "100:bulldoze",
    "100:captivate",
    "100:confide",
    "100:cut",
    "100:dig",
    "100:dive",
    "100:doubleteam",
    "100:dragonclaw",
    "100:dragonpulse",
    "100:dragontail",
    "100:earthquake",
    "100:endure",
    "100:facade",
    "100:fling",
    "100:focusblast",
    "100:focuspunch",
    "100:frustration",
    "100:gigaimpact",
    "100:hail",
    "100:hiddenpower",
    "100:honeclaws",
    "100:hyperbeam",
    "100:icebeam",
    "100:irontail",
    "100:naturalgift",
    "100:poweruppunch",
    "100:protect",
    "100:raindance",
    "100:rest",
    "100:return",
    "100:roar",
    "100:rockclimb",
    "100:rockslide",
    "100:rocksmash",
    "100:rocktomb",
    "100:round",
    "100:scald",
    "100:secretpower",
    "100:shadowclaw",
    "100:sleeptalk",
    "100:strength",
    "100:substitute",
    "100:surf",
    "100:swagger",
    "100:swordsdance",
    "100:toxic",
    "100:waterfall",
    "100:waterpulse",
    "100:whirlpool",
    "100:workup",
    "100:ancientpower",
    "100:aquatail",
    "100:attract",
    "100:bite",
    "100:blizzard",
    "100:block",
    "100:bodyslam",
    "100:counter",
    "100:crunch",
    "100:curse",
    "100:cut",
    "100:detect",
    "100:dig",
    "100:dive",
    "100:doubleedge",
    "100:doubleteam",
    "100:dragonpulse",
    "100:dynamicpunch",
    "100:earthquake",
    "100:endure",
    "100:focuspunch",
    "100:frustration",
    "100:furycutter",
    "100:headbutt",
    "100:hiddenpower",
    "100:hydrocannon",
    "100:hydropump",
    "100:hyperbeam",
    "100:icepunch",
    "100:icywind",
    "100:irontail",
    "100:leer",
    "100:liquidation",
    "100:lowkick",
    "100:megakick",
    "100:megapunch",
    "100:mimic",
    "100:mudslap",
    "100:outrage",
    "100:protect",
    "100:rage",
    "100:raindance",
    "100:rest",
    "100:return",
    "100:roar",
    "100:rockslide",
    "100:rocksmash",
    "100:scaryface",
    "100:scratch",
    "100:screech",
    "100:seismictoss",
    "100:slash",
    "100:sleeptalk",
    "100:snore",
    "100:spite",
    "100:strength",
    "100:substitute",
    "100:superpower",
    "100:surf",
    "100:swagger",
    "100:swordsdance",
    "100:toxic",
    "100:uproar",
    "100:waterfall",
    "100:watergun",
    "100:waterpledge",
    "100:waterpulse",
    "100:whirlpool"
  ],
  "labels": [
    "gen2"
  ],
  "pokedex": [
    "cobblemon.species.feraligatr.desc"
  ],
  "preEvolution": "croconaw",
  "evolutions": [],
  "baseScale": 1,
  "hitbox": {
    "width": 1,
    "height": 1,
    "fixed": false
  },
  "baseFriendship": 70,
  "evYield": {
    "hp": 0,
    "attack": 2,
    "defence": 1,
    "special_attack": 0,
    "special_defence": 0,
    "speed": 0
  },
  "height": 23,
  "weight": 888,
  "aspects": [],
  "cannotDynamax": false
}