{
  "name": "Granbull",
  "nationalPokedexNumber": 210,
  "primaryType": "fairy",
  "abilities": [
    "intimidate",
    "quickfeet",
    "h:rattled"
  ],
  "baseStats": {
    "hp": 90,
    "attack": 120,
    "defence": 75,
    "special_attack": 60,
    "special_defence": 60,
    "speed": 45
  },
  "catchRate": 75,
  "maleRatio": 0.25,
  "shoulderMountable": false,
  "baseExperienceYield": 158,
  "experienceGroup": "fast",
  "eggCycles": 20,
  "eggGroups": [
    "field",
    "fairy"
  ],
  "moves": [
    "1:firefang",
    "1:icefang",
    "1:scaryface",
    "1:tackle",
    "1:thunderfang",
    "4:tailwhip",
    "8:charm",
    "13:bite",
    "19:headbutt",
    "19:lick",
    "28:roar",
    "38:rage",
    "43:playrough",
    "49:takedown",
    "51:payback",
    "61:crunch",
    "67:outrage",
    "100:attract",
    "100:brickbreak",
    "100:bulkup",
    "100:bulldoze",
    "100:captivate",
    "100:confide",
    "100:dazzlinggleam",
    "100:dig",
    "100:doubleteam",
    "100:earthquake",
    "100:endure",
    "100:facade",
    "100:fireblast",
    "100:flamethrower",
    "100:fling",
    "100:focusblast",
    "100:focuspunch",
    "100:frustration",
    "100:gigaimpact",
    "100:hiddenpower",
    "100:hyperbeam",
    "100:incinerate",
    "100:irontail",
    "100:naturalgift",
    "100:overheat",
    "100:payback",
    "100:poweruppunch",
    "100:protect",
    "100:raindance",
    "100:reflect",
    "100:rest",
    "100:retaliate",
    "100:return",
    "100:roar",
    "100:rockclimb",
    "100:rockslide",
    "100:rocksmash",
    "100:rocktomb",
    "100:round",
    "100:secretpower",
    "100:shadowball",
    "100:shockwave",
    "100:sleeptalk",
    "100:sludgebomb",
    "100:snarl",
    "100:solarbeam",
    "100:stoneedge",
    "100:strength",
    "100:substitute",
    "100:sunnyday",
    "100:swagger",
    "100:taunt",
    "100:thief",
    "100:thunder",
    "100:thunderbolt",
    "100:thunderwave",
    "100:torment",
    "100:toxic",
    "100:waterpulse",
    "100:wildcharge",
    "100:workup",
    "100:attract",
    "100:bite",
    "100:bodyslam",
    "100:charm",
    "100:counter",
    "100:covet",
    "100:curse",
    "100:defensecurl",
    "100:detect",
    "100:doubleedge",
    "100:doubleteam",
    "100:dynamicpunch",
    "100:endure",
    "100:firepunch",
    "100:focuspunch",
    "100:frustration",
    "100:headbutt",
    "100:healbell",
    "100:hiddenpower",
    "100:hyperbeam",
    "100:hypervoice",
    "100:icepunch",
    "100:irontail",
    "100:lastresort",
    "100:lick",
    "100:lowkick",
    "100:megakick",
    "100:megapunch",
    "100:metronome",
    "100:mimic",
    "100:mudslap",
    "100:outrage",
    "100:protect",
    "100:rage",
    "100:raindance",
    "100:rest",
    "100:return",
    "100:roar",
    "100:rockslide",
    "100:rocksmash",
    "100:scaryface",
    "100:seismictoss",
    "100:shadowball",
    "100:shockwave",
    "100:sleeptalk",
    "100:sludgebomb",
    "100:snore",
    "100:stompingtantrum",
    "100:strength",
    "100:substitute",
    "100:sunnyday",
    "100:superfang",
    "100:superpower",
    "100:swagger",
    "100:tackle",
    "100:tailwhip",
    "100:takedown",
    "100:thief",
    "100:thunder",
    "100:thunderpunch",
    "100:thunderwave",
    "100:toxic",
    "100:waterpulse",
    "100:zapcannon"
  ],
  "labels": [
    "gen2"
  ],
  "pokedex": [
    "cobblemon.species.granbull.desc"
  ],
  "preEvolution": "snubbull",
  "evolutions": [],
  "baseScale": 1,
  "hitbox": {
    "width": 1,
    "height": 1,
    "fixed": false
  },
  "baseFriendship": 70,
  "evYield": {
    "hp": 0,
    "attack": 2,
    "defence": 0,
    "special_attack": 0,
    "special_defence": 0,
    "speed": 0
  },
  "height": 14,
  "weight": 487,
  "aspects": [],
  "cannotDynamax": false
}