{
  "name": "Hoothoot",
  "nationalPokedexNumber": 163,
  "primaryType": "normal",
  "secondaryType": "flying",
  "abilities": [
    "insomnia",
    "keeneye",
    "h:tintedlens"
  ],
  "baseStats": {
    "hp": 60,
    "attack": 30,
    "defence": 30,
    "special_attack": 36,
    "special_defence": 56,
    "speed": 50
  },
  "catchRate": 255,
  "maleRatio": 0.5,
  "shoulderMountable": false,
  "baseExperienceYield": 52,
  "experienceGroup": "medium_fast",
  "eggCycles": 15,
  "eggGroups": [
    "flying"
  ],
  "moves": [
    "1:growl",
    "1:tackle",
    "6:foresight",
    "11:peck",
    "13:uproar",
    "16:hypnosis",
    "22:reflect",
    "25:echoedvoice",
    "28:takedown",
    "29:airslash",
    "33:zenheadbutt",
    "34:confusion",
    "37:extrasensory",
    "40:moonblast",
    "41:psychoshift",
    "41:synchronoise",
    "45:roost",
    "48:dreameater",
    "100:agility",
    "100:defog",
    "100:featherdance",
    "100:feintattack",
    "100:hurricane",
    "100:meanlook",
    "100:mirrormove",
    "100:nightshade",
    "100:skyattack",
    "100:supersonic",
    "100:whirlwind",
    "100:wingattack",
    "100:aerialace",
    "100:agility",
    "100:airslash",
    "100:amnesia",
    "100:attract",
    "100:calmmind",
    "100:captivate",
    "100:confide",
    "100:defog",
    "100:doubleteam",
    "100:dreameater",
    "100:echoedvoice",
    "100:endure",
    "100:facade",
    "100:flash",
    "100:fly",
    "100:frustration",
    "100:heatwave",
    "100:hiddenpower",
    "100:hurricane",
    "100:hypervoice",
    "100:imprison",
    "100:nastyplot",
    "100:naturalgift",
    "100:pluck",
    "100:protect",
    "100:psychic",
    "100:psychup",
    "100:raindance",
    "100:recycle",
    "100:reflect",
    "100:rest",
    "100:return",
    "100:roost",
    "100:round",
    "100:screech",
    "100:secretpower",
    "100:shadowball",
    "100:silverwind",
    "100:sleeptalk",
    "100:snore",
    "100:steelwing",
    "100:storedpower",
    "100:substitute",
    "100:sunnyday",
    "100:swagger",
    "100:swift",
    "100:thief",
    "100:toxic",
    "100:uproar",
    "100:workup",
    "100:zenheadbutt",
    "100:aircutter",
    "100:attract",
    "100:confusion",
    "100:curse",
    "100:defog",
    "100:detect",
    "100:doubleedge",
    "100:doubleteam",
    "100:dreameater",
    "100:dualwingbeat",
    "100:endure",
    "100:feintattack",
    "100:flash",
    "100:fly",
    "100:foresight",
    "100:frustration",
    "100:growl",
    "100:heatwave",
    "100:hiddenpower",
    "100:hypervoice",
    "100:hypnosis",
    "100:magiccoat",
    "100:mimic",
    "100:mirrormove",
    "100:mudslap",
    "100:nightmare",
    "100:nightshade",
    "100:ominouswind",
    "100:peck",
    "100:protect",
    "100:recycle",
    "100:reflect",
    "100:rest",
    "100:return",
    "100:roost",
    "100:skyattack",
    "100:sleeptalk",
    "100:snore",
    "100:steelwing",
    "100:substitute",
    "100:sunnyday",
    "100:supersonic",
    "100:swagger",
    "100:swift",
    "100:tackle",
    "100:tailwind",
    "100:takedown",
    "100:thief",
    "100:toxic",
    "100:twister",
    "100:uproar",
    "100:whirlwind",
    "100:wingattack",
    "100:zenheadbutt"
  ],
  "labels": [
    "gen2"
  ],
  "pokedex": [
    "cobblemon.species.hoothoot.desc"
  ],
  "evolutions": [
    {
      "id": "hoothoot_noctowl",
      "variant": "level_up",
      "result": "noctowl",
      "consumeHeldItem": false,
      "learnableMoves": [],
      "requirements": [
        {
          "variant": "level",
          "minLevel": 20
        }
      ]
    }
  ],
  "baseScale": 1,
  "hitbox": {
    "width": 1,
    "height": 1,
    "fixed": false
  },
  "baseFriendship": 50,
  "evYield": {
    "hp": 1,
    "attack": 0,
    "defence": 0,
    "special_attack": 0,
    "special_defence": 0,
    "speed": 0
  },
  "height": 7,
  "weight": 212,
  "aspects": [],
  "cannotDynamax": false
}