{
  "implemented": true,
  "name": "Igglybuff",
  "nationalPokedexNumber": 174,
  "primaryType": "normal",
  "secondaryType": "fairy",
  "abilities": [
    "cutecharm",
    "competitive",
    "h:friendguard"
  ],
  "baseStats": {
    "hp": 90,
    "attack": 30,
    "defence": 15,
    "special_attack": 40,
    "special_defence": 20,
    "speed": 15
  },
  "catchRate": 170,
  "maleRatio": 0.25,
  "shoulderMountable": false,
  "baseExperienceYield": 42,
  "experienceGroup": "fast",
  "eggCycles": 10,
  "eggGroups": [
    "undiscovered"
  ],
  "moves": [
    "1:charm",
    "1:sing",
    "4:defensecurl",
    "9:pound",
    "12:disarmingvoice",
    "14:sweetkiss",
    "16:disable",
    "17:copycat",
    "100:captivate",
    "100:covet",
    "100:faketears",
    "100:feintattack",
    "100:gravity",
    "100:healpulse",
    "100:lastresort",
    "100:mistyterrain",
    "100:perishsong",
    "100:present",
    "100:punishment",
    "100:rollout",
    "100:sleeptalk",
    "100:wish",
    "100:attract",
    "100:bodyslam",
    "100:bounce",
    "100:captivate",
    "100:charm",
    "100:confide",
    "100:dazzlinggleam",
    "100:dig",
    "100:disarmingvoice",
    "100:doubleteam",
    "100:drainingkiss",
    "100:dreameater",
    "100:echoedvoice",
    "100:encore",
    "100:endure",
    "100:facade",
    "100:faketears",
    "100:fireblast",
    "100:flamethrower",
    "100:flash",
    "100:fling",
    "100:frustration",
    "100:grassknot",
    "100:helpinghand",
    "100:hiddenpower",
    "100:hypervoice",
    "100:icywind",
    "100:incinerate",
    "100:lightscreen",
    "100:megakick",
    "100:megapunch",
    "100:mistyterrain",
    "100:naturalgift",
    "100:playrough",
    "100:protect",
    "100:psychic",
    "100:psychup",
    "100:raindance",
    "100:recycle",
    "100:reflect",
    "100:rest",
    "100:return",
    "100:round",
    "100:safeguard",
    "100:screech",
    "100:secretpower",
    "100:shadowball",
    "100:shockwave",
    "100:sleeptalk",
    "100:snore",
    "100:solarbeam",
    "100:substitute",
    "100:sunnyday",
    "100:swagger",
    "100:swift",
    "100:takedown",
    "100:terablast",
    "100:thunderwave",
    "100:toxic",
    "100:trailblaze",
    "100:uproar",
    "100:waterpulse",
    "100:wildcharge",
    "100:workup",
    "100:attract",
    "100:bodyslam",
    "100:bounce",
    "100:charm",
    "100:counter",
    "100:covet",
    "100:curse",
    "100:defensecurl",
    "100:detect",
    "100:doubleedge",
    "100:doubleteam",
    "100:dreameater",
    "100:endeavor",
    "100:endure",
    "100:faketears",
    "100:feintattack",
    "100:fireblast",
    "100:flash",
    "100:frustration",
    "100:gravity",
    "100:headbutt",
    "100:healbell",
    "100:helpinghand",
    "100:hiddenpower",
    "100:hypervoice",
    "100:icywind",
    "100:lastresort",
    "100:magiccoat",
    "100:megakick",
    "100:megapunch",
    "100:mimic",
    "100:mudslap",
    "100:nightmare",
    "100:painsplit",
    "100:perishsong",
    "100:pound",
    "100:present",
    "100:protect",
    "100:psychic",
    "100:psychup",
    "100:raindance",
    "100:recycle",
    "100:rest",
    "100:return",
    "100:roleplay",
    "100:rollout",
    "100:seismictoss",
    "100:shadowball",
    "100:shockwave",
    "100:sing",
    "100:sleeptalk",
    "100:snore",
    "100:solarbeam",
    "100:substitute",
    "100:sunnyday",
    "100:swagger",
    "100:sweetkiss",
    "100:thunderwave",
    "100:tickle",
    "100:toxic",
    "100:uproar",
    "100:waterpulse",
    "100:zapcannon"
  ],
  "labels": [
    "gen2",
    "baby"
  ],
  "pokedex": [
    "cobblemon.species.igglybuff.desc"
  ],
  "evolutions": [
    {
      "id": "igglybuff_jigglypuff",
      "variant": "level_up",
      "result": "jigglypuff",
      "consumeHeldItem": false,
      "learnableMoves": [],
      "requirements": [
        {
          "variant": "friendship",
          "amount": 160
        }
      ]
    }
  ],
  "baseScale": 0.7,
  "hitbox": {
    "width": 0.5,
    "height": 0.5,
    "fixed": false
  },
  "baseFriendship": 50,
  "evYield": {
    "hp": 1,
    "attack": 0,
    "defence": 0,
    "special_attack": 0,
    "special_defence": 0,
    "speed": 0
  },
  "height": 3,
  "weight": 10,
  "aspects": [],
  "cannotDynamax": false
}