{
  "name": "Lanturn",
  "nationalPokedexNumber": 171,
  "primaryType": "water",
  "secondaryType": "electric",
  "abilities": [
    "voltabsorb",
    "illuminate",
    "h:waterabsorb"
  ],
  "baseStats": {
    "hp": 125,
    "attack": 58,
    "defence": 58,
    "special_attack": 76,
    "special_defence": 76,
    "speed": 67
  },
  "catchRate": 75,
  "maleRatio": 0.5,
  "shoulderMountable": false,
  "baseExperienceYield": 161,
  "experienceGroup": "slow",
  "eggCycles": 20,
  "eggGroups": [
    "water_2"
  ],
  "moves": [
    "1:bubble",
    "1:eerieimpulse",
    "1:spotlight",
    "1:supersonic",
    "1:thunderwave",
    "13:flail",
    "17:watergun",
    "25:spark",
    "27:spitup",
    "27:stockpile",
    "27:swallow",
    "30:bubblebeam",
    "30:electroball",
    "32:confuseray",
    "35:signalbeam",
    "40:discharge",
    "43:takedown",
    "47:aquaring",
    "50:hydropump",
    "54:iondeluge",
    "61:charge",
    "100:agility",
    "100:amnesia",
    "100:attract",
    "100:blizzard",
    "100:bounce",
    "100:brine",
    "100:captivate",
    "100:chargebeam",
    "100:confide",
    "100:dazzlinggleam",
    "100:dive",
    "100:doubleteam",
    "100:eerieimpulse",
    "100:electroball",
    "100:endure",
    "100:facade",
    "100:flash",
    "100:frustration",
    "100:gigaimpact",
    "100:hail",
    "100:hiddenpower",
    "100:hydropump",
    "100:hyperbeam",
    "100:icebeam",
    "100:icywind",
    "100:naturalgift",
    "100:protect",
    "100:raindance",
    "100:rest",
    "100:return",
    "100:round",
    "100:scald",
    "100:screech",
    "100:secretpower",
    "100:shockwave",
    "100:sleeptalk",
    "100:snore",
    "100:substitute",
    "100:surf",
    "100:swagger",
    "100:thunder",
    "100:thunderbolt",
    "100:thunderwave",
    "100:toxic",
    "100:voltswitch",
    "100:waterfall",
    "100:waterpulse",
    "100:whirlpool",
    "100:wildcharge",
    "100:aquatail",
    "100:attract",
    "100:bounce",
    "100:bubble",
    "100:confuseray",
    "100:curse",
    "100:dive",
    "100:doubleedge",
    "100:doubleteam",
    "100:endure",
    "100:flail",
    "100:flash",
    "100:frustration",
    "100:healbell",
    "100:hiddenpower",
    "100:hydropump",
    "100:hyperbeam",
    "100:icywind",
    "100:mimic",
    "100:protect",
    "100:raindance",
    "100:rest",
    "100:return",
    "100:risingvoltage",
    "100:shockwave",
    "100:signalbeam",
    "100:sleeptalk",
    "100:snore",
    "100:spark",
    "100:substitute",
    "100:suckerpunch",
    "100:supersonic",
    "100:surf",
    "100:swagger",
    "100:takedown",
    "100:thunder",
    "100:thunderwave",
    "100:toxic",
    "100:waterfall",
    "100:watergun",
    "100:waterpulse",
    "100:whirlpool",
    "100:zapcannon"
  ],
  "labels": [
    "gen2"
  ],
  "pokedex": [
    "cobblemon.species.lanturn.desc"
  ],
  "preEvolution": "chinchou",
  "evolutions": [],
  "baseScale": 1,
  "hitbox": {
    "width": 1,
    "height": 1,
    "fixed": false
  },
  "baseFriendship": 50,
  "evYield": {
    "hp": 2,
    "attack": 0,
    "defence": 0,
    "special_attack": 0,
    "special_defence": 0,
    "speed": 0
  },
  "height": 12,
  "weight": 225,
  "aspects": [],
  "cannotDynamax": false
}