{
  "name": "Lugia",
  "nationalPokedexNumber": 249,
  "primaryType": "psychic",
  "secondaryType": "flying",
  "abilities": [
    "pressure",
    "h:multiscale"
  ],
  "baseStats": {
    "hp": 106,
    "attack": 90,
    "defence": 130,
    "special_attack": 90,
    "special_defence": 154,
    "speed": 110
  },
  "catchRate": 3,
  "maleRatio": -1,
  "shoulderMountable": false,
  "baseExperienceYield": 340,
  "experienceGroup": "slow",
  "eggCycles": 120,
  "eggGroups": [
    "undiscovered"
  ],
  "moves": [
    "1:weatherball",
    "1:whirlwind",
    "9:mist",
    "11:safeguard",
    "15:dragonrush",
    "22:gust",
    "23:extrasensory",
    "33:recover",
    "44:hydropump",
    "50:punishment",
    "51:naturalgift",
    "55:raindance",
    "66:swift",
    "77:aeroblast",
    "88:ancientpower",
    "93:calmmind",
    "99:futuresight",
    "99:skyattack",
    "100:aerialace",
    "100:airslash",
    "100:avalanche",
    "100:blizzard",
    "100:bodyslam",
    "100:brine",
    "100:bulldoze",
    "100:calmmind",
    "100:chargebeam",
    "100:confide",
    "100:defog",
    "100:dive",
    "100:doubleteam",
    "100:dragonpulse",
    "100:dragontail",
    "100:dreameater",
    "100:earthpower",
    "100:earthquake",
    "100:echoedvoice",
    "100:endure",
    "100:facade",
    "100:flash",
    "100:fly",
    "100:frustration",
    "100:futuresight",
    "100:gigadrain",
    "100:gigaimpact",
    "100:hail",
    "100:helpinghand",
    "100:hiddenpower",
    "100:hurricane",
    "100:hydropump",
    "100:hyperbeam",
    "100:hypervoice",
    "100:icebeam",
    "100:icywind",
    "100:imprison",
    "100:ironhead",
    "100:irontail",
    "100:lightscreen",
    "100:naturalgift",
    "100:protect",
    "100:psychic",
    "100:psychup",
    "100:psyshock",
    "100:raindance",
    "100:reflect",
    "100:rest",
    "100:return",
    "100:roar",
    "100:rocksmash",
    "100:roost",
    "100:round",
    "100:safeguard",
    "100:sandstorm",
    "100:secretpower",
    "100:shadowball",
    "100:shockwave",
    "100:skillswap",
    "100:skydrop",
    "100:sleeptalk",
    "100:snore",
    "100:steelwing",
    "100:strength",
    "100:substitute",
    "100:sunnyday",
    "100:surf",
    "100:swagger",
    "100:swift",
    "100:telekinesis",
    "100:thunder",
    "100:thunderbolt",
    "100:thunderwave",
    "100:toxic",
    "100:trick",
    "100:waterfall",
    "100:waterpulse",
    "100:weatherball",
    "100:whirlpool",
    "100:wonderroom",
    "100:zenheadbutt",
    "100:aeroblast",
    "100:aircutter",
    "100:ancientpower",
    "100:aquatail",
    "100:blizzard",
    "100:bodyslam",
    "100:curse",
    "100:defog",
    "100:detect",
    "100:dive",
    "100:doubleedge",
    "100:doubleteam",
    "100:dragonbreath",
    "100:dragonpulse",
    "100:dragonrush",
    "100:dreameater",
    "100:dualwingbeat",
    "100:earthpower",
    "100:earthquake",
    "100:endure",
    "100:extrasensory",
    "100:featherdance",
    "100:fly",
    "100:frustration",
    "100:futuresight",
    "100:gigadrain",
    "100:gust",
    "100:headbutt",
    "100:hiddenpower",
    "100:hurricane",
    "100:hydropump",
    "100:hyperbeam",
    "100:hypervoice",
    "100:icebeam",
    "100:icywind",
    "100:ironhead",
    "100:irontail",
    "100:laserfocus",
    "100:mimic",
    "100:mudslap",
    "100:nightmare",
    "100:ominouswind",
    "100:protect",
    "100:psychic",
    "100:psychoboost",
    "100:psychup",
    "100:punishment",
    "100:raindance",
    "100:recover",
    "100:rest",
    "100:return",
    "100:roar",
    "100:rocksmash",
    "100:roost",
    "100:safeguard",
    "100:sandstorm",
    "100:scaleshot",
    "100:shadowball",
    "100:shockwave",
    "100:signalbeam",
    "100:skillswap",
    "100:skyattack",
    "100:sleeptalk",
    "100:snore",
    "100:steelwing",
    "100:strength",
    "100:substitute",
    "100:sunnyday",
    "100:surf",
    "100:swagger",
    "100:swift",
    "100:tailwind",
    "100:telekinesis",
    "100:thunder",
    "100:thunderwave",
    "100:toxic",
    "100:trick",
    "100:twister",
    "100:waterfall",
    "100:waterpulse",
    "100:weatherball",
    "100:whirlpool",
    "100:whirlwind",
    "100:wonderroom",
    "100:zapcannon",
    "100:zenheadbutt"
  ],
  "labels": [
    "gen2",
    "legendary"
  ],
  "pokedex": [
    "cobblemon.species.lugia.desc"
  ],
  "evolutions": [],
  "baseScale": 1,
  "hitbox": {
    "width": 1,
    "height": 1,
    "fixed": false
  },
  "baseFriendship": 0,
  "evYield": {
    "hp": 0,
    "attack": 0,
    "defence": 0,
    "special_attack": 0,
    "special_defence": 3,
    "speed": 0
  },
  "height": 52,
  "weight": 2160,
  "aspects": [],
  "cannotDynamax": false
}