{
  "implemented": true,
  "name": "Magby",
  "nationalPokedexNumber": 240,
  "primaryType": "fire",
  "abilities": [
    "flamebody",
    "h:vitalspirit"
  ],
  "baseStats": {
    "hp": 45,
    "attack": 75,
    "defence": 37,
    "special_attack": 70,
    "special_defence": 55,
    "speed": 83
  },
  "catchRate": 45,
  "maleRatio": 0.75,
  "shoulderMountable": false,
  "baseExperienceYield": 73,
  "experienceGroup": "medium_fast",
  "eggCycles": 25,
  "eggGroups": [
    "undiscovered"
  ],
  "drops": {
    "amount": "2",
    "entries": [
      {
        "item": "minecraft:blaze_powder",
        "percentage": 2.5
      },
      {
        "item": "cobblemon:magmarizer",
        "percentage": 2.5
      }
    ]
  },
  "moves": [
    "1:ember",
    "7:leer",
    "13:smog",
    "16:feintattack",
    "16:flamewheel",
    "19:clearsmog",
    "19:firepunch",
    "19:firespin",
    "24:scaryface",
    "25:smokescreen",
    "28:flameburst",
    "31:sunnyday",
    "34:lavaplume",
    "36:lowkick",
    "37:flamethrower",
    "43:confuseray",
    "49:fireblast",
    "100:barrier",
    "100:belch",
    "100:bellydrum",
    "100:crosschop",
    "100:dynamicpunch",
    "100:flareblitz",
    "100:focusenergy",
    "100:focuspunch",
    "100:irontail",
    "100:karatechop",
    "100:machpunch",
    "100:megapunch",
    "100:powerswap",
    "100:screech",
    "100:thunderpunch",
    "100:attract",
    "100:bodyslam",
    "100:brickbreak",
    "100:captivate",
    "100:confide",
    "100:doubleteam",
    "100:endure",
    "100:facade",
    "100:fireblast",
    "100:firepunch",
    "100:firespin",
    "100:flamecharge",
    "100:flamethrower",
    "100:flareblitz",
    "100:fling",
    "100:focusenergy",
    "100:focuspunch",
    "100:frustration",
    "100:heatwave",
    "100:helpinghand",
    "100:hiddenpower",
    "100:incinerate",
    "100:irontail",
    "100:lowkick",
    "100:megakick",
    "100:megapunch",
    "100:naturalgift",
    "100:overheat",
    "100:powerswap",
    "100:poweruppunch",
    "100:protect",
    "100:psychic",
    "100:rest",
    "100:return",
    "100:rocksmash",
    "100:round",
    "100:scaryface",
    "100:screech",
    "100:secretpower",
    "100:sleeptalk",
    "100:snore",
    "100:substitute",
    "100:sunnyday",
    "100:swagger",
    "100:thief",
    "100:thunderpunch",
    "100:toxic",
    "100:uproar",
    "100:willowisp",
    "100:attract",
    "100:barrier",
    "100:bodyslam",
    "100:confuseray",
    "100:counter",
    "100:covet",
    "100:crosschop",
    "100:curse",
    "100:detect",
    "100:doubleedge",
    "100:doubleteam",
    "100:dualchop",
    "100:dynamicpunch",
    "100:ember",
    "100:endure",
    "100:fireblast",
    "100:firepunch",
    "100:flamethrower",
    "100:focuspunch",
    "100:frustration",
    "100:headbutt",
    "100:heatwave",
    "100:helpinghand",
    "100:hiddenpower",
    "100:irontail",
    "100:karatechop",
    "100:leer",
    "100:megakick",
    "100:megapunch",
    "100:mimic",
    "100:mudslap",
    "100:protect",
    "100:psychic",
    "100:rest",
    "100:return",
    "100:screech",
    "100:seismictoss",
    "100:sleeptalk",
    "100:smog",
    "100:smokescreen",
    "100:snore",
    "100:substitute",
    "100:sunnyday",
    "100:swagger",
    "100:thief",
    "100:thunderpunch",
    "100:toxic",
    "100:uproar"
  ],
  "labels": [
    "gen2",
    "baby"
  ],
  "pokedex": [
    "cobblemon.species.magby.desc"
  ],
  "evolutions": [
    {
      "id": "magby_magmar",
      "variant": "level_up",
      "result": "magmar",
      "consumeHeldItem": false,
      "learnableMoves": [],
      "requirements": [
        {
          "variant": "level",
          "minLevel": 30
        }
      ]
    }
  ],
  "baseScale": 0.7,
  "hitbox": {
    "width": 0.6,
    "height": 1.2,
    "fixed": false
  },
  "baseFriendship": 50,
  "evYield": {
    "hp": 0,
    "attack": 0,
    "defence": 0,
    "special_attack": 0,
    "special_defence": 0,
    "speed": 1
  },
  "height": 7,
  "weight": 214,
  "aspects": [],
  "cannotDynamax": false
}