{
  "name": "Mareep",
  "nationalPokedexNumber": 179,
  "primaryType": "electric",
  "abilities": [
    "static",
    "h:plus"
  ],
  "baseStats": {
    "hp": 55,
    "attack": 40,
    "defence": 40,
    "special_attack": 65,
    "special_defence": 45,
    "speed": 35
  },
  "catchRate": 235,
  "maleRatio": 0.5,
  "shoulderMountable": false,
  "baseExperienceYield": 56,
  "experienceGroup": "medium_slow",
  "eggCycles": 20,
  "eggGroups": [
    "monster",
    "field"
  ],
  "moves": [
    "1:growl",
    "1:tackle",
    "9:thundershock",
    "16:thunderwave",
    "18:takedown",
    "23:charge",
    "23:cottonspore",
    "25:confuseray",
    "28:discharge",
    "28:electroball",
    "30:lightscreen",
    "32:cottonguard",
    "32:signalbeam",
    "37:thunder",
    "39:dazzlinggleam",
    "41:powergem",
    "100:afteryou",
    "100:agility",
    "100:bodyslam",
    "100:charge",
    "100:eerieimpulse",
    "100:electricterrain",
    "100:electroweb",
    "100:flatter",
    "100:irontail",
    "100:odorsleuth",
    "100:reflect",
    "100:safeguard",
    "100:sandattack",
    "100:screech",
    "100:takedown",
    "100:agility",
    "100:attract",
    "100:bodyslam",
    "100:captivate",
    "100:chargebeam",
    "100:confide",
    "100:confuseray",
    "100:dazzlinggleam",
    "100:dig",
    "100:doubleteam",
    "100:echoedvoice",
    "100:eerieimpulse",
    "100:electricterrain",
    "100:electroball",
    "100:endure",
    "100:facade",
    "100:flash",
    "100:frustration",
    "100:helpinghand",
    "100:hiddenpower",
    "100:irontail",
    "100:lightscreen",
    "100:naturalgift",
    "100:powergem",
    "100:protect",
    "100:raindance",
    "100:reflect",
    "100:rest",
    "100:return",
    "100:round",
    "100:safeguard",
    "100:secretpower",
    "100:shockwave",
    "100:sleeptalk",
    "100:substitute",
    "100:sunnyday",
    "100:swagger",
    "100:takedown",
    "100:terablast",
    "100:thunder",
    "100:thunderbolt",
    "100:thunderwave",
    "100:toxic",
    "100:trailblaze",
    "100:voltswitch",
    "100:wildcharge",
    "100:afteryou",
    "100:attract",
    "100:bodyslam",
    "100:cottonspore",
    "100:curse",
    "100:defensecurl",
    "100:doubleedge",
    "100:doubleteam",
    "100:electroweb",
    "100:endure",
    "100:flash",
    "100:frustration",
    "100:growl",
    "100:headbutt",
    "100:healbell",
    "100:hiddenpower",
    "100:holdback",
    "100:irontail",
    "100:lightscreen",
    "100:magnetrise",
    "100:mimic",
    "100:protect",
    "100:raindance",
    "100:reflect",
    "100:rest",
    "100:return",
    "100:safeguard",
    "100:screech",
    "100:shockwave",
    "100:signalbeam",
    "100:sleeptalk",
    "100:snore",
    "100:substitute",
    "100:swagger",
    "100:swift",
    "100:tackle",
    "100:takedown",
    "100:thunder",
    "100:thunderbolt",
    "100:thundershock",
    "100:thunderwave",
    "100:toxic",
    "100:zapcannon"
  ],
  "labels": [
    "gen2"
  ],
  "pokedex": [
    "cobblemon.species.mareep.desc"
  ],
  "evolutions": [
    {
      "id": "mareep_flaaffy",
      "variant": "level_up",
      "result": "flaaffy",
      "consumeHeldItem": false,
      "learnableMoves": [],
      "requirements": [
        {
          "variant": "level",
          "minLevel": 15
        }
      ]
    }
  ],
  "baseScale": 1,
  "hitbox": {
    "width": 1,
    "height": 1,
    "fixed": false
  },
  "baseFriendship": 70,
  "evYield": {
    "hp": 0,
    "attack": 0,
    "defence": 0,
    "special_attack": 1,
    "special_defence": 0,
    "speed": 0
  },
  "height": 6,
  "weight": 78,
  "aspects": [],
  "cannotDynamax": false
}