{
  "name": "Marill",
  "nationalPokedexNumber": 183,
  "primaryType": "water",
  "secondaryType": "fairy",
  "abilities": [
    "thickfat",
    "hugepower",
    "h:sapsipper"
  ],
  "baseStats": {
    "hp": 70,
    "attack": 20,
    "defence": 50,
    "special_attack": 20,
    "special_defence": 50,
    "speed": 40
  },
  "catchRate": 190,
  "maleRatio": 0.5,
  "shoulderMountable": false,
  "baseExperienceYield": 88,
  "experienceGroup": "fast",
  "eggCycles": 10,
  "eggGroups": [
    "water_1",
    "fairy"
  ],
  "moves": [
    "1:bubble",
    "1:tackle",
    "3:defensecurl",
    "5:watersport",
    "6:tailwhip",
    "9:charm",
    "10:watergun",
    "12:slam",
    "15:bounce",
    "15:rollout",
    "16:helpinghand",
    "21:bubblebeam",
    "23:aquaring",
    "23:playrough",
    "28:doubleedge",
    "36:raindance",
    "37:aquatail",
    "37:superpower",
    "45:hydropump",
    "100:amnesia",
    "100:aquajet",
    "100:bellydrum",
    "100:bodyslam",
    "100:camouflage",
    "100:copycat",
    "100:futuresight",
    "100:lightscreen",
    "100:muddywater",
    "100:perishsong",
    "100:present",
    "100:refresh",
    "100:sing",
    "100:soak",
    "100:substitute",
    "100:superpower",
    "100:supersonic",
    "100:tickle",
    "100:watersport",
    "100:amnesia",
    "100:attract",
    "100:blizzard",
    "100:bodyslam",
    "100:bounce",
    "100:brickbreak",
    "100:brutalswing",
    "100:bulldoze",
    "100:captivate",
    "100:charm",
    "100:chillingwater",
    "100:confide",
    "100:dig",
    "100:disarmingvoice",
    "100:dive",
    "100:doubleteam",
    "100:drainingkiss",
    "100:encore",
    "100:endure",
    "100:facade",
    "100:faketears",
    "100:fling",
    "100:focuspunch",
    "100:frustration",
    "100:futuresight",
    "100:grassknot",
    "100:hail",
    "100:helpinghand",
    "100:hiddenpower",
    "100:hydropump",
    "100:hypervoice",
    "100:icebeam",
    "100:icepunch",
    "100:icespinner",
    "100:icywind",
    "100:irontail",
    "100:lightscreen",
    "100:liquidation",
    "100:megakick",
    "100:megapunch",
    "100:metronome",
    "100:mistyterrain",
    "100:muddywater",
    "100:mudshot",
    "100:mudslap",
    "100:naturalgift",
    "100:playrough",
    "100:poweruppunch",
    "100:protect",
    "100:raindance",
    "100:rest",
    "100:return",
    "100:rocksmash",
    "100:round",
    "100:scald",
    "100:secretpower",
    "100:sleeptalk",
    "100:snore",
    "100:snowscape",
    "100:strength",
    "100:substitute",
    "100:superpower",
    "100:surf",
    "100:swagger",
    "100:swift",
    "100:takedown",
    "100:terablast",
    "100:toxic",
    "100:trailblaze",
    "100:uproar",
    "100:waterfall",
    "100:waterpulse",
    "100:whirlpool",
    "100:workup",
    "100:amnesia",
    "100:aquajet",
    "100:aquatail",
    "100:attract",
    "100:bellydrum",
    "100:blizzard",
    "100:bodyslam",
    "100:bounce",
    "100:bubblebeam",
    "100:covet",
    "100:curse",
    "100:defensecurl",
    "100:dive",
    "100:doubleedge",
    "100:doubleteam",
    "100:dynamicpunch",
    "100:endure",
    "100:focuspunch",
    "100:foresight",
    "100:frustration",
    "100:futuresight",
    "100:headbutt",
    "100:helpinghand",
    "100:hiddenpower",
    "100:hypervoice",
    "100:icepunch",
    "100:icywind",
    "100:irontail",
    "100:knockoff",
    "100:lightscreen",
    "100:megakick",
    "100:megapunch",
    "100:mimic",
    "100:mistyexplosion",
    "100:mudslap",
    "100:perishsong",
    "100:present",
    "100:protect",
    "100:raindance",
    "100:rest",
    "100:return",
    "100:rollout",
    "100:seismictoss",
    "100:sleeptalk",
    "100:snore",
    "100:steelroller",
    "100:substitute",
    "100:superpower",
    "100:supersonic",
    "100:surf",
    "100:swagger",
    "100:swift",
    "100:tackle",
    "100:tailwhip",
    "100:toxic",
    "100:waterfall",
    "100:watergun",
    "100:waterpulse",
    "100:whirlpool"
  ],
  "labels": [
    "gen2"
  ],
  "pokedex": [
    "cobblemon.species.marill.desc"
  ],
  "preEvolution": "azurill",
  "evolutions": [
    {
      "id": "marill_azumarill",
      "variant": "level_up",
      "result": "azumarill",
      "consumeHeldItem": false,
      "learnableMoves": [],
      "requirements": [
        {
          "variant": "level",
          "minLevel": 18
        }
      ]
    }
  ],
  "baseScale": 1,
  "hitbox": {
    "width": 1,
    "height": 1,
    "fixed": false
  },
  "baseFriendship": 50,
  "evYield": {
    "hp": 2,
    "attack": 0,
    "defence": 0,
    "special_attack": 0,
    "special_defence": 0,
    "speed": 0
  },
  "height": 4,
  "weight": 85,
  "aspects": [],
  "cannotDynamax": false
}