{
  "implemented": true,
  "name": "Murkrow",
  "nationalPokedexNumber": 198,
  "primaryType": "dark",
  "secondaryType": "flying",
  "abilities": [
    "insomnia",
    "superluck",
    "h:prankster"
  ],
  "baseStats": {
    "hp": 60,
    "attack": 85,
    "defence": 42,
    "special_attack": 85,
    "special_defence": 42,
    "speed": 91
  },
  "behaviour": {
    "resting": {
      "canSleep": true,
      "times": "day"
    }
  },
  "catchRate": 30,
  "maleRatio": 0.5,
  "shoulderMountable": false,
  "baseExperienceYield": 81,
  "experienceGroup": "medium_slow",
  "eggCycles": 20,
  "eggGroups": [
    "flying"
  ],
  "drops": {
    "amount": "2",
    "entries": [
      {
        "item": "minecraft:feather",
        "percentage": 50
      },
      {
        "item": "minecraft:chicken"
      }
    ]
  },
  "moves": [
    "1:peck",
    "5:gust",
    "9:astonish",
    "14:pursuit",
    "15:wingattack",
    "22:haze",
    "25:assurance",
    "27:nightshade",
    "35:feintattack",
    "40:taunt",
    "45:foulplay",
    "45:suckerpunch",
    "48:meanlook",
    "51:tailwind",
    "61:torment",
    "65:quash",
    "100:assurance",
    "100:bravebird",
    "100:confuseray",
    "100:drillpeck",
    "100:featherdance",
    "100:feintattack",
    "100:flatter",
    "100:mirrormove",
    "100:perishsong",
    "100:psychoshift",
    "100:roost",
    "100:screech",
    "100:skyattack",
    "100:whirlwind",
    "100:wingattack",
    "100:acrobatics",
    "100:aerialace",
    "100:aircutter",
    "100:airslash",
    "100:attract",
    "100:bravebird",
    "100:calmmind",
    "100:captivate",
    "100:confide",
    "100:confuseray",
    "100:darkpulse",
    "100:defog",
    "100:doubleteam",
    "100:dreameater",
    "100:embargo",
    "100:endure",
    "100:facade",
    "100:fly",
    "100:foulplay",
    "100:frustration",
    "100:gigaimpact",
    "100:heatwave",
    "100:hex",
    "100:hiddenpower",
    "100:hurricane",
    "100:hyperbeam",
    "100:icywind",
    "100:mudslap",
    "100:nastyplot",
    "100:naturalgift",
    "100:nightshade",
    "100:payback",
    "100:pluck",
    "100:protect",
    "100:psychic",
    "100:psychup",
    "100:quash",
    "100:raindance",
    "100:rest",
    "100:retaliate",
    "100:return",
    "100:roost",
    "100:round",
    "100:scaryface",
    "100:secretpower",
    "100:shadowball",
    "100:sleeptalk",
    "100:snarl",
    "100:snatch",
    "100:steelwing",
    "100:substitute",
    "100:sunnyday",
    "100:swagger",
    "100:tailwind",
    "100:takedown",
    "100:taunt",
    "100:terablast",
    "100:thief",
    "100:thunderwave",
    "100:torment",
    "100:toxic",
    "100:uturn",
    "100:aircutter",
    "100:astonish",
    "100:attract",
    "100:confuseray",
    "100:curse",
    "100:darkpulse",
    "100:defog",
    "100:detect",
    "100:doubleedge",
    "100:doubleteam",
    "100:dreameater",
    "100:drillpeck",
    "100:endure",
    "100:feintattack",
    "100:fly",
    "100:foulplay",
    "100:frustration",
    "100:haze",
    "100:heatwave",
    "100:hiddenpower",
    "100:icywind",
    "100:meanlook",
    "100:mimic",
    "100:mirrormove",
    "100:mudslap",
    "100:nightmare",
    "100:nightshade",
    "100:ominouswind",
    "100:peck",
    "100:protect",
    "100:psychup",
    "100:pursuit",
    "100:quickattack",
    "100:rest",
    "100:return",
    "100:roost",
    "100:shadowball",
    "100:skyattack",
    "100:sleeptalk",
    "100:snatch",
    "100:snore",
    "100:spite",
    "100:steelwing",
    "100:substitute",
    "100:suckerpunch",
    "100:sunnyday",
    "100:swagger",
    "100:swift",
    "100:tailwind",
    "100:thief",
    "100:thunderwave",
    "100:toxic",
    "100:twister",
    "100:uproar",
    "100:whirlwind",
    "100:wingattack"
  ],
  "labels": [
    "gen2"
  ],
  "pokedex": [
    "cobblemon.species.murkrow.desc"
  ],
  "evolutions": [
    {
      "id": "murkrow_honchkrow",
      "variant": "item_interact",
      "result": "honchkrow",
      "consumeHeldItem": false,
      "learnableMoves": [],
      "requirements": [],
      "requiredContext": "cobblemon:dusk_stone"
    }
  ],
  "baseScale": 0.9,
  "hitbox": {
    "width": 0.65,
    "height": 1,
    "fixed": false
  },
  "baseFriendship": 35,
  "evYield": {
    "hp": 0,
    "attack": 0,
    "defence": 0,
    "special_attack": 0,
    "special_defence": 0,
    "speed": 1
  },
  "height": 5,
  "weight": 21,
  "aspects": [],
  "cannotDynamax": false
}