{
  "implemented": true,
  "name": "Natu",
  "nationalPokedexNumber": 177,
  "primaryType": "psychic",
  "secondaryType": "flying",
  "abilities": [
    "synchronize",
    "earlybird",
    "h:magicbounce"
  ],
  "baseStats": {
    "hp": 40,
    "attack": 50,
    "defence": 45,
    "special_attack": 70,
    "special_defence": 45,
    "speed": 70
  },
  "behaviour": {
    "resting": {
      "canSleep": true,
      "willSleepOnBed": true
    }
  },
  "catchRate": 190,
  "maleRatio": 0.5,
  "shoulderMountable": false,
  "baseExperienceYield": 64,
  "experienceGroup": "medium_fast",
  "eggCycles": 20,
  "eggGroups": [
    "flying"
  ],
  "drops": {
    "amount": "3",
    "entries": [
      {
        "item": "minecraft:feather",
        "percentage": 50
      },
      {
        "item": "minecraft:chicken"
      },
      {
        "item": "cobblemon:wise_glasses",
        "percentage": 2.5
      }
    ]
  },
  "moves": [
    "1:leer",
    "1:peck",
    "10:nightshade",
    "12:luckychant",
    "17:miracleeye",
    "20:mefirst",
    "20:teleport",
    "30:futuresight",
    "30:wish",
    "33:psychoshift",
    "39:ominouswind",
    "39:storedpower",
    "40:confuseray",
    "44:guardswap",
    "44:powerswap",
    "50:psychic",
    "100:allyswitch",
    "100:drillpeck",
    "100:featherdance",
    "100:feintattack",
    "100:haze",
    "100:psychup",
    "100:quickattack",
    "100:refresh",
    "100:roost",
    "100:simplebeam",
    "100:skillswap",
    "100:steelwing",
    "100:suckerpunch",
    "100:synchronoise",
    "100:zenheadbutt",
    "100:aerialace",
    "100:airslash",
    "100:allyswitch",
    "100:attract",
    "100:batonpass",
    "100:calmmind",
    "100:captivate",
    "100:confide",
    "100:cosmicpower",
    "100:dazzlinggleam",
    "100:doubleteam",
    "100:dreameater",
    "100:endure",
    "100:facade",
    "100:flash",
    "100:frustration",
    "100:futuresight",
    "100:gigadrain",
    "100:grassknot",
    "100:guardswap",
    "100:heatwave",
    "100:hiddenpower",
    "100:imprison",
    "100:lightscreen",
    "100:magicroom",
    "100:naturalgift",
    "100:pluck",
    "100:powerswap",
    "100:protect",
    "100:psychic",
    "100:psychup",
    "100:psyshock",
    "100:raindance",
    "100:reflect",
    "100:rest",
    "100:return",
    "100:roost",
    "100:round",
    "100:secretpower",
    "100:shadowball",
    "100:silverwind",
    "100:skillswap",
    "100:sleeptalk",
    "100:snore",
    "100:solarbeam",
    "100:steelwing",
    "100:storedpower",
    "100:substitute",
    "100:sunnyday",
    "100:swagger",
    "100:swift",
    "100:telekinesis",
    "100:thief",
    "100:thunderwave",
    "100:toxic",
    "100:trick",
    "100:trickroom",
    "100:uturn",
    "100:zenheadbutt",
    "100:aerialace",
    "100:aircutter",
    "100:allyswitch",
    "100:attract",
    "100:batonpass",
    "100:confuseray",
    "100:curse",
    "100:detect",
    "100:doubleedge",
    "100:doubleteam",
    "100:dreameater",
    "100:drillpeck",
    "100:dualwingbeat",
    "100:endure",
    "100:expandingforce",
    "100:featherdance",
    "100:feintattack",
    "100:flash",
    "100:frustration",
    "100:futuresight",
    "100:gigadrain",
    "100:haze",
    "100:heatwave",
    "100:hiddenpower",
    "100:leer",
    "100:magiccoat",
    "100:magicroom",
    "100:mimic",
    "100:nightmare",
    "100:nightshade",
    "100:ominouswind",
    "100:painsplit",
    "100:peck",
    "100:protect",
    "100:psychic",
    "100:psychup",
    "100:quickattack",
    "100:rest",
    "100:return",
    "100:roost",
    "100:signalbeam",
    "100:skillswap",
    "100:skyattack",
    "100:sleeptalk",
    "100:snore",
    "100:solarbeam",
    "100:steelwing",
    "100:substitute",
    "100:suckerpunch",
    "100:sunnyday",
    "100:swagger",
    "100:swift",
    "100:tailwind",
    "100:telekinesis",
    "100:teleport",
    "100:thief",
    "100:thunderwave",
    "100:toxic",
    "100:trick",
    "100:twister",
    "100:zenheadbutt"
  ],
  "labels": [
    "gen2"
  ],
  "pokedex": [
    "cobblemon.species.natu.desc"
  ],
  "evolutions": [
    {
      "id": "natu_xatu",
      "variant": "level_up",
      "result": "xatu",
      "consumeHeldItem": false,
      "learnableMoves": [
        "airslash"
      ],
      "requirements": [
        {
          "variant": "level",
          "minLevel": 25
        }
      ]
    }
  ],
  "baseScale": 1,
  "hitbox": {
    "width": 0.5,
    "height": 0.5,
    "fixed": false
  },
  "baseFriendship": 50,
  "evYield": {
    "hp": 0,
    "attack": 0,
    "defence": 0,
    "special_attack": 1,
    "special_defence": 0,
    "speed": 0
  },
  "height": 2,
  "weight": 20,
  "aspects": [],
  "cannotDynamax": false
}