{
  "name": "Phanpy",
  "nationalPokedexNumber": 231,
  "primaryType": "ground",
  "abilities": [
    "pickup",
    "h:sandveil"
  ],
  "baseStats": {
    "hp": 90,
    "attack": 60,
    "defence": 60,
    "special_attack": 40,
    "special_defence": 40,
    "speed": 40
  },
  "catchRate": 120,
  "maleRatio": 0.5,
  "shoulderMountable": false,
  "baseExperienceYield": 66,
  "experienceGroup": "medium_fast",
  "eggCycles": 20,
  "eggGroups": [
    "field"
  ],
  "moves": [
    "1:growl",
    "1:odorsleuth",
    "1:tackle",
    "9:defensecurl",
    "15:bulldoze",
    "17:flail",
    "19:naturalgift",
    "24:slam",
    "25:takedown",
    "33:charm",
    "33:rollout",
    "37:lastresort",
    "41:endure",
    "49:doubleedge",
    "100:ancientpower",
    "100:bodyslam",
    "100:counter",
    "100:endeavor",
    "100:fissure",
    "100:focusenergy",
    "100:headsmash",
    "100:heavyslam",
    "100:highhorsepower",
    "100:iceshard",
    "100:mudslap",
    "100:playrough",
    "100:snore",
    "100:attract",
    "100:bodyslam",
    "100:bulldoze",
    "100:captivate",
    "100:charm",
    "100:confide",
    "100:dig",
    "100:doubleteam",
    "100:earthpower",
    "100:earthquake",
    "100:echoedvoice",
    "100:encore",
    "100:endure",
    "100:facade",
    "100:frustration",
    "100:gunkshot",
    "100:heavyslam",
    "100:helpinghand",
    "100:hiddenpower",
    "100:hypervoice",
    "100:ironhead",
    "100:irontail",
    "100:mudshot",
    "100:mudslap",
    "100:naturalgift",
    "100:playrough",
    "100:protect",
    "100:raindance",
    "100:rest",
    "100:return",
    "100:roar",
    "100:rockslide",
    "100:rocksmash",
    "100:rocktomb",
    "100:round",
    "100:sandstorm",
    "100:secretpower",
    "100:seedbomb",
    "100:sleeptalk",
    "100:stealthrock",
    "100:stompingtantrum",
    "100:stoneedge",
    "100:strength",
    "100:substitute",
    "100:sunnyday",
    "100:swagger",
    "100:takedown",
    "100:terablast",
    "100:thief",
    "100:toxic",
    "100:trailblaze",
    "100:ancientpower",
    "100:attract",
    "100:bodyslam",
    "100:counter",
    "100:curse",
    "100:defensecurl",
    "100:doubleedge",
    "100:doubleteam",
    "100:earthpower",
    "100:earthquake",
    "100:endeavor",
    "100:endure",
    "100:flail",
    "100:focusenergy",
    "100:frustration",
    "100:growl",
    "100:gunkshot",
    "100:headbutt",
    "100:heavyslam",
    "100:hiddenpower",
    "100:hypervoice",
    "100:irontail",
    "100:knockoff",
    "100:lastresort",
    "100:mimic",
    "100:mudslap",
    "100:protect",
    "100:rest",
    "100:return",
    "100:roar",
    "100:rocksmash",
    "100:rollout",
    "100:sandstorm",
    "100:seedbomb",
    "100:sleeptalk",
    "100:snore",
    "100:stealthrock",
    "100:strength",
    "100:substitute",
    "100:sunnyday",
    "100:superpower",
    "100:swagger",
    "100:tackle",
    "100:takedown",
    "100:toxic",
    "100:watergun"
  ],
  "labels": [
    "gen2"
  ],
  "pokedex": [
    "cobblemon.species.phanpy.desc"
  ],
  "evolutions": [
    {
      "id": "phanpy_donphan",
      "variant": "level_up",
      "result": "donphan",
      "consumeHeldItem": false,
      "learnableMoves": [
        "furyattack"
      ],
      "requirements": [
        {
          "variant": "level",
          "minLevel": 25
        }
      ]
    }
  ],
  "baseScale": 1,
  "hitbox": {
    "width": 1,
    "height": 1,
    "fixed": false
  },
  "baseFriendship": 70,
  "evYield": {
    "hp": 1,
    "attack": 0,
    "defence": 0,
    "special_attack": 0,
    "special_defence": 0,
    "speed": 0
  },
  "height": 5,
  "weight": 335,
  "aspects": [],
  "cannotDynamax": false
}