{
  "implemented": true,
  "name": "Piloswine",
  "nationalPokedexNumber": 221,
  "primaryType": "ice",
  "secondaryType": "ground",
  "abilities": [
    "oblivious",
    "snowcloak",
    "h:thickfat"
  ],
  "baseStats": {
    "hp": 100,
    "attack": 100,
    "defence": 80,
    "special_attack": 60,
    "special_defence": 60,
    "speed": 50
  },
  "behaviour": {
    "resting": {
      "canSleep": true,
      "willSleepOnBed": false,
      "depth": "normal",
      "light": "0-4"
    }
  },
  "catchRate": 75,
  "maleRatio": 0.5,
  "shoulderMountable": false,
  "baseExperienceYield": 158,
  "experienceGroup": "slow",
  "eggCycles": 20,
  "eggGroups": [
    "field"
  ],
  "drops": {
    "amount": "2",
    "entries": [
      {
        "item": "minecraft:raw_porkchop",
        "quantityRange": "1-2"
      },
      {
        "item": "minecraft:brown_wool",
        "quantityRange": "1-2"
      }
    ]
  },
  "moves": [
    "1:ancientpower",
    "1:endure",
    "1:flail",
    "1:hornattack",
    "1:mudsport",
    "1:odorsleuth",
    "1:peck",
    "1:powdersnow",
    "1:tackle",
    "13:mudslap",
    "15:iceshard",
    "20:mudbomb",
    "25:icywind",
    "28:icefang",
    "28:takedown",
    "33:furyattack",
    "40:earthquake",
    "41:thrash",
    "42:mist",
    "56:blizzard",
    "70:amnesia",
    "100:amnesia",
    "100:attract",
    "100:avalanche",
    "100:blizzard",
    "100:bodyslam",
    "100:bulldoze",
    "100:captivate",
    "100:confide",
    "100:dig",
    "100:doubleteam",
    "100:earthpower",
    "100:earthquake",
    "100:endure",
    "100:facade",
    "100:frustration",
    "100:gigaimpact",
    "100:hail",
    "100:hiddenpower",
    "100:highhorsepower",
    "100:hyperbeam",
    "100:icebeam",
    "100:icefang",
    "100:iciclespear",
    "100:icywind",
    "100:lightscreen",
    "100:mudshot",
    "100:naturalgift",
    "100:protect",
    "100:raindance",
    "100:reflect",
    "100:rest",
    "100:return",
    "100:roar",
    "100:rockslide",
    "100:rocksmash",
    "100:rocktomb",
    "100:round",
    "100:sandstorm",
    "100:sandtomb",
    "100:scaryface",
    "100:secretpower",
    "100:sleeptalk",
    "100:snore",
    "100:stealthrock",
    "100:stompingtantrum",
    "100:stoneedge",
    "100:strength",
    "100:substitute",
    "100:superpower",
    "100:swagger",
    "100:toxic",
    "100:amnesia",
    "100:ancientpower",
    "100:attract",
    "100:blizzard",
    "100:bodyslam",
    "100:curse",
    "100:defensecurl",
    "100:detect",
    "100:doubleedge",
    "100:doubleteam",
    "100:earthpower",
    "100:earthquake",
    "100:endeavor",
    "100:endure",
    "100:frustration",
    "100:furyattack",
    "100:headbutt",
    "100:hiddenpower",
    "100:hyperbeam",
    "100:icywind",
    "100:mimic",
    "100:mist",
    "100:mudslap",
    "100:powdersnow",
    "100:protect",
    "100:raindance",
    "100:rest",
    "100:return",
    "100:roar",
    "100:rockslide",
    "100:rocksmash",
    "100:sleeptalk",
    "100:snore",
    "100:stealthrock",
    "100:stompingtantrum",
    "100:strength",
    "100:substitute",
    "100:superpower",
    "100:swagger",
    "100:takedown",
    "100:toxic"
  ],
  "labels": [
    "gen2"
  ],
  "pokedex": [
    "cobblemon.species.piloswine.desc"
  ],
  "preEvolution": "swinub",
  "evolutions": [
    {
      "id": "piloswine_mamoswine",
      "variant": "level_up",
      "result": "mamoswine",
      "consumeHeldItem": false,
      "learnableMoves": [],
      "requirements": [
        {
          "variant": "has_move",
          "move": "ancientpower"
        }
      ]
    }
  ],
  "baseScale": 1.4,
  "hitbox": {
    "width": 1,
    "height": 1,
    "fixed": false
  },
  "baseFriendship": 50,
  "evYield": {
    "hp": 1,
    "attack": 1,
    "defence": 0,
    "special_attack": 0,
    "special_defence": 0,
    "speed": 0
  },
  "height": 11,
  "weight": 558,
  "aspects": [],
  "cannotDynamax": false
}