{
  "implemented": true,
  "name": "Pineco",
  "nationalPokedexNumber": 204,
  "primaryType": "bug",
  "abilities": [
    "sturdy",
    "h:overcoat"
  ],
  "baseStats": {
    "hp": 50,
    "attack": 65,
    "defence": 90,
    "special_attack": 35,
    "special_defence": 35,
    "speed": 15
  },
  "behaviour": {
    "resting": {
      "canSleep": true,
      "willSleepOnBed": true,
      "depth": "normal",
      "light": "0-4"
    }
  },
  "catchRate": 190,
  "maleRatio": 0.5,
  "shoulderMountable": false,
  "baseExperienceYield": 58,
  "experienceGroup": "medium_fast",
  "eggCycles": 20,
  "eggGroups": [
    "bug"
  ],
  "drops": {
    "amount": "1",
    "entries": [
      {
        "item": "minecraft:string",
        "percentage": 50
      }
    ]
  },
  "moves": [
    "1:protect",
    "1:tackle",
    "8:selfdestruct",
    "9:bugbite",
    "15:takedown",
    "20:naturalgift",
    "20:rollout",
    "22:rapidspin",
    "23:curse",
    "28:payback",
    "29:bide",
    "34:irondefense",
    "36:explosion",
    "39:gyroball",
    "43:spikes",
    "50:doubleedge",
    "100:counter",
    "100:doubleedge",
    "100:endure",
    "100:flail",
    "100:pinmissile",
    "100:powertrick",
    "100:reflect",
    "100:revenge",
    "100:sandtomb",
    "100:stealthrock",
    "100:swift",
    "100:toxicspikes",
    "100:attract",
    "100:bodyslam",
    "100:bugbuzz",
    "100:bulldoze",
    "100:captivate",
    "100:confide",
    "100:dig",
    "100:doubleteam",
    "100:drillrun",
    "100:earthquake",
    "100:endure",
    "100:explosion",
    "100:facade",
    "100:frustration",
    "100:gigadrain",
    "100:gyroball",
    "100:helpinghand",
    "100:hiddenpower",
    "100:icespinner",
    "100:irondefense",
    "100:lightscreen",
    "100:naturalgift",
    "100:payback",
    "100:poisonjab",
    "100:pounce",
    "100:protect",
    "100:raindance",
    "100:reflect",
    "100:rest",
    "100:return",
    "100:reversal",
    "100:rockblast",
    "100:rockslide",
    "100:rocksmash",
    "100:rocktomb",
    "100:round",
    "100:sandstorm",
    "100:secretpower",
    "100:seedbomb",
    "100:sleeptalk",
    "100:solarbeam",
    "100:spikes",
    "100:stealthrock",
    "100:strength",
    "100:strugglebug",
    "100:substitute",
    "100:sunnyday",
    "100:swagger",
    "100:swift",
    "100:takedown",
    "100:terablast",
    "100:toxic",
    "100:toxicspikes",
    "100:venoshock",
    "100:attract",
    "100:bide",
    "100:bodyslam",
    "100:bugbite",
    "100:counter",
    "100:curse",
    "100:defensecurl",
    "100:doubleedge",
    "100:doubleteam",
    "100:drillrun",
    "100:endure",
    "100:explosion",
    "100:flail",
    "100:frustration",
    "100:gigadrain",
    "100:gravity",
    "100:headbutt",
    "100:hiddenpower",
    "100:irondefense",
    "100:mimic",
    "100:painsplit",
    "100:pinmissile",
    "100:protect",
    "100:rapidspin",
    "100:reflect",
    "100:refresh",
    "100:rest",
    "100:return",
    "100:rockslide",
    "100:rocksmash",
    "100:rollout",
    "100:selfdestruct",
    "100:sleeptalk",
    "100:snore",
    "100:solarbeam",
    "100:spikes",
    "100:stealthrock",
    "100:strength",
    "100:stringshot",
    "100:substitute",
    "100:sunnyday",
    "100:swagger",
    "100:sweetscent",
    "100:swift",
    "100:tackle",
    "100:takedown",
    "100:toxic",
    "100:toxicspikes"
  ],
  "labels": [
    "gen2"
  ],
  "pokedex": [
    "cobblemon.species.pineco.desc"
  ],
  "evolutions": [
    {
      "id": "pineco_forretress",
      "variant": "level_up",
      "result": "forretress",
      "consumeHeldItem": false,
      "learnableMoves": [
        "heavyslam"
      ],
      "requirements": [
        {
          "variant": "level",
          "minLevel": 31
        }
      ]
    }
  ],
  "baseScale": 0.75,
  "hitbox": {
    "width": 0.9,
    "height": 0.95,
    "fixed": false
  },
  "baseFriendship": 70,
  "evYield": {
    "hp": 0,
    "attack": 0,
    "defence": 1,
    "special_attack": 0,
    "special_defence": 0,
    "speed": 0
  },
  "height": 6,
  "weight": 72,
  "aspects": [],
  "cannotDynamax": false
}