{
  "implemented": true,
  "name": "Politoed",
  "nationalPokedexNumber": 186,
  "primaryType": "water",
  "abilities": [
    "waterabsorb",
    "damp",
    "h:drizzle"
  ],
  "baseStats": {
    "hp": 90,
    "attack": 75,
    "defence": 75,
    "special_attack": 90,
    "special_defence": 100,
    "speed": 70
  },
  "catchRate": 45,
  "maleRatio": 0.5,
  "shoulderMountable": false,
  "baseExperienceYield": 250,
  "experienceGroup": "medium_slow",
  "eggCycles": 20,
  "eggGroups": [
    "water_1"
  ],
  "behaviour": {
    "moving": {
      "swim": {
        "canSwimInWater": true,
        "canBreatheUnderwater": true
      }
    }
  },
  "drops": {
    "amount": "1",
    "entries": [
      {
        "item": "cobblemon:kings_rock",
        "percentage": 20
      }
    ]
  },
  "moves": [
    "1:bellydrum",
    "1:bodyslam",
    "1:bubblebeam",
    "1:doubleedge",
    "1:doubleslap",
    "1:earthpower",
    "1:hydropump",
    "1:hypnosis",
    "1:mudshot",
    "1:perishsong",
    "1:pound",
    "1:raindance",
    "1:watergun",
    "37:bounce",
    "48:hypervoice",
    "51:swagger",
    "100:attract",
    "100:blizzard",
    "100:bodyslam",
    "100:bounce",
    "100:brickbreak",
    "100:bulldoze",
    "100:captivate",
    "100:confide",
    "100:dig",
    "100:dive",
    "100:doubleteam",
    "100:earthpower",
    "100:earthquake",
    "100:echoedvoice",
    "100:encore",
    "100:endure",
    "100:facade",
    "100:fling",
    "100:focusblast",
    "100:focuspunch",
    "100:frustration",
    "100:gigaimpact",
    "100:hail",
    "100:helpinghand",
    "100:hiddenpower",
    "100:hydropump",
    "100:hyperbeam",
    "100:hypervoice",
    "100:icebeam",
    "100:icepunch",
    "100:icywind",
    "100:liquidation",
    "100:megakick",
    "100:megapunch",
    "100:metronome",
    "100:muddywater",
    "100:mudshot",
    "100:naturalgift",
    "100:payback",
    "100:poweruppunch",
    "100:protect",
    "100:psychic",
    "100:raindance",
    "100:rest",
    "100:return",
    "100:rocksmash",
    "100:round",
    "100:scald",
    "100:screech",
    "100:secretpower",
    "100:sleeptalk",
    "100:snore",
    "100:strength",
    "100:substitute",
    "100:surf",
    "100:swagger",
    "100:thief",
    "100:toxic",
    "100:uproar",
    "100:waterfall",
    "100:waterpulse",
    "100:weatherball",
    "100:whirlpool",
    "100:attract",
    "100:blizzard",
    "100:bodyslam",
    "100:bounce",
    "100:counter",
    "100:curse",
    "100:defensecurl",
    "100:detect",
    "100:dive",
    "100:doubleedge",
    "100:doubleslap",
    "100:doubleteam",
    "100:dynamicpunch",
    "100:earthquake",
    "100:endeavor",
    "100:endure",
    "100:focuspunch",
    "100:frustration",
    "100:headbutt",
    "100:helpinghand",
    "100:hiddenpower",
    "100:hyperbeam",
    "100:hypervoice",
    "100:hypnosis",
    "100:icebeam",
    "100:icepunch",
    "100:icywind",
    "100:megakick",
    "100:megapunch",
    "100:metronome",
    "100:mimic",
    "100:mudslap",
    "100:perishsong",
    "100:protect",
    "100:psychic",
    "100:raindance",
    "100:rest",
    "100:return",
    "100:rocksmash",
    "100:scald",
    "100:seismictoss",
    "100:sleeptalk",
    "100:snore",
    "100:strength",
    "100:substitute",
    "100:surf",
    "100:swagger",
    "100:thief",
    "100:toxic",
    "100:waterfall",
    "100:watergun",
    "100:waterpulse",
    "100:whirlpool"
  ],
  "labels": [
    "gen2"
  ],
  "pokedex": [
    "cobblemon.species.politoed.desc"
  ],
  "preEvolution": "poliwhirl",
  "evolutions": [],
  "baseScale": 1,
  "hitbox": {
    "width": 0.6,
    "height": 1,
    "fixed": false
  },
  "baseFriendship": 50,
  "evYield": {
    "hp": 0,
    "attack": 0,
    "defence": 0,
    "special_attack": 0,
    "special_defence": 3,
    "speed": 0
  },
  "height": 11,
  "weight": 339,
  "aspects": [],
  "cannotDynamax": false
}