{
  "implemented": true,
  "name": "Quagsire",
  "nationalPokedexNumber": 195,
  "primaryType": "water",
  "secondaryType": "ground",
  "abilities": [
    "damp",
    "waterabsorb",
    "h:unaware"
  ],
  "baseStats": {
    "hp": 95,
    "attack": 85,
    "defence": 85,
    "special_attack": 65,
    "special_defence": 65,
    "speed": 35
  },
  "catchRate": 90,
  "maleRatio": 0.5,
  "shoulderMountable": false,
  "baseExperienceYield": 151,
  "experienceGroup": "medium_fast",
  "eggCycles": 20,
  "eggGroups": [
    "water_1",
    "field"
  ],
  "behaviour": {
    "moving": {
      "swim": {
        "canSwimInWater": true,
        "canBreatheUnderwater": true
      }
    }
  },
  "drops": {
    "amount": "1",
    "entries": [
      {
        "item": "minecraft:clay_ball",
        "quantityRange": "1-2",
        "percentage": 66
      }
    ]
  },
  "moves": [
    "1:mudsport",
    "1:tailwhip",
    "1:watergun",
    "11:slam",
    "16:mudshot",
    "19:mudbomb",
    "23:amnesia",
    "28:aquatail",
    "35:yawn",
    "42:earthquake",
    "46:toxic",
    "49:raindance",
    "53:muddywater",
    "61:haze",
    "61:mist",
    "100:acidspray",
    "100:amnesia",
    "100:attract",
    "100:avalanche",
    "100:blizzard",
    "100:bodypress",
    "100:bodyslam",
    "100:brickbreak",
    "100:bulldoze",
    "100:captivate",
    "100:chillingwater",
    "100:confide",
    "100:dig",
    "100:dive",
    "100:doubleteam",
    "100:drainpunch",
    "100:earthpower",
    "100:earthquake",
    "100:eerieimpulse",
    "100:encore",
    "100:endure",
    "100:facade",
    "100:flash",
    "100:fling",
    "100:focusblast",
    "100:focuspunch",
    "100:frustration",
    "100:gigaimpact",
    "100:guardswap",
    "100:hail",
    "100:helpinghand",
    "100:hiddenpower",
    "100:highhorsepower",
    "100:hydropump",
    "100:hyperbeam",
    "100:icebeam",
    "100:icepunch",
    "100:icywind",
    "100:infestation",
    "100:irontail",
    "100:liquidation",
    "100:megakick",
    "100:megapunch",
    "100:muddywater",
    "100:mudshot",
    "100:mudslap",
    "100:naturalgift",
    "100:poweruppunch",
    "100:protect",
    "100:raindance",
    "100:rest",
    "100:return",
    "100:rockslide",
    "100:rocksmash",
    "100:rocktomb",
    "100:round",
    "100:safeguard",
    "100:sandstorm",
    "100:scald",
    "100:secretpower",
    "100:sleeptalk",
    "100:sludgebomb",
    "100:sludgewave",
    "100:snore",
    "100:snowscape",
    "100:spikes",
    "100:stealthrock",
    "100:stompingtantrum",
    "100:stoneedge",
    "100:strength",
    "100:substitute",
    "100:surf",
    "100:swagger",
    "100:takedown",
    "100:terablast",
    "100:thief",
    "100:toxic",
    "100:toxicspikes",
    "100:trailblaze",
    "100:waterfall",
    "100:waterpulse",
    "100:whirlpool",
    "100:afteryou",
    "100:amnesia",
    "100:ancientpower",
    "100:aquatail",
    "100:attract",
    "100:bodyslam",
    "100:counter",
    "100:curse",
    "100:defensecurl",
    "100:dig",
    "100:dive",
    "100:doubleedge",
    "100:doubleteam",
    "100:dynamicpunch",
    "100:earthpower",
    "100:earthquake",
    "100:endure",
    "100:flash",
    "100:focuspunch",
    "100:frustration",
    "100:haze",
    "100:headbutt",
    "100:hiddenpower",
    "100:hyperbeam",
    "100:icepunch",
    "100:icywind",
    "100:irontail",
    "100:megakick",
    "100:megapunch",
    "100:mimic",
    "100:mist",
    "100:mudslap",
    "100:protect",
    "100:raindance",
    "100:rest",
    "100:return",
    "100:rocksmash",
    "100:rollout",
    "100:sandstorm",
    "100:seismictoss",
    "100:slam",
    "100:sleeptalk",
    "100:sludgebomb",
    "100:snore",
    "100:stompingtantrum",
    "100:strength",
    "100:substitute",
    "100:surf",
    "100:swagger",
    "100:tailwhip",
    "100:toxic",
    "100:watergun",
    "100:waterpulse",
    "100:whirlpool"
  ],
  "labels": [
    "gen2"
  ],
  "pokedex": [
    "cobblemon.species.quagsire.desc"
  ],
  "preEvolution": "wooper",
  "evolutions": [],
  "baseScale": 1.1,
  "hitbox": {
    "width": 0.8,
    "height": 1.45,
    "fixed": false
  },
  "baseFriendship": 50,
  "evYield": {
    "hp": 2,
    "attack": 0,
    "defence": 0,
    "special_attack": 0,
    "special_defence": 0,
    "speed": 0
  },
  "height": 14,
  "weight": 750,
  "aspects": [],
  "cannotDynamax": false
}