{
  "name": "Quilava",
  "nationalPokedexNumber": 156,
  "primaryType": "fire",
  "abilities": [
    "blaze",
    "h:flashfire"
  ],
  "baseStats": {
    "hp": 58,
    "attack": 64,
    "defence": 58,
    "special_attack": 80,
    "special_defence": 65,
    "speed": 80
  },
  "catchRate": 45,
  "maleRatio": 0.875,
  "shoulderMountable": false,
  "baseExperienceYield": 142,
  "experienceGroup": "medium_slow",
  "eggCycles": 20,
  "eggGroups": [
    "field"
  ],
  "moves": [
    "1:leer",
    "1:smokescreen",
    "1:tackle",
    "12:ember",
    "21:quickattack",
    "24:defensecurl",
    "31:flamewheel",
    "35:flamecharge",
    "35:lavaplume",
    "42:swift",
    "46:rollout",
    "53:doubleedge",
    "53:inferno",
    "54:flamethrower",
    "57:eruption",
    "68:burnup",
    "68:overheat",
    "100:aerialace",
    "100:attract",
    "100:bodyslam",
    "100:brickbreak",
    "100:captivate",
    "100:confide",
    "100:cut",
    "100:dig",
    "100:doubleteam",
    "100:endure",
    "100:facade",
    "100:fireblast",
    "100:firefang",
    "100:firepledge",
    "100:firespin",
    "100:flamecharge",
    "100:flamethrower",
    "100:flareblitz",
    "100:focuspunch",
    "100:frustration",
    "100:heatwave",
    "100:hiddenpower",
    "100:incinerate",
    "100:ironhead",
    "100:naturalgift",
    "100:naturepower",
    "100:overheat",
    "100:playrough",
    "100:protect",
    "100:rest",
    "100:return",
    "100:reversal",
    "100:roar",
    "100:rocksmash",
    "100:round",
    "100:secretpower",
    "100:sleeptalk",
    "100:strength",
    "100:substitute",
    "100:sunnyday",
    "100:swagger",
    "100:swift",
    "100:takedown",
    "100:terablast",
    "100:toxic",
    "100:wildcharge",
    "100:willowisp",
    "100:workup",
    "100:zenheadbutt",
    "100:attract",
    "100:bodyslam",
    "100:covet",
    "100:curse",
    "100:cut",
    "100:defensecurl",
    "100:detect",
    "100:dig",
    "100:doubleedge",
    "100:doubleteam",
    "100:ember",
    "100:endure",
    "100:fireblast",
    "100:firepledge",
    "100:flamethrower",
    "100:flamewheel",
    "100:focuspunch",
    "100:frustration",
    "100:furycutter",
    "100:headbutt",
    "100:heatwave",
    "100:hiddenpower",
    "100:irontail",
    "100:leer",
    "100:mimic",
    "100:mudslap",
    "100:protect",
    "100:quickattack",
    "100:rest",
    "100:return",
    "100:roar",
    "100:rocksmash",
    "100:rollout",
    "100:sleeptalk",
    "100:smokescreen",
    "100:snore",
    "100:strength",
    "100:substitute",
    "100:sunnyday",
    "100:swagger",
    "100:swift",
    "100:tackle",
    "100:toxic"
  ],
  "labels": [
    "gen2"
  ],
  "pokedex": [
    "cobblemon.species.quilava.desc"
  ],
  "preEvolution": "cyndaquil",
  "evolutions": [
    {
      "id": "quilava_typhlosion",
      "variant": "level_up",
      "result": "typhlosion",
      "consumeHeldItem": false,
      "learnableMoves": [],
      "requirements": [
        {
          "variant": "level",
          "minLevel": 36
        }
      ]
    },
    {
      "id": "quilava_typhlosion",
      "variant": "level_up",
      "result": "typhlosion form=hisui",
      "consumeHeldItem": false,
      "learnableMoves": [
        "infernalparade"
      ],
      "requirements": [
        {
          "variant": "level",
          "minLevel": 36
        }
      ]
    }
  ],
  "baseScale": 1,
  "hitbox": {
    "width": 1,
    "height": 1,
    "fixed": false
  },
  "baseFriendship": 70,
  "evYield": {
    "hp": 0,
    "attack": 0,
    "defence": 0,
    "special_attack": 1,
    "special_defence": 0,
    "speed": 1
  },
  "height": 9,
  "weight": 190,
  "aspects": [],
  "cannotDynamax": false
}