{
  "name": "Qwilfish",
  "nationalPokedexNumber": 211,
  "primaryType": "water",
  "secondaryType": "poison",
  "abilities": [
    "poisonpoint",
    "swiftswim",
    "h:intimidate"
  ],
  "baseStats": {
    "hp": 65,
    "attack": 95,
    "defence": 85,
    "special_attack": 55,
    "special_defence": 55,
    "speed": 85
  },
  "catchRate": 45,
  "maleRatio": 0.5,
  "shoulderMountable": false,
  "forms": [
    {
      "name": "Hisui",
      "primaryType": "dark",
      "secondaryType": "poison",
      "abilities": [
        "poisonpoint",
        "swiftswim",
        "h:intimidate"
      ],
      "baseStats": {
        "hp": 65,
        "attack": 95,
        "defence": 85,
        "special_attack": 55,
        "special_defence": 55,
        "speed": 85
      },
      "catchRate": 45,
      "maleRatio": 0.5,
      "baseFriendship": 50,
      "evYield": {
        "hp": 0,
        "attack": 1,
        "defence": 0,
        "special_attack": 0,
        "special_defence": 0,
        "speed": 0
      },
      "experienceGroup": "medium_fast",
      "eggCycles": 20,
      "eggGroups": [
        "water_2"
      ],
      "moves": [
        "1:poisonsting",
        "1:tackle",
        "4:harden",
        "8:bite",
        "12:fellstinger",
        "16:minimize",
        "20:spikes",
        "24:brine",
        "28:barbbarrage",
        "32:pinmissile",
        "36:toxicspikes",
        "40:spitup",
        "40:stockpile",
        "44:toxic",
        "48:crunch",
        "52:acupressure",
        "56:destinybond",
        "100:acidspray",
        "100:aquajet",
        "100:aquatail",
        "100:astonish",
        "100:bubblebeam",
        "100:flail",
        "100:haze",
        "100:selfdestruct",
        "100:supersonic",
        "100:waterpulse",
        "100:acidspray",
        "100:agility",
        "100:blizzard",
        "100:chillingwater",
        "100:crunch",
        "100:darkpulse",
        "100:endure",
        "100:facade",
        "100:gigaimpact",
        "100:gunkshot",
        "100:hex",
        "100:hydropump",
        "100:icebeam",
        "100:icywind",
        "100:liquidation",
        "100:mudshot",
        "100:poisonjab",
        "100:poisontail",
        "100:protect",
        "100:raindance",
        "100:rest",
        "100:reversal",
        "100:scaryface",
        "100:shadowball",
        "100:sleeptalk",
        "100:sludgebomb",
        "100:spikes",
        "100:substitute",
        "100:surf",
        "100:swift",
        "100:swordsdance",
        "100:takedown",
        "100:taunt",
        "100:terablast",
        "100:toxicspikes",
        "100:venoshock",
        "100:waterfall",
        "100:waterpulse"
      ],
      "labels": [
        "gen8",
        "hisui_regional"
      ],
      "aspects": [
        "hisuian"
      ],
      "height": 5,
      "weight": 39,
      "evolutions": [
        {
          "id": "qwilfish_overqwil",
          "variant": "level_up",
          "result": "overqwil",
          "consumeHeldItem": false,
          "learnableMoves": [],
          "requirements": [
            {
              "variant": "use_move",
              "move": "barbbarrage",
              "amount": 20
            }
          ]
        }
      ],
      "cannotDynamax": false,
      "battleOnly": false
    }
  ],
  "baseExperienceYield": 88,
  "experienceGroup": "medium_fast",
  "eggCycles": 20,
  "eggGroups": [
    "water_2"
  ],
  "moves": [
    "1:fellstinger",
    "1:poisonsting",
    "1:spikes",
    "1:tackle",
    "9:harden",
    "9:minimize",
    "13:bubble",
    "13:watergun",
    "17:rollout",
    "21:pinmissile",
    "21:toxicspikes",
    "25:revenge",
    "25:spitup",
    "25:stockpile",
    "33:brine",
    "33:takedown",
    "37:hydropump",
    "45:aquatail",
    "45:destinybond",
    "49:poisonjab",
    "52:toxic",
    "60:acupressure",
    "100:acidspray",
    "100:aquajet",
    "100:astonish",
    "100:barbbarrage",
    "100:brine",
    "100:bubblebeam",
    "100:flail",
    "100:haze",
    "100:poisonjab",
    "100:selfdestruct",
    "100:signalbeam",
    "100:supersonic",
    "100:waterpulse",
    "100:acidspray",
    "100:agility",
    "100:assurance",
    "100:attract",
    "100:blizzard",
    "100:bounce",
    "100:brine",
    "100:captivate",
    "100:chillingwater",
    "100:confide",
    "100:crunch",
    "100:dive",
    "100:doubleteam",
    "100:endure",
    "100:explosion",
    "100:facade",
    "100:frustration",
    "100:gigaimpact",
    "100:gunkshot",
    "100:gyroball",
    "100:hail",
    "100:hex",
    "100:hiddenpower",
    "100:hydropump",
    "100:icebeam",
    "100:icywind",
    "100:liquidation",
    "100:mudshot",
    "100:naturalgift",
    "100:payback",
    "100:pinmissile",
    "100:poisonjab",
    "100:poisontail",
    "100:protect",
    "100:raindance",
    "100:rest",
    "100:return",
    "100:revenge",
    "100:reversal",
    "100:round",
    "100:scald",
    "100:scaryface",
    "100:secretpower",
    "100:selfdestruct",
    "100:shadowball",
    "100:shockwave",
    "100:sleeptalk",
    "100:sludgebomb",
    "100:sludgewave",
    "100:snore",
    "100:spikes",
    "100:substitute",
    "100:surf",
    "100:swagger",
    "100:swift",
    "100:swordsdance",
    "100:takedown",
    "100:taunt",
    "100:terablast",
    "100:throatchop",
    "100:thunderwave",
    "100:toxic",
    "100:toxicspikes",
    "100:venomdrench",
    "100:venoshock",
    "100:waterfall",
    "100:waterpulse",
    "100:whirlpool",
    "100:aquajet",
    "100:aquatail",
    "100:attract",
    "100:blizzard",
    "100:bounce",
    "100:bubblebeam",
    "100:curse",
    "100:defensecurl",
    "100:dive",
    "100:doubleedge",
    "100:doubleteam",
    "100:endure",
    "100:flail",
    "100:frustration",
    "100:harden",
    "100:haze",
    "100:headbutt",
    "100:hiddenpower",
    "100:hydropump",
    "100:icywind",
    "100:liquidation",
    "100:mimic",
    "100:minimize",
    "100:painsplit",
    "100:pinmissile",
    "100:poisonsting",
    "100:protect",
    "100:raindance",
    "100:rest",
    "100:return",
    "100:rollout",
    "100:scaleshot",
    "100:secretpower",
    "100:selfdestruct",
    "100:shockwave",
    "100:signalbeam",
    "100:sleeptalk",
    "100:sludgebomb",
    "100:snore",
    "100:spikes",
    "100:steelroller",
    "100:substitute",
    "100:supersonic",
    "100:surf",
    "100:swagger",
    "100:swift",
    "100:swordsdance",
    "100:tackle",
    "100:takedown",
    "100:throatchop",
    "100:thunderwave",
    "100:toxic",
    "100:waterfall",
    "100:watergun",
    "100:waterpulse",
    "100:whirlpool"
  ],
  "labels": [
    "gen2",
    "johto_regional"
  ],
  "pokedex": [
    "cobblemon.species.qwilfish.desc"
  ],
  "evolutions": [],
  "baseScale": 1,
  "hitbox": {
    "width": 1,
    "height": 1,
    "fixed": false
  },
  "baseFriendship": 50,
  "evYield": {
    "hp": 0,
    "attack": 1,
    "defence": 0,
    "special_attack": 0,
    "special_defence": 0,
    "speed": 0
  },
  "height": 5,
  "weight": 39,
  "aspects": [],
  "cannotDynamax": false
}