{
  "name": "Sentret",
  "nationalPokedexNumber": 161,
  "primaryType": "normal",
  "abilities": [
    "runaway",
    "keeneye",
    "h:frisk"
  ],
  "baseStats": {
    "hp": 35,
    "attack": 46,
    "defence": 34,
    "special_attack": 35,
    "special_defence": 45,
    "speed": 20
  },
  "catchRate": 255,
  "maleRatio": 0.5,
  "shoulderMountable": false,
  "baseExperienceYield": 43,
  "experienceGroup": "medium_fast",
  "eggCycles": 15,
  "eggGroups": [
    "field"
  ],
  "moves": [
    "1:foresight",
    "1:scratch",
    "4:defensecurl",
    "7:quickattack",
    "12:furyswipes",
    "17:helpinghand",
    "24:slam",
    "31:followme",
    "31:suckerpunch",
    "39:batonpass",
    "40:rest",
    "42:mefirst",
    "47:hypervoice",
    "49:amnesia",
    "100:assist",
    "100:babydolleyes",
    "100:captivate",
    "100:charm",
    "100:covet",
    "100:doubleedge",
    "100:focusenergy",
    "100:irontail",
    "100:lastresort",
    "100:naturalgift",
    "100:pursuit",
    "100:reversal",
    "100:slash",
    "100:substitute",
    "100:trick",
    "100:attract",
    "100:brickbreak",
    "100:brutalswing",
    "100:captivate",
    "100:chargebeam",
    "100:confide",
    "100:cut",
    "100:dig",
    "100:doubleteam",
    "100:echoedvoice",
    "100:endure",
    "100:facade",
    "100:flamethrower",
    "100:fling",
    "100:focuspunch",
    "100:frustration",
    "100:grassknot",
    "100:hiddenpower",
    "100:honeclaws",
    "100:icebeam",
    "100:irontail",
    "100:naturalgift",
    "100:poweruppunch",
    "100:protect",
    "100:raindance",
    "100:rest",
    "100:retaliate",
    "100:return",
    "100:round",
    "100:secretpower",
    "100:shadowball",
    "100:shadowclaw",
    "100:shockwave",
    "100:sleeptalk",
    "100:solarbeam",
    "100:substitute",
    "100:sunnyday",
    "100:surf",
    "100:swagger",
    "100:thief",
    "100:thunderbolt",
    "100:toxic",
    "100:uturn",
    "100:waterpulse",
    "100:whirlpool",
    "100:workup",
    "100:amnesia",
    "100:aquatail",
    "100:attract",
    "100:bodyslam",
    "100:covet",
    "100:curse",
    "100:cut",
    "100:defensecurl",
    "100:detect",
    "100:dig",
    "100:doubleedge",
    "100:doubleteam",
    "100:dynamicpunch",
    "100:endure",
    "100:firepunch",
    "100:focusenergy",
    "100:focuspunch",
    "100:frustration",
    "100:furycutter",
    "100:furyswipes",
    "100:headbutt",
    "100:helpinghand",
    "100:hiddenpower",
    "100:hypervoice",
    "100:icepunch",
    "100:irontail",
    "100:knockoff",
    "100:lastresort",
    "100:mimic",
    "100:mudslap",
    "100:protect",
    "100:pursuit",
    "100:quickattack",
    "100:rest",
    "100:return",
    "100:reversal",
    "100:rollout",
    "100:scratch",
    "100:shadowball",
    "100:shockwave",
    "100:slam",
    "100:slash",
    "100:sleeptalk",
    "100:snore",
    "100:substitute",
    "100:suckerpunch",
    "100:sunnyday",
    "100:superfang",
    "100:surf",
    "100:swagger",
    "100:swift",
    "100:tackle",
    "100:thief",
    "100:thunderpunch",
    "100:toxic",
    "100:trick",
    "100:uproar",
    "100:waterpulse"
  ],
  "labels": [
    "gen2"
  ],
  "pokedex": [
    "cobblemon.species.sentret.desc"
  ],
  "evolutions": [
    {
      "id": "sentret_furret",
      "variant": "level_up",
      "result": "furret",
      "consumeHeldItem": false,
      "learnableMoves": [],
      "requirements": [
        {
          "variant": "level",
          "minLevel": 15
        }
      ]
    }
  ],
  "baseScale": 1,
  "hitbox": {
    "width": 1,
    "height": 1,
    "fixed": false
  },
  "baseFriendship": 70,
  "evYield": {
    "hp": 0,
    "attack": 1,
    "defence": 0,
    "special_attack": 0,
    "special_defence": 0,
    "speed": 0
  },
  "height": 8,
  "weight": 60,
  "aspects": [],
  "cannotDynamax": false
}