{
  "implemented": true,
  "name": "Smoochum",
  "nationalPokedexNumber": 238,
  "primaryType": "ice",
  "secondaryType": "psychic",
  "abilities": [
    "oblivious",
    "forewarn",
    "h:hydration"
  ],
  "baseStats": {
    "hp": 45,
    "attack": 30,
    "defence": 15,
    "special_attack": 85,
    "special_defence": 65,
    "speed": 65
  },
  "catchRate": 45,
  "maleRatio": 0,
  "shoulderMountable": false,
  "baseExperienceYield": 61,
  "experienceGroup": "medium_fast",
  "eggCycles": 25,
  "eggGroups": [
    "undiscovered"
  ],
  "moves": [
    "1:lick",
    "1:pound",
    "9:sweetkiss",
    "13:powdersnow",
    "16:covet",
    "21:confusion",
    "21:heartstamp",
    "25:sing",
    "28:icepunch",
    "28:luckychant",
    "31:avalanche",
    "33:meanlook",
    "37:faketears",
    "38:copycat",
    "45:psychic",
    "49:perishsong",
    "57:blizzard",
    "100:captivate",
    "100:fakeout",
    "100:icepunch",
    "100:meditate",
    "100:miracleeye",
    "100:nastyplot",
    "100:psychup",
    "100:roleplay",
    "100:wakeupslap",
    "100:wish",
    "100:attract",
    "100:auroraveil",
    "100:avalanche",
    "100:blizzard",
    "100:bodyslam",
    "100:calmmind",
    "100:captivate",
    "100:charm",
    "100:confide",
    "100:doubleteam",
    "100:drainingkiss",
    "100:dreameater",
    "100:echoedvoice",
    "100:encore",
    "100:endure",
    "100:facade",
    "100:faketears",
    "100:flash",
    "100:fling",
    "100:frostbreath",
    "100:frustration",
    "100:grassknot",
    "100:hail",
    "100:helpinghand",
    "100:hiddenpower",
    "100:icebeam",
    "100:icepunch",
    "100:icywind",
    "100:lightscreen",
    "100:magicroom",
    "100:megakick",
    "100:megapunch",
    "100:metronome",
    "100:nastyplot",
    "100:naturalgift",
    "100:payback",
    "100:protect",
    "100:psychic",
    "100:psychup",
    "100:psyshock",
    "100:raindance",
    "100:recycle",
    "100:reflect",
    "100:rest",
    "100:return",
    "100:round",
    "100:secretpower",
    "100:shadowball",
    "100:skillswap",
    "100:sleeptalk",
    "100:snore",
    "100:storedpower",
    "100:substitute",
    "100:swagger",
    "100:thief",
    "100:toxic",
    "100:trick",
    "100:trickroom",
    "100:uproar",
    "100:waterpulse",
    "100:wonderroom",
    "100:zenheadbutt",
    "100:attract",
    "100:blizzard",
    "100:bodyslam",
    "100:captivate",
    "100:confusion",
    "100:counter",
    "100:covet",
    "100:curse",
    "100:doubleedge",
    "100:doubleteam",
    "100:dreameater",
    "100:dynamicpunch",
    "100:endure",
    "100:frustration",
    "100:healbell",
    "100:helpinghand",
    "100:hiddenpower",
    "100:icepunch",
    "100:icywind",
    "100:lick",
    "100:magiccoat",
    "100:magicroom",
    "100:meanlook",
    "100:meditate",
    "100:megakick",
    "100:megapunch",
    "100:metronome",
    "100:mimic",
    "100:mudslap",
    "100:nightmare",
    "100:perishsong",
    "100:pound",
    "100:powdersnow",
    "100:protect",
    "100:psychic",
    "100:psychup",
    "100:raindance",
    "100:recycle",
    "100:rest",
    "100:return",
    "100:roleplay",
    "100:seismictoss",
    "100:shadowball",
    "100:signalbeam",
    "100:sing",
    "100:skillswap",
    "100:sleeptalk",
    "100:snore",
    "100:substitute",
    "100:swagger",
    "100:sweetkiss",
    "100:sweetscent",
    "100:thief",
    "100:toxic",
    "100:trick",
    "100:uproar",
    "100:waterpulse",
    "100:wonderroom",
    "100:zenheadbutt"
  ],
  "labels": [
    "gen2",
    "baby"
  ],
  "pokedex": [
    "cobblemon.species.smoochum.desc"
  ],
  "evolutions": [
    {
      "id": "smoochum_jynx",
      "variant": "level_up",
      "result": "jynx",
      "consumeHeldItem": false,
      "learnableMoves": [],
      "requirements": [
        {
          "variant": "level",
          "minLevel": 30
        }
      ]
    }
  ],
  "baseScale": 0.5,
  "hitbox": {
    "width": 0.6,
    "height": 0.9,
    "fixed": false
  },
  "baseFriendship": 50,
  "evYield": {
    "hp": 0,
    "attack": 0,
    "defence": 0,
    "special_attack": 1,
    "special_defence": 0,
    "speed": 0
  },
  "height": 4,
  "weight": 60,
  "aspects": [],
  "cannotDynamax": false
}