{
  "implemented": true,
  "name": "Sneasel",
  "nationalPokedexNumber": 215,
  "primaryType": "dark",
  "secondaryType": "ice",
  "abilities": [
    "innerfocus",
    "keeneye",
    "h:pickpocket"
  ],
  "baseStats": {
    "hp": 55,
    "attack": 95,
    "defence": 55,
    "special_attack": 35,
    "special_defence": 75,
    "speed": 115
  },
  "catchRate": 60,
  "maleRatio": 0.5,
  "shoulderMountable": false,
  "forms": [
    {
      "name": "Hisui",
      "primaryType": "fighting",
      "secondaryType": "poison",
      "abilities": [
        "innerfocus",
        "keeneye",
        "h:pickpocket"
      ],
      "baseStats": {
        "hp": 55,
        "attack": 95,
        "defence": 55,
        "special_attack": 35,
        "special_defence": 75,
        "speed": 115
      },
      "catchRate": 60,
      "maleRatio": 0.5,
      "baseFriendship": 35,
      "evYield": {
        "hp": 0,
        "attack": 0,
        "defence": 0,
        "special_attack": 0,
        "special_defence": 0,
        "speed": 1
      },
      "experienceGroup": "medium_slow",
      "eggCycles": 20,
      "eggGroups": [
        "field"
      ],
      "moves": [
        "1:leer",
        "1:rocksmash",
        "1:scratch",
        "6:taunt",
        "12:quickattack",
        "18:metalclaw",
        "24:poisonjab",
        "30:brickbreak",
        "36:honeclaws",
        "42:slash",
        "48:agility",
        "54:screech",
        "60:closecombat",
        "100:counter",
        "100:doublehit",
        "100:fakeout",
        "100:feint",
        "100:nightslash",
        "100:quickguard",
        "100:switcheroo",
        "100:acidspray",
        "100:aerialace",
        "100:agility",
        "100:brickbreak",
        "100:bulkup",
        "100:calmmind",
        "100:closecombat",
        "100:dig",
        "100:endure",
        "100:facade",
        "100:falseswipe",
        "100:fling",
        "100:focusblast",
        "100:gigaimpact",
        "100:grassknot",
        "100:gunkshot",
        "100:lowkick",
        "100:lowsweep",
        "100:metalclaw",
        "100:nastyplot",
        "100:poisonjab",
        "100:poisontail",
        "100:protect",
        "100:raindance",
        "100:rest",
        "100:reversal",
        "100:shadowball",
        "100:shadowclaw",
        "100:sleeptalk",
        "100:sludgebomb",
        "100:substitute",
        "100:sunnyday",
        "100:swift",
        "100:swordsdance",
        "100:takedown",
        "100:taunt",
        "100:terablast",
        "100:thief",
        "100:toxicspikes",
        "100:trailblaze",
        "100:venoshock",
        "100:xscissor"
      ],
      "labels": [
        "gen8",
        "hisui_regional"
      ],
      "aspects": [
        "hisuian"
      ],
      "height": 9,
      "weight": 270,
      "evolutions": [
        {
          "id": "sneasel_sneasler",
          "variant": "level_up",
          "result": "sneasler",
          "consumeHeldItem": true,
          "learnableMoves": [],
          "requirements": [
            {
              "variant": "held_item",
              "itemCondition": "cobblemon:razor_claw"
            },
            {
              "variant": "time_range",
              "range": "day"
            }
          ]
        }
      ],
      "cannotDynamax": false,
      "battleOnly": false
    }
  ],
  "baseExperienceYield": 86,
  "experienceGroup": "medium_slow",
  "eggCycles": 20,
  "eggGroups": [
    "field"
  ],
  "moves": [
    "1:leer",
    "1:scratch",
    "1:taunt",
    "8:quickattack",
    "15:screech",
    "22:feintattack",
    "29:furyswipes",
    "35:honeclaws",
    "36:agility",
    "40:snatch",
    "43:icywind",
    "44:punishment",
    "49:iceshard",
    "50:slash",
    "57:beatup",
    "64:metalclaw",
    "100:assist",
    "100:avalanche",
    "100:bite",
    "100:counter",
    "100:crushclaw",
    "100:doublehit",
    "100:fakeout",
    "100:feint",
    "100:foresight",
    "100:icepunch",
    "100:iceshard",
    "100:iciclecrash",
    "100:punishment",
    "100:pursuit",
    "100:reflect",
    "100:spite",
    "100:throatchop",
    "100:aerialace",
    "100:agility",
    "100:attract",
    "100:avalanche",
    "100:beatup",
    "100:blizzard",
    "100:brickbreak",
    "100:calmmind",
    "100:captivate",
    "100:confide",
    "100:cut",
    "100:darkpulse",
    "100:dig",
    "100:doubleteam",
    "100:dreameater",
    "100:embargo",
    "100:endure",
    "100:facade",
    "100:faketears",
    "100:falseswipe",
    "100:fling",
    "100:focuspunch",
    "100:foulplay",
    "100:frustration",
    "100:gigaimpact",
    "100:hail",
    "100:helpinghand",
    "100:hiddenpower",
    "100:honeclaws",
    "100:icebeam",
    "100:icepunch",
    "100:icywind",
    "100:irontail",
    "100:lowkick",
    "100:lowsweep",
    "100:megakick",
    "100:megapunch",
    "100:metalclaw",
    "100:nastyplot",
    "100:naturalgift",
    "100:payback",
    "100:poisonjab",
    "100:poweruppunch",
    "100:protect",
    "100:psychocut",
    "100:psychup",
    "100:raindance",
    "100:reflect",
    "100:rest",
    "100:retaliate",
    "100:return",
    "100:reversal",
    "100:rocksmash",
    "100:round",
    "100:scaryface",
    "100:screech",
    "100:secretpower",
    "100:shadowball",
    "100:shadowclaw",
    "100:sleeptalk",
    "100:snarl",
    "100:snatch",
    "100:snore",
    "100:snowscape",
    "100:strength",
    "100:substitute",
    "100:sunnyday",
    "100:surf",
    "100:swagger",
    "100:swift",
    "100:swordsdance",
    "100:takedown",
    "100:taunt",
    "100:terablast",
    "100:thief",
    "100:throatchop",
    "100:torment",
    "100:toxic",
    "100:trailblaze",
    "100:waterpulse",
    "100:whirlpool",
    "100:xscissor",
    "100:agility",
    "100:attract",
    "100:beatup",
    "100:bite",
    "100:blizzard",
    "100:counter",
    "100:curse",
    "100:cut",
    "100:darkpulse",
    "100:defensecurl",
    "100:detect",
    "100:dig",
    "100:doubleedge",
    "100:doubleteam",
    "100:dreameater",
    "100:dynamicpunch",
    "100:endure",
    "100:feintattack",
    "100:focuspunch",
    "100:foresight",
    "100:foulplay",
    "100:frustration",
    "100:furycutter",
    "100:furyswipes",
    "100:headbutt",
    "100:hiddenpower",
    "100:icepunch",
    "100:icywind",
    "100:irontail",
    "100:knockoff",
    "100:laserfocus",
    "100:lashout",
    "100:leer",
    "100:lowkick",
    "100:metalclaw",
    "100:mimic",
    "100:mudslap",
    "100:nightmare",
    "100:protect",
    "100:psychup",
    "100:quickattack",
    "100:raindance",
    "100:reflect",
    "100:rest",
    "100:return",
    "100:rocksmash",
    "100:scratch",
    "100:screech",
    "100:shadowball",
    "100:slash",
    "100:sleeptalk",
    "100:snatch",
    "100:snore",
    "100:spite",
    "100:strength",
    "100:substitute",
    "100:surf",
    "100:swagger",
    "100:swift",
    "100:swordsdance",
    "100:taunt",
    "100:thief",
    "100:throatchop",
    "100:toxic",
    "100:tripleaxel"
  ],
  "labels": [
    "gen2",
    "johto_regional"
  ],
  "pokedex": [
    "cobblemon.species.sneasel.desc"
  ],
  "evolutions": [
    {
      "id": "sneasel_weavile",
      "variant": "level_up",
      "result": "weavile",
      "consumeHeldItem": true,
      "learnableMoves": [],
      "requirements": [
        {
          "variant": "held_item",
          "itemCondition": "cobblemon:razor_claw"
        },
        {
          "variant": "time_range",
          "range": "night"
        }
      ]
    }
  ],
  "baseScale": 1,
  "hitbox": {
    "width": 0.6,
    "height": 1.1,
    "fixed": false
  },
  "baseFriendship": 35,
  "evYield": {
    "hp": 0,
    "attack": 0,
    "defence": 0,
    "special_attack": 0,
    "special_defence": 0,
    "speed": 1
  },
  "height": 9,
  "weight": 280,
  "aspects": [],
  "cannotDynamax": false
}