{
  "name": "Snubbull",
  "nationalPokedexNumber": 209,
  "primaryType": "fairy",
  "abilities": [
    "intimidate",
    "runaway",
    "h:rattled"
  ],
  "baseStats": {
    "hp": 60,
    "attack": 80,
    "defence": 50,
    "special_attack": 40,
    "special_defence": 40,
    "speed": 30
  },
  "catchRate": 190,
  "maleRatio": 0.25,
  "shoulderMountable": false,
  "baseExperienceYield": 60,
  "experienceGroup": "fast",
  "eggCycles": 20,
  "eggGroups": [
    "field",
    "fairy"
  ],
  "moves": [
    "1:firefang",
    "1:icefang",
    "1:scaryface",
    "1:tackle",
    "1:thunderfang",
    "4:tailwhip",
    "8:charm",
    "13:bite",
    "19:headbutt",
    "19:lick",
    "26:roar",
    "34:rage",
    "37:playrough",
    "43:payback",
    "43:takedown",
    "53:crunch",
    "100:closecombat",
    "100:crunch",
    "100:doubleedge",
    "100:faketears",
    "100:feintattack",
    "100:firefang",
    "100:focuspunch",
    "100:healbell",
    "100:icefang",
    "100:metronome",
    "100:mimic",
    "100:present",
    "100:reflect",
    "100:smellingsalts",
    "100:snore",
    "100:thunderfang",
    "100:attract",
    "100:brickbreak",
    "100:bulkup",
    "100:bulldoze",
    "100:captivate",
    "100:confide",
    "100:dazzlinggleam",
    "100:dig",
    "100:doubleteam",
    "100:earthquake",
    "100:endure",
    "100:facade",
    "100:fireblast",
    "100:flamethrower",
    "100:fling",
    "100:focuspunch",
    "100:frustration",
    "100:hiddenpower",
    "100:incinerate",
    "100:naturalgift",
    "100:overheat",
    "100:payback",
    "100:poweruppunch",
    "100:protect",
    "100:raindance",
    "100:reflect",
    "100:rest",
    "100:retaliate",
    "100:return",
    "100:roar",
    "100:rocksmash",
    "100:round",
    "100:secretpower",
    "100:shadowball",
    "100:shockwave",
    "100:sleeptalk",
    "100:sludgebomb",
    "100:snarl",
    "100:solarbeam",
    "100:strength",
    "100:substitute",
    "100:sunnyday",
    "100:swagger",
    "100:taunt",
    "100:thief",
    "100:thunder",
    "100:thunderbolt",
    "100:thunderwave",
    "100:torment",
    "100:toxic",
    "100:waterpulse",
    "100:wildcharge",
    "100:workup",
    "100:attract",
    "100:bite",
    "100:bodyslam",
    "100:charm",
    "100:closecombat",
    "100:counter",
    "100:covet",
    "100:crunch",
    "100:curse",
    "100:defensecurl",
    "100:detect",
    "100:doubleedge",
    "100:doubleteam",
    "100:dynamicpunch",
    "100:endure",
    "100:feintattack",
    "100:firepunch",
    "100:focuspunch",
    "100:frustration",
    "100:headbutt",
    "100:healbell",
    "100:hiddenpower",
    "100:hypervoice",
    "100:icepunch",
    "100:lastresort",
    "100:leer",
    "100:lick",
    "100:lowkick",
    "100:megakick",
    "100:megapunch",
    "100:metronome",
    "100:mimic",
    "100:mudslap",
    "100:present",
    "100:protect",
    "100:rage",
    "100:raindance",
    "100:reflect",
    "100:rest",
    "100:return",
    "100:roar",
    "100:rocksmash",
    "100:scaryface",
    "100:seismictoss",
    "100:shadowball",
    "100:shockwave",
    "100:sleeptalk",
    "100:sludgebomb",
    "100:snore",
    "100:strength",
    "100:substitute",
    "100:sunnyday",
    "100:superfang",
    "100:superpower",
    "100:swagger",
    "100:tackle",
    "100:tailwhip",
    "100:takedown",
    "100:thief",
    "100:thunder",
    "100:thunderpunch",
    "100:thunderwave",
    "100:toxic",
    "100:waterpulse",
    "100:zapcannon"
  ],
  "labels": [
    "gen2"
  ],
  "pokedex": [
    "cobblemon.species.snubbull.desc"
  ],
  "evolutions": [
    {
      "id": "snubbull_granbull",
      "variant": "level_up",
      "result": "granbull",
      "consumeHeldItem": false,
      "learnableMoves": [],
      "requirements": [
        {
          "variant": "level",
          "minLevel": 23
        }
      ]
    }
  ],
  "baseScale": 1,
  "hitbox": {
    "width": 1,
    "height": 1,
    "fixed": false
  },
  "baseFriendship": 70,
  "evYield": {
    "hp": 0,
    "attack": 1,
    "defence": 0,
    "special_attack": 0,
    "special_defence": 0,
    "speed": 0
  },
  "height": 6,
  "weight": 78,
  "aspects": [],
  "cannotDynamax": false
}