{
  "name": "Sudowoodo",
  "nationalPokedexNumber": 185,
  "primaryType": "rock",
  "abilities": [
    "sturdy",
    "rockhead",
    "h:rattled"
  ],
  "baseStats": {
    "hp": 70,
    "attack": 100,
    "defence": 115,
    "special_attack": 30,
    "special_defence": 65,
    "speed": 30
  },
  "catchRate": 65,
  "maleRatio": 0.5,
  "shoulderMountable": false,
  "baseExperienceYield": 144,
  "experienceGroup": "medium_fast",
  "eggCycles": 20,
  "eggGroups": [
    "mineral"
  ],
  "moves": [
    "1:copycat",
    "1:faketears",
    "1:mimic",
    "1:rockthrow",
    "1:woodhammer",
    "9:flail",
    "17:lowkick",
    "22:tearfullook",
    "25:rockslide",
    "30:rocktomb",
    "33:block",
    "33:counter",
    "41:feintattack",
    "41:suckerpunch",
    "43:stoneedge",
    "49:hammerarm",
    "49:slam",
    "54:headsmash",
    "57:doubleedge",
    "100:curse",
    "100:defensecurl",
    "100:endure",
    "100:harden",
    "100:headbutt",
    "100:rockpolish",
    "100:rollout",
    "100:sandtomb",
    "100:selfdestruct",
    "100:stealthrock",
    "100:attract",
    "100:bodypress",
    "100:bodyslam",
    "100:brickbreak",
    "100:bulldoze",
    "100:calmmind",
    "100:captivate",
    "100:confide",
    "100:dig",
    "100:doubleteam",
    "100:drainpunch",
    "100:earthpower",
    "100:earthquake",
    "100:endure",
    "100:explosion",
    "100:facade",
    "100:faketears",
    "100:firepunch",
    "100:fling",
    "100:focuspunch",
    "100:foulplay",
    "100:frustration",
    "100:gigaimpact",
    "100:grassknot",
    "100:helpinghand",
    "100:hiddenpower",
    "100:hyperbeam",
    "100:icepunch",
    "100:irondefense",
    "100:lowkick",
    "100:lowsweep",
    "100:megakick",
    "100:megapunch",
    "100:mudshot",
    "100:mudslap",
    "100:naturalgift",
    "100:naturepower",
    "100:powergem",
    "100:poweruppunch",
    "100:protect",
    "100:psychup",
    "100:rest",
    "100:return",
    "100:rockblast",
    "100:rockpolish",
    "100:rockslide",
    "100:rocksmash",
    "100:rocktomb",
    "100:round",
    "100:sandstorm",
    "100:sandtomb",
    "100:secretpower",
    "100:selfdestruct",
    "100:sleeptalk",
    "100:smackdown",
    "100:snore",
    "100:spikes",
    "100:stealthrock",
    "100:stompingtantrum",
    "100:stoneedge",
    "100:strength",
    "100:substitute",
    "100:sunnyday",
    "100:swagger",
    "100:takedown",
    "100:taunt",
    "100:terablast",
    "100:thief",
    "100:thunderpunch",
    "100:torment",
    "100:toxic",
    "100:trailblaze",
    "100:uproar",
    "100:afteryou",
    "100:attract",
    "100:block",
    "100:bodyslam",
    "100:counter",
    "100:covet",
    "100:curse",
    "100:defensecurl",
    "100:dig",
    "100:doubleedge",
    "100:doubleteam",
    "100:dynamicpunch",
    "100:earthpower",
    "100:earthquake",
    "100:endure",
    "100:explosion",
    "100:feintattack",
    "100:firepunch",
    "100:flail",
    "100:focuspunch",
    "100:foulplay",
    "100:frustration",
    "100:headbutt",
    "100:helpinghand",
    "100:hiddenpower",
    "100:icepunch",
    "100:lowkick",
    "100:megakick",
    "100:megapunch",
    "100:meteorbeam",
    "100:mimic",
    "100:mudslap",
    "100:protect",
    "100:psychup",
    "100:rest",
    "100:return",
    "100:rockslide",
    "100:rocksmash",
    "100:rockthrow",
    "100:roleplay",
    "100:rollout",
    "100:sandstorm",
    "100:seismictoss",
    "100:selfdestruct",
    "100:slam",
    "100:sleeptalk",
    "100:snore",
    "100:stealthrock",
    "100:stompingtantrum",
    "100:strength",
    "100:substitute",
    "100:suckerpunch",
    "100:sunnyday",
    "100:swagger",
    "100:thief",
    "100:thunderpunch",
    "100:toxic"
  ],
  "labels": [
    "gen2"
  ],
  "pokedex": [
    "cobblemon.species.sudowoodo.desc"
  ],
  "preEvolution": "bonsly",
  "evolutions": [],
  "baseScale": 1,
  "hitbox": {
    "width": 1,
    "height": 1,
    "fixed": false
  },
  "baseFriendship": 50,
  "evYield": {
    "hp": 0,
    "attack": 0,
    "defence": 2,
    "special_attack": 0,
    "special_defence": 0,
    "speed": 0
  },
  "height": 12,
  "weight": 380,
  "aspects": [],
  "cannotDynamax": false
}