{
  "name": "Sunflora",
  "nationalPokedexNumber": 192,
  "primaryType": "grass",
  "abilities": [
    "chlorophyll",
    "solarpower",
    "h:earlybird"
  ],
  "baseStats": {
    "hp": 75,
    "attack": 75,
    "defence": 55,
    "special_attack": 105,
    "special_defence": 85,
    "speed": 30
  },
  "catchRate": 120,
  "maleRatio": 0.5,
  "shoulderMountable": false,
  "baseExperienceYield": 149,
  "experienceGroup": "medium_slow",
  "eggCycles": 20,
  "eggGroups": [
    "grass"
  ],
  "moves": [
    "1:absorb",
    "1:flowershield",
    "1:pound",
    "1:tackle",
    "5:megadrain",
    "6:growth",
    "13:grasswhistle",
    "13:razorleaf",
    "17:leechseed",
    "18:ingrain",
    "22:gigadrain",
    "25:bulletseed",
    "25:worryseed",
    "30:sunnyday",
    "31:naturalgift",
    "37:doubleedge",
    "37:petaldance",
    "42:solarbeam",
    "43:leafstorm",
    "50:petalblizzard",
    "100:attract",
    "100:bulletseed",
    "100:captivate",
    "100:confide",
    "100:cut",
    "100:dazzlinggleam",
    "100:doubleteam",
    "100:earthpower",
    "100:encore",
    "100:endure",
    "100:energyball",
    "100:facade",
    "100:flash",
    "100:frustration",
    "100:gigadrain",
    "100:gigaimpact",
    "100:grassknot",
    "100:grassyterrain",
    "100:helpinghand",
    "100:hiddenpower",
    "100:hyperbeam",
    "100:leafstorm",
    "100:lightscreen",
    "100:magicalleaf",
    "100:naturalgift",
    "100:naturepower",
    "100:protect",
    "100:raindance",
    "100:rest",
    "100:return",
    "100:round",
    "100:safeguard",
    "100:secretpower",
    "100:seedbomb",
    "100:sleeptalk",
    "100:sludgebomb",
    "100:solarbeam",
    "100:substitute",
    "100:sunnyday",
    "100:swagger",
    "100:swordsdance",
    "100:takedown",
    "100:terablast",
    "100:toxic",
    "100:trailblaze",
    "100:absorb",
    "100:afteryou",
    "100:attract",
    "100:curse",
    "100:cut",
    "100:doubleedge",
    "100:doubleteam",
    "100:earthpower",
    "100:endeavor",
    "100:endure",
    "100:flash",
    "100:frustration",
    "100:gigadrain",
    "100:growth",
    "100:helpinghand",
    "100:hiddenpower",
    "100:hyperbeam",
    "100:mimic",
    "100:petaldance",
    "100:pound",
    "100:protect",
    "100:razorleaf",
    "100:rest",
    "100:return",
    "100:seedbomb",
    "100:sleeptalk",
    "100:sludgebomb",
    "100:snore",
    "100:solarbeam",
    "100:substitute",
    "100:sunnyday",
    "100:swagger",
    "100:sweetscent",
    "100:swordsdance",
    "100:synthesis",
    "100:toxic",
    "100:uproar",
    "100:worryseed"
  ],
  "labels": [
    "gen2"
  ],
  "pokedex": [
    "cobblemon.species.sunflora.desc"
  ],
  "preEvolution": "sunkern",
  "evolutions": [],
  "baseScale": 1,
  "hitbox": {
    "width": 1,
    "height": 1,
    "fixed": false
  },
  "baseFriendship": 70,
  "evYield": {
    "hp": 0,
    "attack": 0,
    "defence": 0,
    "special_attack": 2,
    "special_defence": 0,
    "speed": 0
  },
  "height": 8,
  "weight": 85,
  "aspects": [],
  "cannotDynamax": false
}