{
  "name": "Togetic",
  "nationalPokedexNumber": 176,
  "primaryType": "fairy",
  "secondaryType": "flying",
  "abilities": [
    "hustle",
    "serenegrace",
    "h:superluck"
  ],
  "baseStats": {
    "hp": 55,
    "attack": 40,
    "defence": 85,
    "special_attack": 80,
    "special_defence": 105,
    "speed": 40
  },
  "catchRate": 75,
  "maleRatio": 0.875,
  "shoulderMountable": false,
  "baseExperienceYield": 142,
  "experienceGroup": "fast",
  "eggCycles": 10,
  "eggGroups": [
    "flying",
    "fairy"
  ],
  "moves": [
    "1:charm",
    "1:growl",
    "1:lifedew",
    "1:magicalleaf",
    "1:metronome",
    "1:pound",
    "1:sweetkiss",
    "13:yawn",
    "14:fairywind",
    "17:encore",
    "21:ancientpower",
    "25:bestow",
    "25:followme",
    "29:wish",
    "33:safeguard",
    "37:doubleedge",
    "41:batonpass",
    "51:lastresort",
    "53:afteryou",
    "100:aerialace",
    "100:attract",
    "100:batonpass",
    "100:bodyslam",
    "100:brickbreak",
    "100:captivate",
    "100:charm",
    "100:confide",
    "100:dazzlinggleam",
    "100:defog",
    "100:doubleteam",
    "100:drainingkiss",
    "100:drainpunch",
    "100:dreameater",
    "100:echoedvoice",
    "100:encore",
    "100:endure",
    "100:facade",
    "100:fireblast",
    "100:flamethrower",
    "100:flash",
    "100:fling",
    "100:fly",
    "100:focuspunch",
    "100:frustration",
    "100:futuresight",
    "100:gigaimpact",
    "100:grassknot",
    "100:heatwave",
    "100:helpinghand",
    "100:hiddenpower",
    "100:hyperbeam",
    "100:hypervoice",
    "100:imprison",
    "100:incinerate",
    "100:lightscreen",
    "100:magicalleaf",
    "100:megakick",
    "100:megapunch",
    "100:metronome",
    "100:mysticalfire",
    "100:nastyplot",
    "100:naturalgift",
    "100:playrough",
    "100:protect",
    "100:psychic",
    "100:psychup",
    "100:psyshock",
    "100:raindance",
    "100:reflect",
    "100:rest",
    "100:retaliate",
    "100:return",
    "100:rocksmash",
    "100:roost",
    "100:round",
    "100:safeguard",
    "100:secretpower",
    "100:shadowball",
    "100:shockwave",
    "100:silverwind",
    "100:sleeptalk",
    "100:smartstrike",
    "100:snore",
    "100:solarbeam",
    "100:steelwing",
    "100:storedpower",
    "100:substitute",
    "100:sunnyday",
    "100:swagger",
    "100:swift",
    "100:telekinesis",
    "100:thunderwave",
    "100:toxic",
    "100:triattack",
    "100:trick",
    "100:uproar",
    "100:waterpulse",
    "100:workup",
    "100:zenheadbutt",
    "100:afteryou",
    "100:aircutter",
    "100:ancientpower",
    "100:attract",
    "100:bodyslam",
    "100:charm",
    "100:counter",
    "100:covet",
    "100:curse",
    "100:defensecurl",
    "100:defog",
    "100:detect",
    "100:doubleedge",
    "100:doubleteam",
    "100:drainpunch",
    "100:dreameater",
    "100:dualwingbeat",
    "100:encore",
    "100:endeavor",
    "100:endure",
    "100:fireblast",
    "100:flash",
    "100:fly",
    "100:focuspunch",
    "100:frustration",
    "100:growl",
    "100:headbutt",
    "100:healbell",
    "100:heatwave",
    "100:hiddenpower",
    "100:hyperbeam",
    "100:hypervoice",
    "100:lastresort",
    "100:magiccoat",
    "100:megakick",
    "100:megapunch",
    "100:metronome",
    "100:mimic",
    "100:mudslap",
    "100:ominouswind",
    "100:protect",
    "100:psychic",
    "100:psychup",
    "100:raindance",
    "100:rest",
    "100:return",
    "100:rocksmash",
    "100:rollout",
    "100:roost",
    "100:safeguard",
    "100:seismictoss",
    "100:shadowball",
    "100:shockwave",
    "100:signalbeam",
    "100:skyattack",
    "100:sleeptalk",
    "100:snore",
    "100:softboiled",
    "100:solarbeam",
    "100:steelwing",
    "100:substitute",
    "100:sunnyday",
    "100:swagger",
    "100:sweetkiss",
    "100:swift",
    "100:tailwind",
    "100:telekinesis",
    "100:thunderwave",
    "100:toxic",
    "100:trick",
    "100:twister",
    "100:waterpulse",
    "100:zapcannon",
    "100:zenheadbutt"
  ],
  "labels": [
    "gen2"
  ],
  "pokedex": [
    "cobblemon.species.togetic.desc"
  ],
  "preEvolution": "togepi",
  "evolutions": [
    {
      "id": "togetic_togekiss",
      "variant": "item_interact",
      "result": "togekiss",
      "consumeHeldItem": false,
      "learnableMoves": [],
      "requirements": [],
      "requiredContext": "cobblemon:shiny_stone"
    }
  ],
  "baseScale": 1,
  "hitbox": {
    "width": 1,
    "height": 1,
    "fixed": false
  },
  "baseFriendship": 50,
  "evYield": {
    "hp": 0,
    "attack": 0,
    "defence": 0,
    "special_attack": 0,
    "special_defence": 2,
    "speed": 0
  },
  "height": 6,
  "weight": 32,
  "aspects": [],
  "cannotDynamax": false
}