{
  "name": "Totodile",
  "nationalPokedexNumber": 158,
  "primaryType": "water",
  "abilities": [
    "torrent",
    "h:sheerforce"
  ],
  "baseStats": {
    "hp": 50,
    "attack": 65,
    "defence": 64,
    "special_attack": 44,
    "special_defence": 48,
    "speed": 43
  },
  "catchRate": 45,
  "maleRatio": 0.875,
  "shoulderMountable": false,
  "baseExperienceYield": 63,
  "experienceGroup": "medium_slow",
  "eggCycles": 20,
  "eggGroups": [
    "monster",
    "water_1"
  ],
  "moves": [
    "1:leer",
    "1:scratch",
    "7:rage",
    "13:watergun",
    "20:bite",
    "20:icefang",
    "22:flail",
    "22:thrash",
    "27:crunch",
    "27:scaryface",
    "29:chipaway",
    "35:slash",
    "36:aquatail",
    "41:superpower",
    "43:screech",
    "52:hydropump",
    "100:ancientpower",
    "100:aquajet",
    "100:block",
    "100:crunch",
    "100:dragonclaw",
    "100:dragondance",
    "100:faketears",
    "100:flatter",
    "100:hydropump",
    "100:icepunch",
    "100:metalclaw",
    "100:mudsport",
    "100:rockslide",
    "100:thrash",
    "100:waterpulse",
    "100:watersport",
    "100:aerialace",
    "100:attract",
    "100:blizzard",
    "100:brickbreak",
    "100:captivate",
    "100:confide",
    "100:cut",
    "100:dig",
    "100:dive",
    "100:doubleteam",
    "100:dragonclaw",
    "100:endure",
    "100:facade",
    "100:fling",
    "100:focuspunch",
    "100:frustration",
    "100:hail",
    "100:hiddenpower",
    "100:honeclaws",
    "100:icebeam",
    "100:irontail",
    "100:naturalgift",
    "100:poweruppunch",
    "100:protect",
    "100:raindance",
    "100:rest",
    "100:return",
    "100:rockslide",
    "100:rocktomb",
    "100:round",
    "100:scald",
    "100:secretpower",
    "100:shadowclaw",
    "100:sleeptalk",
    "100:substitute",
    "100:surf",
    "100:swagger",
    "100:swordsdance",
    "100:toxic",
    "100:waterfall",
    "100:waterpulse",
    "100:whirlpool",
    "100:workup",
    "100:ancientpower",
    "100:aquatail",
    "100:attract",
    "100:bite",
    "100:blizzard",
    "100:block",
    "100:bodyslam",
    "100:counter",
    "100:crunch",
    "100:curse",
    "100:cut",
    "100:detect",
    "100:dig",
    "100:dive",
    "100:doubleedge",
    "100:doubleteam",
    "100:dynamicpunch",
    "100:endure",
    "100:focuspunch",
    "100:frustration",
    "100:headbutt",
    "100:hiddenpower",
    "100:hydrocannon",
    "100:hydropump",
    "100:icepunch",
    "100:icywind",
    "100:irontail",
    "100:leer",
    "100:lowkick",
    "100:megakick",
    "100:megapunch",
    "100:mimic",
    "100:mudslap",
    "100:protect",
    "100:rage",
    "100:raindance",
    "100:razorwind",
    "100:rest",
    "100:return",
    "100:rockslide",
    "100:scaryface",
    "100:scratch",
    "100:screech",
    "100:seismictoss",
    "100:slash",
    "100:sleeptalk",
    "100:snore",
    "100:spite",
    "100:substitute",
    "100:superpower",
    "100:surf",
    "100:swagger",
    "100:swordsdance",
    "100:thrash",
    "100:toxic",
    "100:uproar",
    "100:watergun",
    "100:waterpledge",
    "100:waterpulse",
    "100:whirlpool"
  ],
  "labels": [
    "gen2"
  ],
  "pokedex": [
    "cobblemon.species.totodile.desc"
  ],
  "evolutions": [
    {
      "id": "totodile_croconaw",
      "variant": "level_up",
      "result": "croconaw",
      "consumeHeldItem": false,
      "learnableMoves": [],
      "requirements": [
        {
          "variant": "level",
          "minLevel": 18
        }
      ]
    }
  ],
  "baseScale": 1,
  "hitbox": {
    "width": 1,
    "height": 1,
    "fixed": false
  },
  "baseFriendship": 70,
  "evYield": {
    "hp": 0,
    "attack": 1,
    "defence": 0,
    "special_attack": 0,
    "special_defence": 0,
    "speed": 0
  },
  "height": 6,
  "weight": 95,
  "aspects": [],
  "cannotDynamax": false
}