{
  "name": "Tyranitar",
  "nationalPokedexNumber": 248,
  "primaryType": "rock",
  "secondaryType": "dark",
  "abilities": [
    "sandstream",
    "h:unnerve"
  ],
  "baseStats": {
    "hp": 100,
    "attack": 134,
    "defence": 110,
    "special_attack": 95,
    "special_defence": 100,
    "speed": 61
  },
  "catchRate": 45,
  "maleRatio": 0.5,
  "shoulderMountable": false,
  "forms": [
    {
      "name": "Mega",
      "primaryType": "rock",
      "secondaryType": "dark",
      "abilities": [
        "sandstream"
      ],
      "baseStats": {
        "hp": 100,
        "attack": 164,
        "defence": 150,
        "special_attack": 95,
        "special_defence": 120,
        "speed": 71
      },
      "catchRate": 45,
      "maleRatio": 0.5,
      "baseExperienceYield": 315,
      "baseFriendship": 35,
      "evYield": {
        "hp": 0,
        "attack": 3,
        "defence": 0,
        "special_attack": 0,
        "special_defence": 0,
        "speed": 0
      },
      "experienceGroup": "slow",
      "eggCycles": 40,
      "eggGroups": [
        "monster"
      ],
      "moves": [],
      "labels": [
        "gen6",
        "mega",
        "pseudo_legendary"
      ],
      "aspects": [
        "mega"
      ],
      "height": 25,
      "weight": 2550,
      "evolutions": [],
      "cannotDynamax": false,
      "battleOnly": true
    }
  ],
  "baseExperienceYield": 300,
  "experienceGroup": "slow",
  "eggCycles": 40,
  "eggGroups": [
    "monster"
  ],
  "moves": [
    "1:bite",
    "1:firefang",
    "1:icefang",
    "1:irondefense",
    "1:leer",
    "1:rockthrow",
    "1:sandstorm",
    "1:screech",
    "1:tackle",
    "1:thunderfang",
    "14:chipaway",
    "18:stompingtantrum",
    "22:rockslide",
    "24:smackdown",
    "28:darkpulse",
    "29:thrash",
    "34:payback",
    "38:scaryface",
    "47:crunch",
    "54:stoneedge",
    "61:earthquake",
    "75:hyperbeam",
    "82:gigaimpact",
    "100:aerialace",
    "100:assurance",
    "100:attract",
    "100:avalanche",
    "100:blizzard",
    "100:bodypress",
    "100:bodyslam",
    "100:breakingswipe",
    "100:brickbreak",
    "100:brutalswing",
    "100:bulldoze",
    "100:captivate",
    "100:confide",
    "100:crunch",
    "100:cut",
    "100:darkpulse",
    "100:dig",
    "100:doubleteam",
    "100:dragonclaw",
    "100:dragondance",
    "100:dragonpulse",
    "100:dragontail",
    "100:earthpower",
    "100:earthquake",
    "100:endure",
    "100:facade",
    "100:fireblast",
    "100:firefang",
    "100:firepunch",
    "100:flamethrower",
    "100:fling",
    "100:focusblast",
    "100:focusenergy",
    "100:focuspunch",
    "100:foulplay",
    "100:frustration",
    "100:gigaimpact",
    "100:heavyslam",
    "100:helpinghand",
    "100:hiddenpower",
    "100:highhorsepower",
    "100:honeclaws",
    "100:hydropump",
    "100:hyperbeam",
    "100:icebeam",
    "100:icefang",
    "100:icepunch",
    "100:icywind",
    "100:incinerate",
    "100:irondefense",
    "100:ironhead",
    "100:irontail",
    "100:lowkick",
    "100:megakick",
    "100:megapunch",
    "100:muddywater",
    "100:mudshot",
    "100:mudslap",
    "100:naturalgift",
    "100:outrage",
    "100:payback",
    "100:powergem",
    "100:poweruppunch",
    "100:protect",
    "100:raindance",
    "100:rest",
    "100:retaliate",
    "100:return",
    "100:revenge",
    "100:roar",
    "100:rockblast",
    "100:rockclimb",
    "100:rockpolish",
    "100:rockslide",
    "100:rocksmash",
    "100:rocktomb",
    "100:round",
    "100:sandstorm",
    "100:sandtomb",
    "100:scaryface",
    "100:screech",
    "100:secretpower",
    "100:shadowclaw",
    "100:shockwave",
    "100:sleeptalk",
    "100:smackdown",
    "100:snarl",
    "100:snore",
    "100:stealthrock",
    "100:stompingtantrum",
    "100:stoneedge",
    "100:strength",
    "100:substitute",
    "100:sunnyday",
    "100:superpower",
    "100:surf",
    "100:swagger",
    "100:takedown",
    "100:taunt",
    "100:terablast",
    "100:thunder",
    "100:thunderbolt",
    "100:thunderfang",
    "100:thunderpunch",
    "100:thunderwave",
    "100:torment",
    "100:toxic",
    "100:uproar",
    "100:waterpulse",
    "100:whirlpool",
    "100:ancientpower",
    "100:aquatail",
    "100:attract",
    "100:bite",
    "100:block",
    "100:bodyslam",
    "100:counter",
    "100:crunch",
    "100:curse",
    "100:cut",
    "100:darkpulse",
    "100:detect",
    "100:dig",
    "100:doubleedge",
    "100:doubleteam",
    "100:dragonbreath",
    "100:dragonpulse",
    "100:dynamicpunch",
    "100:earthpower",
    "100:earthquake",
    "100:endure",
    "100:fireblast",
    "100:firepunch",
    "100:focuspunch",
    "100:foulplay",
    "100:frustration",
    "100:furycutter",
    "100:headbutt",
    "100:hiddenpower",
    "100:hyperbeam",
    "100:icebeam",
    "100:icepunch",
    "100:irondefense",
    "100:ironhead",
    "100:irontail",
    "100:lashout",
    "100:leer",
    "100:lowkick",
    "100:megakick",
    "100:megapunch",
    "100:mimic",
    "100:mudslap",
    "100:nightmare",
    "100:outrage",
    "100:payback",
    "100:protect",
    "100:raindance",
    "100:rest",
    "100:return",
    "100:roar",
    "100:rockslide",
    "100:rocksmash",
    "100:sandstorm",
    "100:scaryface",
    "100:screech",
    "100:seismictoss",
    "100:shockwave",
    "100:sleeptalk",
    "100:snore",
    "100:spite",
    "100:stealthrock",
    "100:stompingtantrum",
    "100:stoneedge",
    "100:strength",
    "100:substitute",
    "100:sunnyday",
    "100:superpower",
    "100:surf",
    "100:swagger",
    "100:thrash",
    "100:thunderpunch",
    "100:thunderwave",
    "100:toxic",
    "100:uproar",
    "100:waterpulse"
  ],
  "labels": [
    "gen2",
    "pseudo_legendary"
  ],
  "pokedex": [
    "cobblemon.species.tyranitar.desc"
  ],
  "preEvolution": "pupitar",
  "evolutions": [],
  "baseScale": 1,
  "hitbox": {
    "width": 1,
    "height": 1,
    "fixed": false
  },
  "baseFriendship": 35,
  "evYield": {
    "hp": 0,
    "attack": 3,
    "defence": 0,
    "special_attack": 0,
    "special_defence": 0,
    "speed": 0
  },
  "height": 20,
  "weight": 2020,
  "aspects": [],
  "cannotDynamax": false
}