{
  "implemented": true,
  "name": "Tyrogue",
  "nationalPokedexNumber": 236,
  "primaryType": "fighting",
  "abilities": [
    "guts",
    "steadfast",
    "h:vitalspirit"
  ],
  "baseStats": {
    "hp": 35,
    "attack": 35,
    "defence": 35,
    "special_attack": 35,
    "special_defence": 35,
    "speed": 35
  },
  "catchRate": 75,
  "maleRatio": 1,
  "shoulderMountable": false,
  "baseExperienceYield": 42,
  "experienceGroup": "medium_fast",
  "eggCycles": 25,
  "eggGroups": [
    "undiscovered"
  ],
  "drops": {
    "amount": "1",
    "entries": [
      {
        "item": "cobblemon:black_belt",
        "percentage": 2.5
      }
    ]
  },
  "moves": [
    "1:fakeout",
    "1:focusenergy",
    "1:foresight",
    "1:helpinghand",
    "1:tackle",
    "100:bulletpunch",
    "100:counter",
    "100:endure",
    "100:feint",
    "100:helpinghand",
    "100:highjumpkick",
    "100:machpunch",
    "100:mindreader",
    "100:pursuit",
    "100:rapidspin",
    "100:vacuumwave",
    "100:attract",
    "100:bodyslam",
    "100:brickbreak",
    "100:bulkup",
    "100:bulldoze",
    "100:captivate",
    "100:confide",
    "100:doubleteam",
    "100:earthquake",
    "100:endure",
    "100:facade",
    "100:focusenergy",
    "100:frustration",
    "100:helpinghand",
    "100:hiddenpower",
    "100:lowkick",
    "100:lowsweep",
    "100:megakick",
    "100:megapunch",
    "100:naturalgift",
    "100:protect",
    "100:raindance",
    "100:rest",
    "100:retaliate",
    "100:return",
    "100:rockslide",
    "100:rocksmash",
    "100:round",
    "100:secretpower",
    "100:sleeptalk",
    "100:snore",
    "100:strength",
    "100:substitute",
    "100:sunnyday",
    "100:swagger",
    "100:swift",
    "100:thief",
    "100:toxic",
    "100:uproar",
    "100:workup",
    "100:attract",
    "100:bodyslam",
    "100:counter",
    "100:covet",
    "100:curse",
    "100:detect",
    "100:doubleedge",
    "100:doubleteam",
    "100:endure",
    "100:fakeout",
    "100:feint",
    "100:frustration",
    "100:headbutt",
    "100:helpinghand",
    "100:hiddenpower",
    "100:highjumpkick",
    "100:laserfocus",
    "100:lowkick",
    "100:machpunch",
    "100:megakick",
    "100:mimic",
    "100:mindreader",
    "100:mudslap",
    "100:protect",
    "100:rapidspin",
    "100:rest",
    "100:return",
    "100:rockslide",
    "100:rocksmash",
    "100:roleplay",
    "100:seismictoss",
    "100:sleeptalk",
    "100:snore",
    "100:strength",
    "100:substitute",
    "100:sunnyday",
    "100:swagger",
    "100:swift",
    "100:tackle",
    "100:thief",
    "100:toxic",
    "100:uproar",
    "100:vacuumwave"
  ],
  "labels": [
    "gen2",
    "baby"
  ],
  "pokedex": [
    "cobblemon.species.tyrogue.desc"
  ],
  "evolutions": [
    {
      "id": "tyrogue_hitmonlee",
      "variant": "level_up",
      "result": "hitmonlee",
      "consumeHeldItem": false,
      "learnableMoves": [],
      "requirements": [
        {
          "variant": "level",
          "minLevel": 20
        },
        {
          "variant": "attack_defence_ratio",
          "ratio": "ATTACK_HIGHER"
        }
      ]
    },
    {
      "id": "tyrogue_hitmonchan",
      "variant": "level_up",
      "result": "hitmonchan",
      "consumeHeldItem": false,
      "learnableMoves": [],
      "requirements": [
        {
          "variant": "level",
          "minLevel": 20
        },
        {
          "variant": "attack_defence_ratio",
          "ratio": "DEFENCE_HIGHER"
        }
      ]
    },
    {
      "id": "tyrogue_hitmontop",
      "variant": "level_up",
      "result": "hitmontop",
      "consumeHeldItem": false,
      "learnableMoves": [
        "triplekick"
      ],
      "requirements": [
        {
          "variant": "level",
          "minLevel": 20
        },
        {
          "variant": "attack_defence_ratio",
          "ratio": "EQUAL"
        }
      ]
    }
  ],
  "baseScale": 0.5,
  "hitbox": {
    "width": 0.6,
    "height": 1.45,
    "fixed": false
  },
  "baseFriendship": 50,
  "evYield": {
    "hp": 0,
    "attack": 1,
    "defence": 0,
    "special_attack": 0,
    "special_defence": 0,
    "speed": 0
  },
  "height": 7,
  "weight": 210,
  "aspects": [],
  "cannotDynamax": false
}