{
  "implemented": true,
  "name": "Yanma",
  "nationalPokedexNumber": 193,
  "primaryType": "bug",
  "secondaryType": "flying",
  "abilities": [
    "speedboost",
    "compoundeyes",
    "h:frisk"
  ],
  "baseStats": {
    "hp": 65,
    "attack": 65,
    "defence": 45,
    "special_attack": 75,
    "special_defence": 45,
    "speed": 95
  },
  "catchRate": 75,
  "maleRatio": 0.5,
  "shoulderMountable": false,
  "baseExperienceYield": 78,
  "experienceGroup": "medium_fast",
  "eggCycles": 20,
  "eggGroups": [
    "bug"
  ],
  "behaviour": {
    "moving": {
      "fly": {
        "canFly": true
      },
      "walk": {
        "canWalk": false
      }
    }
  },
  "moves": [
    "1:foresight",
    "1:tackle",
    "6:quickattack",
    "12:doubleteam",
    "17:sonicboom",
    "23:hypnosis",
    "25:detect",
    "30:pursuit",
    "31:supersonic",
    "33:ancientpower",
    "34:uproar",
    "39:wingattack",
    "49:screech",
    "49:uturn",
    "54:airslash",
    "57:bugbuzz",
    "100:doubleedge",
    "100:feint",
    "100:feintattack",
    "100:leechlife",
    "100:pursuit",
    "100:reversal",
    "100:secretpower",
    "100:signalbeam",
    "100:silverwind",
    "100:whirlwind",
    "100:aerialace",
    "100:attract",
    "100:captivate",
    "100:confide",
    "100:defog",
    "100:doubleteam",
    "100:dreameater",
    "100:endure",
    "100:facade",
    "100:flash",
    "100:frustration",
    "100:gigadrain",
    "100:hiddenpower",
    "100:naturalgift",
    "100:protect",
    "100:psychic",
    "100:rest",
    "100:return",
    "100:roost",
    "100:round",
    "100:secretpower",
    "100:shadowball",
    "100:silverwind",
    "100:sleeptalk",
    "100:solarbeam",
    "100:steelwing",
    "100:substitute",
    "100:sunnyday",
    "100:swagger",
    "100:thief",
    "100:toxic",
    "100:uturn",
    "100:aircutter",
    "100:ancientpower",
    "100:attract",
    "100:bugbite",
    "100:curse",
    "100:defog",
    "100:detect",
    "100:doubleedge",
    "100:doubleteam",
    "100:dreameater",
    "100:endure",
    "100:feint",
    "100:flash",
    "100:foresight",
    "100:frustration",
    "100:gigadrain",
    "100:headbutt",
    "100:hiddenpower",
    "100:leechlife",
    "100:mimic",
    "100:ominouswind",
    "100:protect",
    "100:quickattack",
    "100:rest",
    "100:return",
    "100:reversal",
    "100:roost",
    "100:screech",
    "100:signalbeam",
    "100:sleeptalk",
    "100:snore",
    "100:solarbeam",
    "100:sonicboom",
    "100:stringshot",
    "100:substitute",
    "100:sunnyday",
    "100:supersonic",
    "100:swagger",
    "100:swift",
    "100:tackle",
    "100:tailwind",
    "100:thief",
    "100:toxic",
    "100:uproar",
    "100:whirlwind",
    "100:wingattack"
  ],
  "labels": [
    "gen2"
  ],
  "pokedex": [
    "cobblemon.species.yanma.desc"
  ],
  "evolutions": [
    {
      "id": "yanma_yanmega",
      "variant": "level_up",
      "result": "yanmega",
      "consumeHeldItem": false,
      "learnableMoves": [],
      "requirements": [
        {
          "variant": "has_move",
          "move": "ancientpower"
        }
      ]
    }
  ],
  "baseScale": 0.8,
  "hitbox": {
    "width": 1.2,
    "height": 1.1,
    "fixed": false
  },
  "baseFriendship": 70,
  "evYield": {
    "hp": 0,
    "attack": 0,
    "defence": 0,
    "special_attack": 0,
    "special_defence": 0,
    "speed": 1
  },
  "height": 12,
  "weight": 380,
  "aspects": [],
  "cannotDynamax": false
}